year_released,code_name,figure_id,figure_id,accessory_id,accessory_id,group_id,release_context,is_original,is_shared,quantity_required,quantity_owned,condition_id,notes
1982,Breaker,F001,1,A0001,1,,,,,,,,
,,F001,1,A0002,2,,,,,,,,
,,F001,1,A0003,3,,,,,,,,
1982,Breaker,F002,2,A0001,1,,,,,,,,
,,F002,2,A0002,2,,,,,,,,
,,F002,2,A0003,3,,,,,,,,
1982,Breaker,F003,3,A0001,1,,,,,,,,
,,F003,3,A0002,2,,,,,,,,
,,F003,3,A0003,3,,,,,,,,
1982,Clutch,F004,4,A0001,1,,,,,,,,
1982,Clutch,F005,5,A0001,1,,,,,,,,
1982,Clutch,F006,6,A0001,1,,,,,,,,
1982,Cobra,F007,7,A0004,4,,,,,,,,
,,F007,7,A0013,13,,,,,,,,
,,F007,7,A0014,14,,,,,,,,
,,F007,7,A0028,28,,,,,,,,
,,F007,7,A0029,29,,,,,,,,
1982,Cobra,F008,8,A0004,4,,,,,,,,
,,F008,8,A0013,13,,,,,,,,
,,F008,8,A0014,14,,,,,,,,
,,F008,8,A0028,28,,,,,,,,
,,F008,8,A0029,29,,,,,,,,
1982,Cobra Commander,F009,9,A0005,5,,,,,,,,
1982,Cobra Commander,F010,10,A0005,5,,,,,,,,
1982,Cobra Officer,F011,11,A0006,6,,,,,,,,
,,F011,11,A0018,18,,,,,,,,
,,F011,11,A0020,20,,,,,,,,
1982,Cobra Officer,F012,12,A0006,6,,,,,,,,
,,F012,12,A0018,18,,,,,,,,
,,F012,12,A0020,20,,,,,,,,
1982,Flash,F013,13,A0001,1,,,,,,,,
,,F013,13,A0007,7,,,,,,,,
,,F013,13,A0008,8,,,,,,,,
,,F013,13,A0009,9,,,,,,,,
1982,Flash,F014,14,A0001,1,,,,,,,,
,,F014,14,A0007,7,,,,,,,,
,,F014,14,A0008,8,,,,,,,,
,,F014,14,A0009,9,,,,,,,,
1982,Flash,F015,15,A0001,1,,,,,,,,
,,F015,15,A0007,7,,,,,,,,
,,F015,15,A0008,8,,,,,,,,
,,F015,15,A0009,9,,,,,,,,
1982,Grand Slam,F016,16,A0010,10,,,,,,,,
,,F016,16,A0007,7,,,,,,,,
1982,Grand Slam,F017,17,A0010,10,,,,,,,,
,,F017,17,A0007,7,,,,,,,,
1982,Grand Slam,F018,18,A0010,10,,,,,,,,
,,F018,18,A0007,7,,,,,,,,
1982,Grunt,F019,19,A0001,1,,,,,,,,
,,F019,19,A0011,11,,,,,,,,
,,F019,19,A0012,12,,,,,,,,
1982,Grunt,F020,20,A0001,1,,,,,,,,
,,F020,20,A0011,11,,,,,,,,
,,F020,20,A0012,12,,,,,,,,
1982,Grunt,F021,21,A0001,1,,,,,,,,
,,F021,21,A0011,11,,,,,,,,
,,F021,21,A0012,12,,,,,,,,
1982,Hawk,F022,22,A0001,1,,,,,,,,
,,F022,22,A0007,7,,,,,,,,
1982,Hawk,F023,23,A0001,1,,,,,,,,
,,F023,23,A0007,7,,,,,,,,
1982,Hawk,F024,24,A0001,1,,,,,,,,
,,F024,24,A0007,7,,,,,,,,
1982,Rock 'N Roll,F025,25,A0010,10,,,,,,,,
,,F025,25,A0013,13,,,,,,,,
,,F025,25,A0014,14,,,,,,,,
1982,Rock 'N Roll,F026,26,A0010,10,,,,,,,,
,,F026,26,A0013,13,,,,,,,,
,,F026,26,A0014,14,,,,,,,,
1982,Rock 'N Roll,F027,27,A0010,10,,,,,,,,
,,F027,27,A0013,13,,,,,,,,
,,F027,27,A0014,14,,,,,,,,
1982,Scarlett,F028,28,A0015,15,,,,,,,,
1982,Scarlett,F029,29,A0015,15,,,,,,,,
1982,Short-Fuze,F030,30,A0001,1,,,,,,,,
,,F030,30,A0007,7,,,,,,,,
,,F030,30,A0016,16,,,,,,,,
,,F030,30,A0017,17,,,,,,,,
,,F030,30,A0018,18,,,,,,,,
,,F030,30,A0019,19,,,,,,,,
,,F030,30,A0020,20,,,,,,,,
1982,Short-Fuze,F031,31,A0001,1,,,,,,,,
,,F031,31,A0007,7,,,,,,,,
,,F031,31,A0016,16,,,,,,,,
,,F031,31,A0017,17,,,,,,,,
,,F031,31,A0018,18,,,,,,,,
,,F031,31,A0019,19,,,,,,,,
,,F031,31,A0020,20,,,,,,,,
1982,Short-Fuze,F032,32,A0001,1,,,,,,,,
,,F032,32,A0007,7,,,,,,,,
,,F032,32,A0016,16,,,,,,,,
,,F032,32,A0017,17,,,,,,,,
,,F032,32,A0018,18,,,,,,,,
,,F032,32,A0019,19,,,,,,,,
,,F032,32,A0020,20,,,,,,,,
1982,Snake Eyes,F033,33,A0021,21,,,,,,,,
,,F033,33,A0022,22,,,,,,,,
1982,Snake Eyes,F034,34,A0021,21,,,,,,,,
,,F034,34,A0022,22,,,,,,,,
1982,Snake Eyes,F035,35,A0021,21,,,,,,,,
,,F035,35,A0022,22,,,,,,,,
1982,Stalker,F036,36,A0023,23,,,,,,,,
1982,Stalker,F037,37,A0023,23,,,,,,,,
1982,Stalker,F038,38,A0023,23,,,,,,,,
1982,Steeler,F039,39,A0025,25,,,,,,,,
,,F039,39,A0021,21,,,,,,,,
,,F039,39,A0026,26,,,,,,,,
1982,Steeler,F040,40,A0025,25,,,,,,,,
,,F040,40,A0021,21,,,,,,,,
,,F040,40,A0026,26,,,,,,,,
1982,Zap,F041,41,A0025,25,,,,,,,,
,,F041,41,A0027,27,,,,,,,,
,,F041,41,A0028,28,,,,,,,,
,,F041,41,A0029,29,,,,,,,,
1982,Zap,F042,42,A0025,25,,,,,,,,
,,F042,42,A0027,27,,,,,,,,
,,F042,42,A0028,28,,,,,,,,
,,F042,42,A0029,29,,,,,,,,
1982,Zap,F043,43,A0025,25,,,,,,,,
,,F043,43,A0027,27,,,,,,,,
,,F043,43,A0028,28,,,,,,,,
,,F043,43,A0029,29,,,,,,,,
1983,Ace,F044,44,A0030,30,,,,,,,,
1983,Airborne,F045,45,A0031,31,,,,,,,,
,,F045,45,A0032,32,,,,,,,,
,,F045,45,A0033,33,,,,,,,,
1983,Airborne,F046,46,A0031,31,,,,,,,,
,,F046,46,A0032,32,,,,,,,,
,,F046,46,A0033,33,,,,,,,,
1983,Breaker,F047,47,A0001,1,,,,,,,,
,,F047,47,A0002,2,,,,,,,,
,,F047,47,A0003,3,,,,,,,,
1983,Clutch,F048,48,A0001,1,,,,,,,,
1983,Cobra,F049,49,A0004,4,,,,,,,,
1983,Cobra Commander,F050,50,A0005,5,,,,,,,,
1983,Cobra Officer,F051,51,A0006,6,,,,,,,,
1983,Destro,F054,54,A0034,34,,,,,,,,
,,F054,54,A0035,35,,,,,,,,
1983,Destro,F055,55,A0034,34,,,,,,,,
,,F055,55,A0035,35,,,,,,,,
1983,Doc,F056,56,A0036,36,,,,,,,,
,,F056,56,A0037,37,,,,,,,,
,,F056,56,A0038,38,,,,,,,,
1983,Duke,F057,57,A0039,39,,,,,,,,
,,F057,57,A0024,24,,,,,,,,
,,F057,57,A0040,40,,,,,,,,
,,F057,57,A0032,32,,,,,,,,
,,F057,57,A0041,41,,,,,,,,
,,F057,57,A0042,42,,,,,,,,
,,F057,57,A0043,43,,,,,,,,
,,F057,57,A0044,44,,,,,,,,
1983,Duke,F058,58,A0039,39,,,,,,,,
,,F058,58,A0024,24,,,,,,,,
,,F058,58,A0040,40,,,,,,,,
,,F058,58,A0032,32,,,,,,,,
,,F058,58,A0041,41,,,,,,,,
,,F058,58,A0042,42,,,,,,,,
,,F058,58,A0043,43,,,,,,,,
,,F058,58,A0044,44,,,,,,,,
1983,Duke,F059,59,A0039,39,,,,,,,,
,,F059,59,A0024,24,,,,,,,,
,,F059,59,A0040,40,,,,,,,,
,,F059,59,A0032,32,,,,,,,,
,,F059,59,A0041,41,,,,,,,,
,,F059,59,A0042,42,,,,,,,,
,,F059,59,A0043,43,,,,,,,,
,,F059,59,A0044,44,,,,,,,,
1983,Duke,F060,60,A0039,39,,,,,,,,
,,F060,60,A0024,24,,,,,,,,
,,F060,60,A0040,40,,,,,,,,
,,F060,60,A0032,32,,,,,,,,
,,F060,60,A0041,41,,,,,,,,
,,F060,60,A0042,42,,,,,,,,
,,F060,60,A0043,43,,,,,,,,
,,F060,60,A0044,44,,,,,,,,
1983,Duke,F061,61,A0039,39,,,,,,,,
,,F061,61,A0024,24,,,,,,,,
,,F061,61,A0040,40,,,,,,,,
,,F061,61,A0032,32,,,,,,,,
,,F061,61,A0041,41,,,,,,,,
,,F061,61,A0042,42,,,,,,,,
,,F061,61,A0043,43,,,,,,,,
,,F061,61,A0044,44,,,,,,,,
1983,Flash,F062,62,A0001,1,,,,,,,,
,,F062,62,A0007,7,,,,,,,,
,,F062,62,A0008,8,,,,,,,,
,,F062,62,A0009,9,,,,,,,,
1983,Grand Slam,F063,63,A0010,10,,,,,,,,
,,F063,63,A0007,7,,,,,,,,
1983,Grand Slam,F064,64,A0010,10,,,,,,,,
,,F064,64,A0007,7,,,,,,,,
,,F064,64,A0045,45,,,,,,,,
,,F064,64,A0046,46,,,,,,,,
,,F064,64,A0047,47,,,,,,,,
1983,Grunt,F065,65,A0001,1,,,,,,,,
,,F065,65,A0011,11,,,,,,,,
,,F065,65,A0012,12,,,,,,,,
1983,Grunt,F066,66,A0048,48,,,,,,,,
1983,Gung-Ho,F067,67,A0049,49,,,,,,,,
,,F067,67,A0050,50,,,,,,,,
1983,Hawk,F069,69,A0001,1,,,,,,,,
,,F069,69,A0007,7,,,,,,,,
1983,Major Bludd,F070,70,A0051,51,,,,,,,,
,,F070,70,A0052,52,,,,,,,,
1983,Rock 'N Roll,F071,71,A0010,10,,,,,,,,
,,F071,71,A0013,13,,,,,,,,
,,F071,71,A0014,14,,,,,,,,
1983,Scarlett,F072,72,A0015,15,,,,,,,,
1983,Short-Fuze,F073,73,A0001,1,,,,,,,,
,,F073,73,A0007,7,,,,,,,,
,,F073,73,A0016,16,,,,,,,,
,,F073,73,A0017,17,,,,,,,,
,,F073,73,A0018,18,,,,,,,,
,,F073,73,A0019,19,,,,,,,,
,,F073,73,A0020,20,,,,,,,,
1983,Snake Eyes,F074,74,A0021,21,,,,,,,,
,,F074,74,A0022,22,,,,,,,,
1983,Snow Job,F075,75,A0053,53,,,,,,,,
,,F075,75,A0054,54,,,,,,,,
,,F075,75,A0055,55,,,,,2,,,
,,F075,75,A0056,56,,,,,2,,,
1983,Stalker,F076,76,A0023,23,,,,,,,,
1983,Stalker,F077,77,A0023,23,,,,,,,,
1983,Steeler,F078,78,A0024,24,,,,,,,,
,,F078,78,A0025,25,,,,,,,,
,,F078,78,A0021,21,,,,,,,,
1983,Torpedo,F079,79,A0057,57,,,,,,,,
,,F079,79,A0058,58,,,,,,,,
,,F079,79,A0059,59,,,,,2,,,
1983,Tripwire,F080,80,A0060,60,,,,,,,,
,,F080,80,A0061,61,,,,,,,,
,,F080,80,A0062,62,,,,,3,,,
1983,Tripwire,F081,81,A0060,60,,,,,,,,
,,F081,81,A0061,61,,,,,,,,
,,F081,81,A0062,62,,,,,3,,,
1983,Zap,F084,84,A0025,25,,,,,,,,
,,F084,84,A0027,27,,,,,,,,
,,F084,84,A0028,28,,,,,,,,
,,F084,84,A0029,29,,,,,,,,
1984,Baroness,F085,85,A0063,63,,,,,,,,
,,F085,85,A0064,64,,,,,,,,
1984,Blowtorch,F086,86,A0065,65,8401,,,,,,,
,,F086,86,A0066,66,8401,,,,,,,
,,F086,86,A0067,67,,,,,,,,
,,F086,86,A0068,68,,,,,,,,
,,F086,86,A0069,69,8402,,,,,,,
,,F086,86,A0070,70,8402,,,,,,,
1984,Blowtorch,F087,87,A0065,65,8401,,,,,,,
,,F087,87,A0066,66,8401,,,,,,,
,,F087,87,A0067,67,,,,,,,,
,,F087,87,A0068,68,,,,,,,,
,,F087,87,A0069,69,8402,,,,,,,
,,F087,87,A0070,70,8402,,,,,,,
1984,Blowtorch,F088,88,A0065,65,8401,,,,,,,
,,F088,88,A0066,66,8401,,,,,,,
,,F088,88,A0067,67,,,,,,,,
,,F088,88,A0068,68,,,,,,,,
,,F088,88,A0069,69,8402,,,,,,,
,,F088,88,A0070,70,8402,,,,,,,
1984,Clutch,F089,89,A0071,71,,,,,,,,
1984,Cobra Commander,F090,90,A0005,5,,,,,,,,
1984,Deep Six,F095,95,A0072,72,,,,,,,,
,,F095,95,A0073,73,,,,,,,,
,,F095,95,A0074,74,,,,,,,,
,,F095,95,A0075,75,,,,,,,,
,,F095,95,A1905,1905,,,,,,,,
1984,Firefly,F096,96,A0076,76,,,,,,,,
,,F096,96,A0077,77,,,,,,,,
,,F096,96,A0078,78,8403,,,,,,,
,,F096,96,A0079,79,8404,,,,,,,
,,F096,96,A0080,80,8403,,,,,,,
,,F096,96,A0081,81,8404,,,,,,,
1984,Firefly,F097,97,A0076,76,,,,,,,,
,,F097,97,A0077,77,,,,,,,,
,,F097,97,A0078,78,8403,,,,,,,
,,F097,97,A0079,79,8404,,,,,,,
,,F097,97,A0080,80,8403,,,,,,,
,,F097,97,A0081,81,8404,,,,,,,
1984,Mutt,F098,98,A0082,82,8405,,,,,,,
,,F098,98,A0083,83,8405,,,,,,,
,,F098,98,A0084,84,,,,,,,,
,,F098,98,A0085,85,,,,,,,,
,,F098,98,A0086,86,,,,,,,,
,,F098,98,A0087,87,,,,,,,,
,,F098,98,A0088,88,,,,,,,,
1984,Recondo,F099,99,A0089,89,8406,,,,,,,
,,F099,99,A0090,90,8407,,,,,,,
,,F099,99,A0091,91,8406,,,,,,,
,,F099,99,A0092,92,8407,,,,,,,
1984,Recondo,F100,100,A0089,89,8406,,,,,,,
,,F100,100,A0090,90,8407,,,,,,,
,,F100,100,A0091,91,8406,,,,,,,
,,F100,100,A0092,92,8407,,,,,,,
1984,Rip Cord,F101,101,A0093,93,8408,,,,,,,
,,F101,101,A0094,94,8408,,,,,,,
,,F101,101,A0095,95,,,,,,,,
,,F101,101,A0096,96,,,,,,,,
,,F101,101,A0097,97,8409,,,,,,,
,,F101,101,A0098,98,8409,,,,,,,
1984,Roadblock,F102,102,A0039,39,,,,,,,,
,,F102,102,A0099,99,,,,,,,,
,,F102,102,A0100,100,,,,,,,,
,,F102,102,A0101,101,8410,,,,,,,
,,F102,102,A0102,102,8411,,,,,,,
,,F102,102,A0103,103,8410,,,,,,,
,,F102,102,A0104,104,8411,,,,,,,
1984,Scrap-Iron,F103,103,A0105,105,,,,,,,,
,,F103,103,A0106,106,,,,,,,,
,,F103,103,A0107,107,,,,,,,,
,,F103,103,A0108,108,,,,,,,,
,,F103,103,A0109,109,,,,,2,,,
,,F103,103,A0110,110,,,,,2,,,
,,F103,103,A0111,111,8412,,,,,,,
,,F103,103,A0112,112,8412,,,,,,,
1984,Spirit,F104,104,A0113,113,8413,,,,,,,
,,F104,104,A0114,114,8414,,,,,,,
,,F104,104,A0115,115,8413,,,,,,,
,,F104,104,A0116,116,8414,,,,,,,
,,F104,104,A0117,117,,,,,,,,
,,F104,104,A0118,118,,,,,,,,
,,F104,104,A0119,119,,,,,,,,
1984,Spirit,F105,105,A0113,113,8413,,,,,,,
,,F105,105,A0114,114,8414,,,,,,,
,,F105,105,A0115,115,8413,,,,,,,
,,F105,105,A0116,116,8414,,,,,,,
,,F105,105,A0117,117,,,,,,,,
,,F105,105,A0118,118,,,,,,,,
,,F105,105,A0119,119,,,,,,,,
,,F107,107,A0120,120,,,,,,,,
,,F107,107,A0121,121,,,,,,,,
,,F107,107,A0122,122,,,,,,,,
,,F107,107,A0123,123,,,,,,,,
,,F107,107,A0124,124,,,,,,,,
1984,Thunder,F108,108,A0125,125,8415,,,,,,,
,,F108,108,A0126,126,8415,,,,,,,
,,F108,108,A0127,127,,,,,,,,
,,F108,108,A0128,128,,,,,,,,
1984,Tollbooth,F109,109,A0129,129,,,,,,,,
1984,Zartan,F112,112,A0130,130,,,,,,,,
,,F112,112,A0131,131,,,,,,,,
,,F112,112,A0132,132,,,,,,,,
,,F112,112,A0133,133,,,,,,,,
,,F112,112,A0134,134,,,,,,,,
,,F112,112,A0135,135,,,,,,,,
,,F112,112,A0136,136,8416,,,,,,,
,,F112,112,A0137,137,8416,,,,2,,,
,,F112,112,A0138,138,8417,,,,2,,,
,,F112,112,A0139,139,8417,,,,,,,
1985,Airtight,F113,113,A0140,140,,,,,,,,
,,F113,113,A0141,141,,,,,,,,
,,F113,113,A0142,142,,,,,,,,
,,F113,113,A1902,1902,,,,,,,,
1985,Alpine,F114,114,A0143,143,,,,,,,,
,,F114,114,A0144,144,,,,,,,,
,,F114,114,A0145,145,,,,,,,,
,,F114,114,A0146,146,,,,,,,,
,,F114,114,A0147,147,,,,,2,,,
,,F114,114,A1905,1905,,,,,,,,
1985,Barbecue,F115,115,A0148,148,,,,,,,,
,,F115,115,A0149,149,,,,,,,,
,,F115,115,A0150,150,,,,,,,,
,,F115,115,A0151,151,,,,,,,,
,,F115,115,A1902,1902,,,,,,,,
1985,Bazooka,F116,116,A0152,152,,,,,,,,
,,F116,116,A0153,153,,,,,,,,
,,F116,116,A0154,154,,,,,,,,
1985,Bazooka,F117,117,A0152,152,,,,,,,,
,,F117,117,A0153,153,,,,,,,,
,,F117,117,A0154,154,,,,,,,,
1985,Buzzer,F118,118,A0155,155,,,,,,,,
,,F118,118,A0156,156,,,,,,,,
,,F118,118,A0157,157,,,,,,,,
,,F118,118,A0158,158,,,,,,,,
1985,Crankcase,F119,119,A0159,159,,,,,,,,
,,F119,119,A0160,160,,,,,,,,
1985,Crimson Guard,F120,120,A0161,161,8501,,,,,,,
,,F120,120,A0162,162,8501,,,,,,,
,,F120,120,A0163,163,8501,,,,,,,
,,F120,120,A0164,164,,,,,,,,
1985,Crimson Guard,F121,121,A0161,161,8501,,,,,,,
,,F121,121,A0162,162,8501,,,,,,,
,,F121,121,A0163,163,8501,,,,,,,
,,F121,121,A0164,164,,,,,,,,
1985,Dusty,F122,122,A0165,165,,,,,,,,
,,F122,122,A0166,166,,,,,,,,
,,F122,122,A0167,167,,,,,,,,
1985,Eels,F123,123,A0168,168,,,,,,,,
,,F123,123,A0169,169,,,,,,,,
,,F123,123,A0170,170,,,,,,,,
,,F123,123,A0171,171,,,,,,,,
,,F123,123,A0172,172,,,,,2,,,
1985,Eels,F124,124,A0168,168,,,,,,,,
,,F124,124,A0169,169,,,,,,,,
,,F124,124,A0170,170,,,,,,,,
,,F124,124,A0171,171,,,,,,,,
,,F124,124,A0172,172,,,,,2,,,
1985,Flint,F125,125,A0173,173,,,,,,,,
,,F125,125,A0174,174,,,,,,,,
1985,Footloose,F126,126,A0175,175,,,,,,,,
,,F126,126,A0176,176,,,,,,,,
,,F126,126,A0177,177,,,,,,,,
,,F126,126,A0178,178,,,,,,,,
1985,Frostbite,F127,127,A0179,179,,,,,,,,
1985,Frostbite,F128,128,A0179,179,,,,,,,,
1985,Heavy Metal,F129,129,A0180,180,,,,,,,,
,,F129,129,A0181,181,,,,,,,,
1985,Keel-Haul,F130,130,A0182,182,,,,,,,,
1985,Lady Jaye,F131,131,A0183,183,,,,,,,,
,,F131,131,A0184,184,,,,,,,,
,,F131,131,A0185,185,,,,,,,,
1985,Lampreys,F132,132,A0186,186,,,,,,,,
1985,Quick Kick,F133,133,A0187,187,,,,,,,,
,,F133,133,A0189,189,,,,,,,,
,,F133,133,A0191,191,,,,,,,,
1985,Ripper,F134,134,A0193,193,,,,,,,,
,,F134,134,A0194,194,,,,,,,,
,,F134,134,A0195,195,,,,,,,,
,,F134,134,A0196,196,,,,,,,,
,,F134,134,A1902,1902,,,,,,,,
1985,Shipwreck,F135,135,A0197,197,,,,,,,,
,,F135,135,A0198,198,,,,,2,,,
,,F135,135,A0199,199,,,,,,,,
,,F135,135,A1905,1905,,,,,,,,
,,F135,135,A0200,200,,,,,,,,
,,F135,135,A0201,201,,,,,,,,
1985,Snake Eyes,F136,136,A0202,202,,,,,,,,
,,F136,136,A0203,203,,,,,,,,
,,F136,136,A0204,204,,,,,,,,
,,F136,136,A0205,205,,,,,,,,
1985,Snow Serpent,F137,137,A0206,206,,,,,,,,
,,F137,137,A0207,207,,,,,,,,
,,F137,137,A0208,208,,,,,,,,
,,F137,137,A0209,209,,,,,2,,,
,,F137,137,A0210,210,,,,,,,,
,,F137,137,A0211,211,,,,,,,,
1985,Starduster,F138,138,A0212,212,,,,,,,,
,,F138,138,A0213,213,,,,,,,,
,,F138,138,A0045,45,,,,,,,,
,,F138,138,A0214,214,,,,,,,,
1985,Tele-Vipers,F139,139,A0215,215,,,,,,,,
,,F139,139,A0216,216,,,,,,,,
,,F139,139,A1902,1902,,,,,,,,
1985,Tomax,F140,140,A0217,217,,,,,,,,
,,F140,140,A0218,218,,,,,,,,
,,F140,140,A1905,1905,,,,,,,,
1985,Torch,F141,141,A0219,219,,,,,,,,
,,F141,141,A0220,220,,,,,,,,
1985,Tripwire,F142,142,A0221,221,,,,,,,,
,,F142,142,A0222,222,,,,,,,,
,,F142,142,A0223,223,,,,,3,,,
,,F142,142,A0224,224,,,,,,,,
1985,Xamot,F143,143,A0217,217,,,,,,,,
,,F143,143,A0218,218,,,,,,,,
,,F143,143,A1905,1905,,,,,,,,
1985,Xamot,F144,144,A0217,217,,,,,,,,
,,F144,144,A0218,218,,,,,,,,
,,F144,144,A1905,1905,,,,,,,,
1986,A.V.A.C.,F145,145,A0225,225,8601,,,,,,,
,,F145,145,A0226,226,8601,,,,,,,
1986,B.A.T.S.,F146,146,A0227,227,,,,,,,,
,,F146,146,A0228,228,,,,,,,,
,,F146,146,A0229,229,,,,,,,,
,,F146,146,A0230,230,,,,,,,,
,,F146,146,A0231,231,,,,,,,,
1986,B.A.T.S.,F147,147,A0227,227,,,,,,,,
,,F147,147,A0228,228,,,,,,,,
,,F147,147,A0229,229,,,,,,,,
,,F147,147,A0230,230,,,,,,,,
,,F147,147,A0231,231,,,,,,,,
1986,Beach Head,F148,148,A0232,232,,,,,,,,
,,F148,148,A0233,233,,,,,,,,
,,F148,148,A0234,234,,,,,,,,
1986,Claymore,F149,149,A0235,235,,,,,,,,
,,F149,149,A0021,21,,,,,,,,
,,F149,149,A0236,236,,,,,,,,
1986,Dial-Tone,F152,152,A0237,237,,,,,,,,
,,F152,152,A0238,238,,,,,,,,
,,F152,152,A0239,239,,,,,,,,
1986,Dial-Tone,F153,153,A0237,237,,,,,,,,
,,F153,153,A0238,238,,,,,,,,
,,F153,153,A0239,239,,,,,,,,
,,F153,153,A0236,236,,,,,,,,
1986,Dr. Mindbender,F154,154,A0240,240,,,,,,,,
,,F154,154,A0241,241,,,,,,,,
,,F154,154,A0242,242,,,,,,,,
,,F154,154,A1902,1902,,,,,,,,
,,F154,154,A0243,243,,,,,,,,
,,F154,154,A0244,244,,,,,,,,
1986,Hawk,F155,155,A0245,245,,,,,,,,
,,F155,155,A0246,246,,,,,,,,
,,F155,155,A0247,247,,,,,,,,
1986,Iceberg,F156,156,A0248,248,,,,,,,,
1986,Leatherneck,F157,157,A0249,249,,,,,,,,
,,F157,157,A0250,250,,,,,,,,
1986,Leatherneck,F158,158,A0249,249,,,,,,,,
,,F158,158,A0250,250,,,,,,,,
,,F158,158,A0236,236,,,,,,,,
1986,Lifeline,F159,159,A0251,251,,,,,,,,
,,F159,159,A0252,252,,,,,,,,
,,F159,159,A0253,253,,,,,,,,
,,F159,159,A0254,254,,,,,,,,
1986,Lift-Ticket,F160,160,A0255,255,,,,,,,,
1986,Low-Light,F161,161,A0256,256,,,,,,,,
,,F161,161,A0257,257,,,,,,,,
,,F161,161,A0258,258,,,,,,,,
,,F161,161,A0259,259,,,,,,,,
1986,Mainframe,F162,162,A0260,260,,,,,,,,
,,F162,162,A0261,261,,,,,,,,
,,F162,162,A0262,262,,,,,,,,
,,F162,162,A1902,1902,,,,,,,,
1986,Mainframe,F163,163,A0260,260,,,,,,,,
,,F163,163,A0261,261,,,,,,,,
,,F163,163,A0262,262,,,,,,,,
,,F163,163,A1902,1902,,,,,,,,
,,F163,163,A0236,236,,,,,,,,
1986,Monkeywrench,F164,164,A0263,263,,,,,,,,
1986,Roadblock,F167,167,A0264,264,,,,,,,,
,,F167,167,A0265,265,,,,,,,,
1986,Sci-Fi,F168,168,A0266,266,,,,,,,,
,,F168,168,A0267,267,,,,,,,,
,,F168,168,A1902,1902,,,,,,,,
1986,Serpentor,F169,169,A0268,268,,,,,,,,
,,F169,169,A0269,269,,,,,,,,
,,F169,169,A0270,270,,,,,,,,
,,F169,169,A0271,271,,,,,,,,
,,F169,169,A0272,272,,,,,,,,
,,F169,169,A0273,273,,,,,,,,
,,F169,169,A0274,274,,,,,,,,
,,F169,169,A0275,275,,,,,,,,
1986,Serpentor,F170,170,A0268,268,,,,,,,,
,,F170,170,A0269,269,,,,,,,,
,,F170,170,A0270,270,,,,,,,,
,,F170,170,A0271,271,,,,,,,,
,,F170,170,A0272,272,,,,,,,,
,,F170,170,A0273,273,,,,,,,,
,,F170,170,A0274,274,,,,,,,,
,,F170,170,A0275,275,,,,,,,,
1986,Sgt. Slaughter,F171,171,A0276,276,,,,,,,,
1986,Sgt. Slaughter,F172,172,A0276,276,,,,,,,,
1986,Sgt. Slaughter,F173,173,A0276,276,,,,,,,,
1986,Thrasher,F177,177,A0277,277,,,,,,,,
1986,Vipers,F178,178,A0278,278,,,,,,,,
,,F178,178,A0279,279,,,,,,,,
1986,Wet-Suit,F179,179,A0280,280,,,,,,,,
,,F179,179,A0281,281,,,,,,,,
,,F179,179,A0282,282,,,,,,,,
,,F179,179,A0283,283,,,,,,,,
,,F179,179,A0172,172,,,,,2,,,
1986,Wet-Suit,F180,180,A0280,280,,,,,,,,
,,F180,180,A0281,281,,,,,,,,
,,F180,180,A0282,282,,,,,,,,
,,F180,180,A0283,283,,,,,,,,
,,F180,180,A0172,172,,,,,2,,,
,,F180,180,A0236,236,,,,,,,,
1986,Zandar,F181,181,A0284,284,,,,,,,,
,,F181,181,A0285,285,,,,,,,,
1986,Zarana,F183,183,A0286,286,,,,,,,,
,,F183,183,A0287,287,,,,,,,,
1986,Zarana,F184,184,A0286,286,,,,,,,,
,,F184,184,A0287,287,,,,,,,,
1987,Avalanche,F185,185,A0288,288,,,,,,,,
,,F185,185,A0289,289,,,,,,,,
1987,Avalanche,F186,186,A0288,288,,,,,,,,
,,F186,186,A0289,289,,,,,,,,
1987,Back-Stop,F187,187,A0290,290,,,,,,,,
,,F187,187,A0291,291,,,,,,,,
1987,Big Boa,F188,188,A0292,292,,,,,,,,
,,F188,188,A0293,293,,,,,,,,
,,F188,188,A0294,294,,,,,,,,
,,F188,188,A0295,295,,,,,,,,
,,F188,188,A0296,296,,,,,,,,
1987,Blaster,F189,189,A0297,297,,,,,,,,
,,F189,189,A0298,298,,,,,,,,
1987,Blocker,F190,190,A0297,297,,,,,,,,
,,F190,190,A0298,298,,,,,,,,
1987,Blocker,F191,191,A0299,299,,,,,,,,
,,F191,191,A0300,300,,,,,,,,
1987,Chuckles,F192,192,A0301,301,,,,,,,,
,,F192,192,A0302,302,,,,,,,,
1987,Cobra Commander,F193,193,A0303,303,,,,,,,,
,,F193,193,A0304,304,,,,,,,,
,,F193,193,A0305,305,,,,,,,,
1987,Cobra Commander,F194,194,A0303,303,,,,,,,,
,,F194,194,A0304,304,,,,,,,,
,,F194,194,A0305,305,,,,,,,,
1987,Crazylegs,F195,195,A0306,306,,,,,,,,
,,F195,195,A0307,307,,,,,,,,
,,F195,195,A0308,308,,,,,,,,
1987,Croc Master,F196,196,A0309,309,,,,,,,,
,,F196,196,A0310,310,,,,,,,,
,,F196,196,A0311,311,,,,,,,,
,,F196,196,A0312,312,,,,,,,,
1987,Crystal Ball,F197,197,A0313,313,,,,,,,,
1987,Dodger,F198,198,A0314,314,,,,,,,,
,,F198,198,A0315,315,,,,,,,,
,,F198,198,A0316,316,,,,,,,,
1987,Falcon,F199,199,A0317,317,,,,,,,,
,,F199,199,A0318,318,,,,,,,,
,,F199,199,A0319,319,,,,,,,,
,,F199,199,A0320,320,,,,,,,,
1987,Fast Draw,F200,200,A0321,321,,,,,,,,
,,F200,200,A0322,322,,,,,,,,
,,F200,200,A0323,323,,,,,,,,
,,F200,200,A0324,324,,,,,2,,,
,,F200,200,A0325,325,,,,,2,,,
,,F200,200,A1902,1902,,,,,2,,,
1987,Golobulus,F201,201,A0326,326,,,,,,,,
1987,Golobulus,F202,202,A0326,326,,,,,,,,
1987,Gung-Ho,F203,203,A0327,327,,,,,,,,
,,F203,203,A0328,328,,,,,,,,
1987,Gyro-Viper,F204,204,A0329,329,,,,,,,,
1987,Hardtop,F205,205,A0330,330,,,,,,,,
,,F205,205,A0331,331,,,,,,,,
1987,Ice Viper,F206,206,A0332,332,,,,,,,,
,,F206,206,A0333,333,,,,,2,,,
1987,Jinx,F207,207,A0334,334,,,,,,,,
,,F207,207,A0335,335,,,,,2,,,
,,F207,207,A0336,336,,,,,,,,
1987,Knockdown,F208,208,A0337,337,,,,,,,,
,,F208,208,A0338,338,,,,,,,,
1987,Law & Order,F209,209,A0339,339,,,,,,,,
,,F209,209,A0257,257,,,,,,,,
,,F209,209,A0340,340,,,,,,,,
,,F209,209,A0341,341,,,,,,,,
,,F209,209,A0342,342,,,,,,,,
1987,Maverick,F210,210,A0343,343,,,,,,,,
,,F210,210,A0344,344,,,,,,,,
1987,Mercer,F211,211,A0345,345,,,,,,,,
,,F211,211,A0346,346,,,,,,,,
1987,Nemesis Enforcer,F212,212,A0347,347,,,,,,,,
,,F212,212,A0348,348,,,,,,,,
1987,Outback,F213,213,A0349,349,,,,,,,,
,,F213,213,A0350,350,,,,,,,,
,,F213,213,A0351,351,,,,,,,,
,,F213,213,A0352,352,,,,,,,,
1987,Payload,F214,214,A0353,353,,,,,,,,
,,F214,214,A0354,354,,,,,,,,
,,F214,214,A0355,355,,,,,2,,,
1987,Psyche-Out,F215,215,A0356,356,,,,,,,,
,,F215,215,A0357,357,,,,,,,,
,,F215,215,A0358,358,,,,,,,,
,,F215,215,A0359,359,,,,,,,,
,,F215,215,A0360,360,,,,,,,,
,,F215,215,A0361,361,,,,,2,,,
,,F215,215,A0362,362,,,,,2,,,
1987,Raptor,F216,216,A0363,363,,,,,,,,
,,F216,216,A0364,364,,,,,,,,
,,F216,216,A0365,365,,,,,,,,
1987,Red Dog,F217,217,A0366,366,,,,,,,,
,,F217,217,A0367,367,,,,,,,,
1987,Royal Guard,F218,218,A0368,368,,,,,,,,
,,F218,218,A0369,369,,,,,,,,
,,F218,218,A0370,370,,,,,,,,
1987,Rumbler,F219,219,A0371,371,,,,,,,,
,,F219,219,A0372,372,,,,,,,,
1987,Sea Slug,F220,220,A0373,373,,,,,,,,
1987,Sneak Peek,F221,221,A0374,374,,,,,,,,
,,F221,221,A0177,177,,,,,,,,
,,F221,221,A0375,375,,,,,,,,
,,F221,221,A0376,376,,,,,,,,
,,F221,221,A0377,377,,,,,,,,
,,F221,221,A0378,378,,,,,,,,
,,F221,221,A0379,379,,,,,,,,
1987,Steam-Roller,F222,222,A0380,380,,,,,,,,
1987,Steam-Roller,F223,223,A0380,380,,,,,,,,
1987,Steel Brigade,F224,224,A0381,381,,,,,,,,
,,F224,224,A0382,382,,,,,,,,
1987,Taurus,F225,225,A0384,384,,,,,,,,
,,F225,225,A0385,385,,,,,,,,
1987,Techno-Viper,F226,226,A0386,386,,,,,,,,
,,F226,226,A0387,387,,,,,,,,
,,F226,226,A0388,388,,,,,,,,
,,F226,226,A0389,389,,,,,,,,
,,F226,226,A0390,390,,,,,,,,
,,F226,226,A1902,1902,,,,,2,,,
1987,The Fridge,F227,227,A0391,391,,,,,,,,
1987,The Fridge,F228,228,A0391,391,,,,,,,,
1987,The Fridge,F229,229,A0391,391,,,,,,,,
1987,Tunnel Rat,F230,230,A0392,392,,,,,,,,
,,F230,230,A0393,393,,,,,,,,
,,F230,230,A0394,394,,,,,,,,
,,F230,230,A0395,395,,,,,2,,,
1987,W.O.R.M.S.,F231,231,A0396,396,,,,,,,,
,,F231,231,A0397,397,,,,,,,,
1987,Zanzibar,F232,232,A0398,398,,,,,,,,
,,F232,232,A0399,399,,,,,,,,
,,F232,232,A0400,400,,,,,,,,
1987,Zanzibar,F233,233,A0398,398,,,,,,,,
,,F233,233,A0399,399,,,,,,,,
,,F233,233,A0400,400,,,,,,,,
1988,Astro-Viper,F236,236,A0401,401,,,,,,,,
,,F236,236,A0402,402,,,,,,,,
,,F236,236,A0403,403,,,,,2,,,
,,F236,236,A0404,404,,,,,2,,,
,,F236,236,A1900,1900,,,,,,,,
1988,Bazooka,F237,237,A0405,405,,,,,,,,
,,F237,237,A0406,406,,,,,,,,
,,F237,237,A0154,154,,,,,,,,
1988,Blizzard,F238,238,A0407,407,,,,,,,,
,,F238,238,A0408,408,,,,,,,,
,,F238,238,A0409,409,,,,,2,,,
,,F238,238,A0410,410,,,,,,,,
,,F238,238,A0411,411,,,,,,,,
,,F238,238,A0412,412,,,,,2,,,
,,F238,238,A0413,413,,,,,2,,,
1988,Blizzard,F239,239,A0407,407,,,,,,,,
,,F239,239,A0408,408,,,,,,,,
,,F239,239,A0409,409,,,,,2,,,
,,F239,239,A0410,410,,,,,,,,
,,F239,239,A0411,411,,,,,,,,
,,F239,239,A0412,412,,,,,2,,,
,,F239,239,A0413,413,,,,,2,,,
1988,Budo,F240,240,A0414,414,,,,,,,,
,,F240,240,A0415,415,,,,,,,,
,,F240,240,A0416,416,,,,,,,,
,,F240,240,A0417,417,,,,,,,,
,,F240,240,A0418,418,,,,,,,,
1988,Charbroil,F241,241,A0419,419,,,,,,,,
,,F241,241,A0420,420,,,,,,,,
,,F241,241,A0421,421,,,,,,,,
,,F241,241,A0422,422,,,,,,,,
1988,Charbroil,F242,242,A0419,419,,,,,,,,
,,F242,242,A0420,420,,,,,,,,
,,F242,242,A0421,421,,,,,,,,
,,F242,242,A0422,422,,,,,,,,
1988,Crazylegs,F243,243,A0423,423,,,,,,,,
,,F243,243,A0307,307,,,,,,,,
,,F243,243,A0308,308,,,,,,,,
1988,Destro,F244,244,A0424,424,,,,,,,,
1988,Duke,F245,245,A0048,48,,,,,,,,
,,F245,245,A0381,381,,,,,,,,
,,F245,245,A0023,23,,,,,,,,
,,F245,245,A0043,43,,,,,,,,
1988,Dusty,F246,246,A0425,425,,,,,,,,
,,F246,246,A0166,166,,,,,,,,
,,F246,246,A0167,167,,,,,,,,
1988,Flint,F248,248,A0426,426,,,,,,,,
,,F248,248,A0427,427,,,,,,,,
1988,Frostbite,F249,249,A0179,179,,,,,,,,
1988,Frostbite,F250,250,A0179,179,,,,,,,,
1988,Frostbite,F251,251,A0179,179,,,,,,,,
1988,Ghostrider,F252,252,A0428,428,,,,,,,,
1988,Hardball,F253,253,A0429,429,,,,,,,,
,,F253,253,A0430,430,,,,,,,,
,,F253,253,A0431,431,,,,,,,,
1988,Hit & Run,F254,254,A0432,432,,,,,,,,
,,F254,254,A0433,433,,,,,,,,
,,F254,254,A0434,434,,,,,,,,
,,F254,254,A0435,435,,,,,,,,
,,F254,254,A0436,436,,,,,,,,
,,F254,254,A0437,437,,,,,,,,
,,F254,254,A1905,1905,,,,,,,,
1988,Hydro-Vipers (Demon of the Deep),F255,255,A0438,438,,,,,,,,
,,F255,255,A0439,439,,,,,,,,
,,F255,255,A0440,440,,,,,,,,
,,F255,255,A0441,441,,,,,,,,
,,F255,255,A0442,442,,,,,,,,
,,F255,255,A1900,1900,,,,,,,,
,,F255,255,A0443,443,,,,,,,,
1988,Iron Grenadiers,F256,256,A0444,444,,,,,,,,
,,F256,256,A0445,445,,,,,,,,
,,F256,256,A0446,446,,,,,,,,
1988,Lifeline,F257,257,A0251,251,,,,,,,,
,,F257,257,A0447,447,,,,,,,,
,,F257,257,A0448,448,,,,,,,,
,,F257,257,A0449,449,,,,,,,,
1988,Lightfoot,F258,258,A0450,450,,,,,,,,
,,F258,258,A0451,451,,,,,,,,
,,F258,258,A0452,452,,,,,,,,
,,F258,258,A0453,453,,,,,,,,
,,F258,258,A0454,454,,,,,,,,
1988,Lt. Falcon,F259,259,A0455,455,,,,,,,,
,,F259,259,A0456,456,,,,,,,,
,,F259,259,A0319,319,,,,,,,,
,,F259,259,A0320,320,,,,,,,,
1988,Muskrat,F260,260,A0457,457,,,,,,,,
,,F260,260,A0458,458,,,,,,,,
,,F260,260,A0459,459,,,,,,,,
1988,Nullifier,F261,261,A0460,460,,,,,,,,
1988,Outback,F262,262,A0461,461,,,,,,,,
,,F262,262,A0350,350,,,,,,,,
,,F262,262,A0462,462,,,,,,,,
,,F262,262,A0463,463,,,,,,,,
1988,Psyche-Out,F263,263,A0356,356,,,,,,,,
,,F263,263,A0464,464,,,,,,,,
,,F263,263,A0358,358,,,,,,,,
,,F263,263,A0465,465,,,,,,,,
,,F263,263,A0466,466,,,,,,,,
,,F263,263,A0467,467,,,,,2,,,
,,F263,263,A0468,468,,,,,2,,,
1988,Recondo,F264,264,A0469,469,,,,,,,,
,,F264,264,A0470,470,,,,,,,,
1988,Repeater,F265,265,A0471,471,,,,,,,,
,,F265,265,A0472,472,,,,,,,,
,,F265,265,A0473,473,,,,,,,,
1988,Road Pig,F266,266,A0474,474,,,,,,,,
,,F266,266,A0475,475,,,,,,,,
,,F266,266,A0476,476,,,,,,,,
,,F266,266,A0477,477,,,,,,,,
1988,Roadblock,F267,267,A0478,478,,,,,,,,
,,F267,267,A0479,479,,,,,,,,
,,F267,267,A0480,480,,,,,,,,
,,F267,267,A0481,481,,,,,,,,
,,F267,267,A0482,482,,,,,,,,
1988,Secto-Viper,F268,268,A0483,483,,,,,,,,
,,F268,268,A0484,484,,,,,,,,
1988,Sgt. Slaughter,F269,269,A0485,485,,,,,,,,
1988,Shockwave,F270,270,A0486,486,,,,,,,,
,,F270,270,A0487,487,,,,,,,,
,,F270,270,A0488,488,,,,,,,,
,,F270,270,A0489,489,,,,,,,,
1988,Skystriker,F272,272,A0490,490,,,,,,,,
,,F272,272,A0491,491,,,,,,,,
,,F272,272,A0492,492,,,,,,,,
1988,Skystriker,F273,273,A0490,490,,,,,,,,
,,F273,273,A0491,491,,,,,,,,
,,F273,273,A0492,492,,,,,,,,
1988,Sneak Peek,F274,274,A0374,374,,,,,,,,
,,F274,274,A0177,177,,,,,,,,
,,F274,274,A0375,375,,,,,,,,
,,F274,274,A0493,493,,,,,,,,
,,F274,274,A0494,494,,,,,,,,
,,F274,274,A0495,495,,,,,,,,
,,F274,274,A0379,379,,,,,,,,
1988,Spearhead & Max,F275,275,A0496,496,,,,,,,,
,,F275,275,A0497,497,,,,,,,,
,,F275,275,A0498,498,,,,,,,,
,,F275,275,A0499,499,,,,,,,,
,,F275,275,A0500,500,,,,,,,,
1988,Starduster,F276,276,A0212,212,,,,,,,,
,,F276,276,A0213,213,,,,,,,,
,,F276,276,A0045,45,,,,,,,,
,,F276,276,A0214,214,,,,,,,,
1988,Steel Brigade,F278,278,A0381,381,,,,,,,,
,,F278,278,A0383,383,,,,,,,,
1988,Steel Brigade,F279,279,A0381,381,,,,,,,,
,,F279,279,A0383,383,,,,,,,,
1988,Storm Shadow,F280,280,A0501,501,,,,,,,,
,,F280,280,A0502,502,,,,,,,,
,,F280,280,A0503,503,,,,,,,,
,,F280,280,A0504,504,,,,,,,,
1988,Super Trooper,F281,281,A0505,505,,,,,,,,
,,F281,281,A0506,506,,,,,,,,
,,F281,281,A0507,507,,,,,,,,
1988,Toxo-Viper,F282,282,A0508,508,,,,,,,,
,,F282,282,A0509,509,,,,,,,,
,,F282,282,A0510,510,,,,,,,,
,,F282,282,A1902,1902,,,,,,,,
1988,Tripwire,F283,283,A0511,511,,,,,,,,
,,F283,283,A0061,61,,,,,,,,
,,F283,283,A0512,512,,,,,3,,,
1988,Tunnel Rat,F284,284,A0513,513,,,,,,,,
,,F284,284,A0393,393,,,,,,,,
,,F284,284,A0514,514,,,,,,,,
,,F284,284,A0515,515,,,,,2,,,
1988,Voltar,F285,285,A0516,516,,,,,,,,
,,F285,285,A0517,517,,,,,,,,
,,F285,285,A0518,518,,,,,,,,
,,F285,285,A0519,519,,,,,,,,
1988,Wildcard,F286,286,A0520,520,,,,,,,,
,,F286,286,A0521,521,,,,,,,,
,,F286,286,A0522,522,,,,,,,,
1988,Windmill,F287,287,A0523,523,,,,,,,,
1989,Aero-Viper,F288,288,A0524,524,,,,,,,,
1989,Alley Viper,F289,289,A0525,525,,,,,,,,
,,F289,289,A0526,526,,,,,,,,
,,F289,289,A0527,527,,,,,,,,
,,F289,289,A0528,528,,,,,,,,
,,F289,289,A0529,529,,,,,,,,
1989,Annihilator,F290,290,A0530,530,,,,,,,,
,,F290,290,A0531,531,,,,,,,,
,,F290,290,A0532,532,,,,,,,,
,,F290,290,A0533,533,,,,,,,,
,,F290,290,A0534,534,,,,,,,,
,,F290,290,A0535,535,,,,,,,,
1989,Backblast,F291,291,A0536,536,,,,,,,,
,,F291,291,A0537,537,,,,,,,,
,,F291,291,A0538,538,,,,,,,,
,,F291,291,A0539,539,,,,,3,,,
,,F291,291,A0540,540,,,,,,,,
,,F291,291,A0541,541,,,,,,,,
1989,Barbecue,F292,292,A0148,148,,,,,,,,
,,F292,292,A0542,542,,,,,,,,
,,F292,292,A0150,150,,,,,,,,
,,F292,292,A0544,544,,,,,,,,
,,F292,292,A1902,1902,,,,,,,,
1989,Charbroil,F293,293,A0544,544,,,,,,,,
,,F293,293,A0545,545,,,,,,,,
,,F293,293,A0546,546,,,,,,,,
,,F293,293,A0422,422,,,,,,,,
1989,Countdown,F294,294,A0547,547,,,,,,,,
,,F294,294,A0548,548,,,,,,,,
,,F294,294,A0549,549,,,,,,,,
,,F294,294,A0550,550,,,,,,,,
,,F294,294,A0551,551,,,,,,,,
,,F294,294,A0552,552,,,,,,,,
,,F294,294,A1905,1905,,,,,,,,
1989,Darklon,F295,295,A0553,553,,,,,,,,
1989,Dee-Jay,F296,296,A0554,554,,,,,,,,
,,F296,296,A0555,555,,,,,,,,
,,F296,296,A0556,556,,,,,,,,
,,F296,296,A0557,557,,,,,2,,,
,,F296,296,A1900,1900,,,,,,,,
1989,Deep Six,F297,297,A0558,558,,,,,,,,
,,F297,297,A0559,559,,,,,,,,
,,F297,297,A0560,560,,,,,,,,
,,F297,297,A0561,561,,,,,,,,
,,F297,297,A1902,1902,,,,,,,,
1989,Dogfight,F298,298,A0562,562,,,,,,,,
1989,Downtown,F299,299,A0563,563,,,,,,,,
,,F299,299,A0564,564,,,,,,,,
,,F299,299,A0565,565,,,,,,,,
,,F299,299,A0566,566,,,,,,,,
,,F299,299,A0567,567,,,,,,,,
,,F299,299,A0568,568,,,,,,,,
,,F299,299,A0569,569,,,,,6,,,
1989,Downtown,F300,300,A0563,563,,,,,,,,
,,F300,300,A0564,564,,,,,,,,
,,F300,300,A0565,565,,,,,,,,
,,F300,300,A0566,566,,,,,,,,
,,F300,300,A0567,567,,,,,,,,
,,F300,300,A0568,568,,,,,,,,
,,F300,300,A0569,569,,,,,6,,,
1989,Footloose,F301,301,A0570,570,,,,,,,,
,,F301,301,A0345,345,,,,,,,,
,,F301,301,A0177,177,,,,,,,,
,,F301,301,A0178,178,,,,,,,,
1989,Frag-Viper,F302,302,A0571,571,,,,,,,,
,,F302,302,A0572,572,,,,,,,,
,,F302,302,A0573,573,,,,,,,,
,,F302,302,A0574,574,,,,,3,,,
,,F302,302,A0575,575,,,,,,,,
,,F302,302,A1901,1901,,,,,,,,
1989,Gnawgahyde,F303,303,A0576,576,,,,,,,,
,,F303,303,A0577,577,,,,,,,,
,,F303,303,A0578,578,,,,,,,,
,,F303,303,A0579,579,,,,,,,,
,,F303,303,A0580,580,,,,,,,,
,,F303,303,A0581,581,,,,,,,,
,,F303,303,A0582,582,,,,,,,,
,,F303,303,A0583,583,,,,,,,,
1989,H.E.A.T. Viper,F304,304,A0584,584,,,,,,,,
,,F304,304,A0585,585,,,,,,,,
,,F304,304,A0586,586,,,,,,,,
,,F304,304,A0587,587,,,,,,,,
,,F304,304,A1901,1901,,,,,,,,
1989,Hot Seat,F305,305,A0588,588,,,,,,,,
1989,Lightfoot,F307,307,A0589,589,,,,,,,,
,,F307,307,A0590,590,,,,,,,,
,,F307,307,A0591,591,,,,,,,,
,,F307,307,A0592,592,,,,,,,,
,,F307,307,A0593,593,,,,,,,,
1989,Long Range,F308,308,A0594,594,,,,,,,,
,,F308,308,A0595,595,,,,,,,,
1989,Low-Light,F309,309,A0256,256,,,,,,,,
,,F309,309,A0257,257,,,,,,,,
,,F309,309,A0258,258,,,,,,,,
,,F309,309,A0259,259,,,,,,,,
1989,Muskrat,F310,310,A0457,457,,,,,,,,
,,F310,310,A0596,596,,,,,,,,
,,F310,310,A0597,597,,,,,,,,
1989,Mutt,F311,311,A0598,598,,,,,,,,
,,F311,311,A0084,84,,,,,,,,
,,F311,311,A0085,85,,,,,,,,
,,F311,311,A0086,86,,,,,,,,
,,F311,311,A0087,87,,,,,,,,
,,F311,311,A0599,599,,,,,,,,
1989,Night-Viper,F312,312,A0600,600,,,,,,,,
,,F312,312,A0601,601,,,,,,,,
,,F312,312,A0602,602,,,,,,,,
,,F312,312,A0603,603,,,,,,,,
1989,Payload,F313,313,A0604,604,,,,,,,,
,,F313,313,A0605,605,,,,,,,,
,,F313,313,A0606,606,,,,,2,,,
1989,Python Copperhead,F314,314,A0607,607,,,,,,,,
,,F314,314,A0608,608,,,,,,,,
1989,Python Crimson Guard,F315,315,A0164,164,,,,,,,,
,,F315,315,A0609,609,,,,,,,,
1989,Python Officer,F316,316,A0004,4,,,,,,,,
1989,Python Tele-Viper,F317,317,A0215,215,,,,,,,,
,,F317,317,A0216,216,,,,,,,,
,,F317,317,A1902,1902,,,,,,,,
1989,Python Trooper,F318,318,A0006,6,,,,,,,,
,,F318,318,A0610,610,,,,,,,,
1989,Python Viper,F319,319,A0278,278,,,,,,,,
,,F319,319,A0611,611,,,,,,,,
1989,Rampage,F320,320,A0181,181,,,,,,,,
1989,Recoil,F321,321,A0612,612,,,,,,,,
,,F321,321,A0613,613,,,,,,,,
,,F321,321,A0614,614,,,,,,,,
,,F321,321,A0615,615,,,,,,,,
,,F321,321,A0616,616,,,,,,,,
,,F321,321,A0617,617,,,,,,,,
1989,Repeater,F322,322,A0618,618,,,,,,,,
,,F322,322,A0472,472,,,,,,,,
,,F322,322,A0473,473,,,,,,,,
1989,Rock & Roll,F323,323,A0619,619,,,,,,,,
,,F323,323,A0620,620,,,,,,,,
,,F323,323,A0621,621,,,,,2,,,
,,F323,323,A0622,622,,,,,2,,,
1989,Scoop,F324,324,A0623,623,,,,,,,,
,,F324,324,A0624,624,,,,,,,,
,,F324,324,A0625,625,,,,,,,,
,,F324,324,A0626,626,,,,,,,,
,,F324,324,A0627,627,,,,,,,,
,,F324,324,A1901,1901,,,,,,,,
1989,Sgt. Slaughter,F325,325,A0276,276,,,,,,,,
1989,Shockwave,F326,326,A0628,628,,,,,,,,
,,F326,326,A0629,629,,,,,,,,
,,F326,326,A0630,630,,,,,,,,
,,F326,326,A0631,631,,,,,,,,
1989,Snake Eyes,F327,327,A0632,632,,,,,,,,
,,F327,327,A0633,633,,,,,,,,
,,F327,327,A0634,634,,,,,,,,
,,F327,327,A0635,635,,,,,,,,
,,F327,327,A0636,636,,,,,,,,
,,F327,327,A0637,637,,,,,2,,,
1989,Spearhead & Max,F328,328,A0638,638,,,,,,,,
,,F328,328,A0639,639,,,,,,,,
,,F328,328,A0640,640,,,,,,,,
,,F328,328,A0641,641,,,,,,,,
,,F328,328,A0642,642,,,,,,,,
1989,Spirit,F329,329,A0643,643,,,,,,,,
,,F329,329,A0644,644,,,,,,,,
,,F329,329,A0645,645,,,,,,,,
,,F329,329,A0118,118,,,,,,,,
,,F329,329,A0119,119,,,,,,,,
1989,Stalker,F330,330,A0646,646,,,,,,,,
,,F330,330,A0647,647,,,,,,,,
,,F330,330,A0648,648,,,,,,,,
,,F330,330,A0649,649,,,,,,,,
,,F330,330,A0650,650,,,,,,,,
,,F330,330,A0651,651,,,,,,,,
,,F330,330,A0652,652,,,,,,,,
,,F330,330,A0653,653,,,,,,,,
1989,Starduster,F331,331,A0212,212,,,,,,,,
,,F331,331,A0213,213,,,,,,,,
,,F331,331,A0214,214,,,,,,,,
1989,Steel Brigade,F332,332,A0381,381,,,,,,,,
,,F332,332,A0382,382,,,,,,,,
,,F332,332,A0383,383,,,,,,,,
1989,Steel Brigade,F333,333,A0381,381,,,,,,,,
,,F333,333,A0382,382,,,,,,,,
,,F333,333,A0383,383,,,,,,,,
1989,Steel Brigade,F334,334,A0381,381,,,,,,,,
,,F334,334,A0383,383,,,,,,,,
1989,T.A.R.G.A.T. ,F335,335,A0654,654,,,,,,,,
,,F335,335,A0655,655,,,,,,,,
,,F335,335,A0656,656,,,,,,,,
,,F335,335,A0657,657,,,,,,,,
,,F335,335,A0658,658,,,,,,,,
,,F335,335,A0659,659,,,,,,,,
,,F335,335,A1902,1902,,,,,,,,
1989,Track Viper,F336,336,A0660,660,,,,,,,,
1989,Wild Boar,F337,337,A0661,661,,,,,,,,
,,F337,337,A1091,1091,,,,,,,,
1989,Windchill,F338,338,A0662,662,,,,,,,,
,,F338,338,A0663,663,,,,,2,,,
1990,Airborne,F339,339,A0664,664,,,,,,,,
,,F339,339,A0665,665,,,,,,,,
,,F339,339,A0666,666,,,,,,,,
,,F339,339,A0667,667,,,,,,,,
1990,Airwave,F340,340,A0668,668,,,,,,,,
,,F340,340,A0669,669,,,,,,,,
,,F340,340,A0670,670,,,,,,,,
,,F340,340,A0666,666,,,,,,,,
,,F340,340,A0671,671,,,,,,,,
1990,Altitude,F341,341,A0672,672,,,,,,,,
,,F341,341,A0673,673,,,,,,,,
,,F341,341,A0674,674,,,,,,,,
,,F341,341,A0675,675,,,,,,,,
,,F341,341,A0676,676,,,,,,,,
,,F341,341,A0666,666,,,,,,,,
,,F341,341,A0677,677,,,,,,,,
1990,Ambush,F342,342,A0678,678,,,,,,,,
,,F342,342,A0679,679,,,,,,,,
,,F342,342,A0680,680,,,,,,,,
,,F342,342,A0681,681,,,,,,,,
,,F342,342,A0682,682,,,,,2,,,
,,F342,342,A0683,683,,,,,,,,
,,F342,342,A0684,684,,,,,,,,
,,F342,342,A0685,685,,,,,,,,
,,F342,342,A0686,686,,,,,,,,
1990,Ambush,F343,343,A0678,678,,,,,,,,
,,F343,343,A0679,679,,,,,,,,
,,F343,343,A0680,680,,,,,,,,
,,F343,343,A0681,681,,,,,,,,
,,F343,343,A0682,682,,,,,2,,,
,,F343,343,A0683,683,,,,,,,,
,,F343,343,A0684,684,,,,,,,,
,,F343,343,A0685,685,,,,,,,,
,,F343,343,A0686,686,,,,,,,,
1990,Bullhorn,F344,344,A0687,687,,,,,,,,
,,F344,344,A0688,688,,,,,,,,
,,F344,344,A0689,689,,,,,,,,
,,F344,344,A0690,690,,,,,,,,
,,F344,344,A0691,691,,,,,,,,
,,F344,344,A0692,692,,,,,,,,
,,F344,344,A0693,693,,,,,,,,
,,F344,344,A0694,694,,,,,,,,
1990,Capt. Grid-Iron,F345,345,A0695,695,,,,,,,,
,,F345,345,A0696,696,,,,,,,,
,,F345,345,A0697,697,,,,,,,,
,,F345,345,A0698,698,,,,,,,,
,,F345,345,A0699,699,,,,,2,,,
,,F345,345,A0700,700,,,,,,,,
,,F345,345,A0701,701,,,,,,,,
,,F345,345,A0702,702,,,,,4,,,
,,F345,345,A0703,703,,,,,3,,,
1990,Cold Front,F346,346,A0704,704,,,,,,,,
,,F346,346,A0705,705,,,,,,,,
,,F346,346,A0706,706,,,,,,,,
1990,Decimator,F347,347,A0707,707,,,,,,,,
,,F347,347,A0708,708,,,,,,,,
1990,Dial-Tone,F348,348,A0709,709,,,,,,,,
,,F348,348,A0710,710,,,,,,,,
,,F348,348,A0711,711,,,,,,,,
,,F348,348,A0712,712,,,,,,,,
,,F348,348,A0713,713,,,,,,,,
,,F348,348,A0714,714,,,,,,,,
,,F348,348,A0715,715,,,,,,,,
,,F348,348,A0716,716,,,,,,,,
1990,Dodger,F349,349,A0717,717,,,,,,,,
,,F349,349,A0718,718,,,,,,,,
,,F349,349,A0719,719,,,,,,,,
,,F349,349,A0720,720,,,,,,,,
,,F349,349,A0721,721,,,,,,,,
,,F349,349,A0722,722,,,,,,,,
,,F349,349,A0723,723,,,,,,,,
1990,Drop Zone,F350,350,A0724,724,,,,,,,,
,,F350,350,A0725,725,,,,,,,,
,,F350,350,A0726,726,,,,,,,,
,,F350,350,A0666,666,,,,,,,,
,,F350,350,A0671,671,,,,,,,,
1990,Free Fall,F351,351,A0672,672,,,,,,,,
,,F351,351,A0673,673,,,,,,,,
,,F351,351,A0674,674,,,,,,,,
,,F351,351,A0675,675,,,,,,,,
,,F351,351,A1901,1901,,,,,,,,
1990,Lampreys,F352,352,A0731,731,,,,,,,,
,,F352,352,A0732,732,,,,,,,,
,,F352,352,A0733,733,,,,,,,,
,,F352,352,A0578,578,,,,,,,,
,,F352,352,A0630,630,,,,,,,,
,,F352,352,A0640,640,,,,,,,,
1990,Laser-Viper,F353,353,A0735,735,,,,,,,,
,,F353,353,A0736,736,,,,,,,,
,,F353,353,A0737,737,,,,,,,,
,,F353,353,A0738,738,,,,,2,,,
,,F353,353,A0739,739,,,,,2,,,
,,F353,353,A1900,1900,,,,,2,,,
1990,Law,F354,354,A0339,339,,,,,,,,
,,F354,354,A0740,740,,,,,,,,
,,F354,354,A0741,741,,,,,,,,
,,F354,354,A0742,742,,,,,,,,
,,F354,354,A0448,448,,,,,,,,
,,F354,354,A0743,743,,,,,,,,
,,F354,354,A0744,744,,,,,,,,
,,F354,354,A0745,745,,,,,,,,
,,F354,354,A0746,746,,,,,,,,
1990,Major Storm,F355,355,A0747,747,,,,,,,,
,,F355,355,A0748,748,,,,,,,,
1990,Metal-Head,F356,356,A0749,749,,,,,,,,
,,F356,356,A0750,750,,,,,,,,
,,F356,356,A0751,751,,,,,,,,
,,F356,356,A0752,752,,,,,,,,
,,F356,356,A0753,753,,,,,2,,,
,,F356,356,A0754,754,,,,,2,,,
,,F356,356,A0755,755,,,,,6,,,
,,F356,356,A1900,1900,,,,,2,,,
1990,Metal-Head,F357,357,A0749,749,,,,,,,,
,,F357,357,A0750,750,,,,,,,,
,,F357,357,A0751,751,,,,,,,,
,,F357,357,A0752,752,,,,,,,,
,,F357,357,A0753,753,,,,,2,,,
,,F357,357,A0754,754,,,,,2,,,
,,F357,357,A0755,755,,,,,6,,,
,,F357,357,A1900,1900,,,,,2,,,
1990,Night-Creeper,F358,358,A0756,756,,,,,,,,
,,F358,358,A0757,757,,,,,,,,
,,F358,358,A0758,758,,,,,,,,
,,F358,358,A0759,759,,,,,,,,
1990,Overlord,F359,359,A0760,760,,,,,,,,
,,F359,359,A0761,761,,,,,2,,,
1990,Pathfinder,F360,360,A0762,762,,,,,,,,
,,F360,360,A0763,763,,,,,2,,,
,,F360,360,A0764,764,,,,,2,,,
,,F360,360,A0765,765,,,,,,,,
,,F360,360,A0766,766,,,,,,,,
,,F360,360,A1901,1901,,,,,,,,
1990,Rampart,F361,361,A0767,767,,,,,,,,
,,F361,361,A0768,768,,,,,,,,
,,F361,361,A0769,769,,,,,,,,
,,F361,361,A0770,770,,,,,,,,
,,F361,361,A0771,771,,,,,,,,
,,F361,361,A0772,772,,,,,2,,,
1990,Range-Vipers,F362,362,A0773,773,,,,,,,,
,,F362,362,A0774,774,,,,,,,,
,,F362,362,A0775,775,,,,,,,,
,,F362,362,A0776,776,,,,,,,,
,,F362,362,A0777,777,,,,,,,,
,,F362,362,A0778,778,,,,,,,,
,,F362,362,A1900,1900,,,,,,,,
1990,Rapid-Fire,F363,363,A0779,779,,,,,,,,
,,F363,363,A0780,780,,,,,,,,
,,F363,363,A0781,781,,,,,,,,
1990,Rock-Viper,F364,364,A0782,782,,,,,,,,
,,F364,364,A0783,783,,,,,,,,
,,F364,364,A0784,784,,,,,,,,
,,F364,364,A0785,785,,,,,,,,
,,F364,364,A1900,1900,,,,,,,,
,,F364,364,A1905,1905,,,,,,,,
1990,S.A.W.-Viper,F365,365,A0786,786,,,,,,,,
,,F365,365,A0787,787,,,,,,,,
,,F365,365,A0788,788,,,,,,,,
,,F365,365,A0789,789,,,,,,,,
1990,Salvo,F366,366,A0790,790,,,,,,,,
,,F366,366,A0791,791,,,,,,,,
,,F366,366,A0792,792,,,,,5,,,
,,F366,366,A0793,793,,,,,,,,
,,F366,366,A0794,794,,,,,5,,,
,,F366,366,A0795,795,,,,,,,,
1990,Serpentor,F367,367,A0268,268,,,,,,,,
,,F367,367,A0269,269,,,,,,,,
,,F367,367,A0270,270,,,,,,,,
,,F367,367,A0271,271,,,,,,,,
,,F367,367,A0272,272,,,,,,,,
,,F367,367,A0273,273,,,,,,,,
,,F367,367,A0274,274,,,,,,,,
,,F367,367,A0275,275,,,,,,,,
1990,Skydive,F368,368,A0796,796,,,,,,,,
,,F368,368,A0797,797,,,,,,,,
,,F368,368,A0798,798,,,,,,,,
,,F368,368,A0666,666,,,,,,,,
,,F368,368,A0799,799,,,,,,,,
1990,Static Line,F369,369,A0800,800,,,,,,,,
,,F369,369,A0801,801,,,,,,,,
,,F369,369,A0802,802,,,,,,,,
,,F369,369,A0666,666,,,,,,,,
,,F369,369,A0803,803,,,,,,,,
1990,Stretcher,F370,370,A0804,804,,,,,,,,
,,F370,370,A0805,805,,,,,,,,
,,F370,370,A0806,806,,,,,,,,
,,F370,370,A0807,807,,,,,,,,
,,F370,370,A0808,808,,,,,,,,
,,F370,370,A0809,809,,,,,,,,
,,F370,370,A0810,810,,,,,,,,
,,F370,370,A1901,1901,,,,,,,,
1990,Sub-Zero,F371,371,A0811,811,,,,,,,,
,,F371,371,A0812,812,,,,,,,,
,,F371,371,A0813,813,,,,,,,,
,,F371,371,A0814,814,,,,,,,,
,,F371,371,A0815,815,,,,,,,,
,,F371,371,A0816,816,,,,,,,,
,,F371,371,A0817,817,,,,,4,,,
,,F371,371,A0818,818,,,,,2,,,
1990,Topside,F372,372,A0819,819,,,,,,,,
,,F372,372,A0820,820,,,,,,,,
,,F372,372,A0821,821,,,,,,,,
,,F372,372,A0822,822,,,,,,,,
,,F372,372,A0823,823,,,,,3,,,
1990,Tunnel Rat,F373,373,A0824,824,,,,,,,,
,,F373,373,A0825,825,,,,,,,,
,,F373,373,A0826,826,,,,,,,,
,,F373,373,A0305,305,,,,,,,,
,,F373,373,A0827,827,,,,,,,,
,,F373,373,A0393,393,,,,,,,,
,,F373,373,A0828,828,,,,,,,,
,,F373,373,A0829,829,,,,,,,,
1990,Undertow,F374,374,A0830,830,,,,,,,,
,,F374,374,A0831,831,,,,,,,,
,,F374,374,A0832,832,,,,,2,,,
,,F374,374,A0833,833,,,,,,,,
,,F374,374,A0834,834,,,,,,,,
,,F374,374,A0835,835,,,,,,,,
,,F374,374,A1900,1900,,,,,,,,
1990,Updraft,F375,375,A0836,836,,,,,,,,
,,F375,375,A0837,837,,,,,,,,
1990,Viper,F377,377,A0838,838,,,,,,,,
,,F377,377,A0839,839,,,,,,,,
,,F377,377,A0840,840,,,,,,,,
,,F377,377,A0841,841,,,,,,,,
,,F377,377,A0842,842,,,,,,,,
,,F377,377,A0843,843,,,,,,,,
,,F377,377,A0844,844,,,,,,,,
,,F377,377,A0845,845,,,,,,,,
,,F377,377,A0846,846,,,,,,,,
1991,B.A.T.,F378,378,A0847,847,,,,,,,,
,,F378,378,A0848,848,,,,,,,,
,,F378,378,A0849,849,,,,,,,,
,,F378,378,A0850,850,,,,,,,,
,,F378,378,A1800,1800,,,,,,,,
1991,Big Ben,F379,379,A0851,851,,,,,,,,
,,F379,379,A0852,852,,,,,,,,
,,F379,379,A0853,853,,,,,,,,
,,F379,379,A0854,854,,,,,,,,
,,F379,379,A0855,855,,,,,,,,
,,F379,379,A0856,856,,,,,2,,,
1991,Cesspool,F380,380,A0857,857,,,,,,,,
,,F380,380,A0858,858,,,,,,,,
,,F380,380,A0859,859,,,,,,,,
,,F380,380,A0860,860,,,,,,,,
,,F380,380,A0861,861,,,,,,,,
,,F380,380,A0862,862,,,,,,,,
,,F380,380,A0863,863,,,,,,,,
1991,Clean-Sweep,F381,381,A0864,864,,,,,,,,
,,F381,381,A0865,865,,,,,,,,
,,F381,381,A0866,866,,,,,,,,
,,F381,381,A0867,867,,,,,,,,
,,F381,381,A0868,868,,,,,,,,
,,F381,381,A0869,869,,,,,,,,
1991,Cloudburst,F382,382,A0870,870,,,,,,,,
,,F382,382,A0871,871,,,,,,,,
1991,Cobra Commander,F383,383,A0872,872,,,,,,,,
,,F383,383,A0873,873,,,,,,,,
,,F383,383,A0874,874,,,,,,,,
,,F383,383,A0875,875,,,,,,,,
,,F383,383,A0876,876,,,,,,,,
,,F383,383,A1800,1800,,,,,,,,
1991,Cobra Commander,F384,384,A0872,872,,,,,,,,
,,F384,384,A0873,873,,,,,,,,
,,F384,384,A0874,874,,,,,,,,
,,F384,384,A0875,875,,,,,,,,
,,F384,384,A0876,876,,,,,,,,
,,F384,384,A1800,1800,,,,,,,,
1991,Crimson Guard Immortal,F385,385,A0877,877,,,,,,,,
,,F385,385,A0878,878,,,,,2,,,
,,F385,385,A0879,879,,,,,6,,,
,,F385,385,A0880,880,,,,,,,,
1991,Desert Scorpion,F386,386,A0881,881,,,,,,,,
,,F386,386,A0882,882,,,,,,,,
,,F386,386,A0883,883,,,,,,,,
,,F386,386,A0884,884,,,,,,,,
,,F386,386,A0885,885,,,,,2,,,
,,F386,386,A0886,886,,,,,,,,
,,F386,386,A1900,1900,,,,,,,,
1991,Desert Scorpion,F387,387,A0881,881,,,,,,,,
,,F387,387,A0882,882,,,,,,,,
,,F387,387,A0883,883,,,,,,,,
,,F387,387,A0884,884,,,,,,,,
,,F387,387,A0885,885,,,,,2,,,
,,F387,387,A0886,886,,,,,,,,
,,F387,387,A1900,1900,,,,,,,,
1991,Dusty & Sandstorm,F388,388,A0887,887,,,,,,,,
,,F388,388,A0888,888,,,,,,,,
,,F388,388,A0889,889,,,,,,,,
,,F388,388,A0890,890,,,,,,,,
,,F388,388,A0891,891,,,,,,,,
1991,Flint,F389,389,A0892,892,,,,,,,,
,,F389,389,A0893,893,,,,,,,,
,,F389,389,A0894,894,,,,,,,,
,,F389,389,A0895,895,,,,,,,,
,,F389,389,A0896,896,,,,,,,,
,,F389,389,A0897,897,,,,,,,,
1991,General Hawk,F390,390,A0898,898,,,,,,,,
,,F390,390,A0899,899,,,,,,,,
,,F390,390,A0900,900,,,,,,,,
,,F390,390,A0901,901,,,,,,,,
,,F390,390,A0902,902,,,,,4,,,
1991,Grunt,F391,391,A0903,903,,,,,,,,
,,F391,391,A0904,904,,,,,,,,
,,F391,391,A0905,905,,,,,,,,
,,F391,391,A0906,906,,,,,,,,
,,F391,391,A0907,907,,,,,,,,
1991,Heavy Duty,F392,392,A0908,908,,,,,,,,
,,F392,392,A0909,909,,,,,,,,
,,F392,392,A0910,910,,,,,,,,
,,F392,392,A0911,911,,,,,,,,
,,F392,392,A0912,912,,,,,2,,,
,,F392,392,A0913,913,,,,,2,,,
1991,Incinerators,F393,393,A0914,914,,,,,,,,
,,F393,393,A0915,915,,,,,,,,
,,F393,393,A0916,916,,,,,,,,
,,F393,393,A0917,917,,,,,,,,
,,F393,393,A0918,918,,,,,,,,
,,F393,393,A0919,919,,,,,2,,,
,,F393,393,A1901,1901,,,,,,,,
,,F393,393,A1906,1906,,,,,,,,
1991,Interrogator,F394,394,A0920,920,,,,,,,,
1991,Lifeline,F395,395,A0252,252,,,,,,,,
,,F395,395,A0254,254,,,,,,,,
1991,Low-Light,F396,396,A0921,921,,,,,,,,
,,F396,396,A0922,922,,,,,,,,
,,F396,396,A0923,923,,,,,,,,
,,F396,396,A0924,924,,,,,,,,
,,F396,396,A0925,925,,,,,,,,
,,F396,396,A0926,926,,,,,,,,
1991,Lt. Falcon,F397,397,A0927,927,,,,,,,,
,,F397,397,A0928,928,,,,,,,,
,,F397,397,A0929,929,,,,,,,,
,,F397,397,A0930,930,,,,,,,,
,,F397,397,A0931,931,,,,,,,,
,,F397,397,A1800,1800,,,,,,,,
1991,Major Altitude,F398,398,A0932,932,,,,,,,,
,,F398,398,A0933,933,,,,,,,,
1991,Major Bludd,F399,399,A0934,934,,,,,,,,
,,F399,399,A0935,935,,,,,,,,
,,F399,399,A0936,936,,,,,,,,
,,F399,399,A0937,937,,,,,,,,
,,F399,399,A0938,938,,,,,,,,
,,F399,399,A0939,939,,,,,,,,
,,F399,399,A0940,940,,,,,,,,
,,F399,399,A1800,1800,,,,,,,,
1991,Mercer,F400,400,A0941,941,,,,,,,,
,,F400,400,A0942,942,,,,,,,,
,,F400,400,A0943,943,,,,,,,,
,,F400,400,A0944,944,,,,,,,,
,,F400,400,A1800,1800,,,,,,,,
1991,Night Vulture,F401,401,A0945,945,,,,,,,,
1991,Ozone,F402,402,A0946,946,,,,,,,,
,,F402,402,A0947,947,,,,,,,,
,,F402,402,A0948,948,,,,,,,,
,,F402,402,A0949,949,,,,,,,,
,,F402,402,A0950,950,,,,,,,,
,,F402,402,A0951,951,,,,,,,,
1991,Psyche-Out,F403,403,A0952,952,,,,,,,,
,,F403,403,A0953,953,,,,,,,,
,,F403,403,A0954,954,,,,,,,,
,,F403,403,A0955,955,,,,,,,,
,,F403,403,A0956,956,,,,,,,,
,,F403,403,A0957,957,,,,,,,,
,,F403,403,A0958,958,,,,,,,,
,,F403,403,A0959,959,,,,,,,,
,,F403,403,A0960,960,,,,,,,,
,,F403,403,A0961,961,,,,,,,,
,,F403,403,A1902,1902,,,,,,,,
,,F403,403,A1800,1800,,,,,,,,
,Quick Kick,F404,404,A0188,188,,,,,,,,
,,F404,404,A0190,190,,,,,,,,
,,F404,404,A0192,192,,,,,,,,
1991,Red Star,F405,405,A0962,962,,,,,,,,
,,F405,405,A0963,963,,,,,,,,
,,F405,405,A0964,964,,,,,,,,
,,F405,405,A0965,965,,,,,,,,
,,F405,405,A0966,966,,,,,,,,
,,F405,405,A0967,967,,,,,,,,
,,F405,405,A0968,968,,,,,,,,
,,F405,405,A0969,969,,,,,,,,
,,F405,405,A0970,970,,,,,,,,
,,F405,405,A0971,971,,,,,,,,
1991,Road Pig,F406,406,A0972,972,,,,,,,,
,,F406,406,A0973,973,,,,,,,,
,,F406,406,A0974,974,,,,,,,,
,,F406,406,A0975,975,,,,,,,,
,,F406,406,A0976,976,,,,,,,,
,,F406,406,A1800,1800,,,,,,,,
1991,Rock 'N Roll,F407,407,A0977,977,,,,,,,,
,,F407,407,A0978,978,,,,,,,,
,,F407,407,A0979,979,,,,,,,,
,,F407,407,A0980,980,,,,,,,,
,,F407,407,A0981,981,,,,,,,,
1991,Sci-Fi,F408,408,A0982,982,,,,,,,,
,,F408,408,A0983,983,,,,,,,,
,,F408,408,A0984,984,,,,,,,,
,,F408,408,A0985,985,,,,,,,,
,,F408,408,A0986,986,,,,,,,,
,,F408,408,A1901,1901,,,,,2,,,
1991,Sky Creeper,F409,409,A0987,987,,,,,,,,
1991,Skymate,F410,410,A0988,988,,,,,,,,
,,F410,410,A0989,989,,,,,,,,
,,F410,410,A0990,990,,,,,,,,
1991,Sludge Viper,F411,411,A0991,991,,,,,,,,
,,F411,411,A0992,992,,,,,,,,
,,F411,411,A0993,993,,,,,,,,
,,F411,411,A0994,994,,,,,,,,
,,F411,411,A1800,1800,,,,,,,,
1991,Snake Eyes,F412,412,A0995,995,,,,,,,,
,,F412,412,A0996,996,,,,,,,,
,,F412,412,A0997,997,,,,,,,,
,,F412,412,A0998,998,,,,,2,,,
,,F412,412,A1905,1905,,,,,,,,
,,F412,412,A1800,1800,,,,,,,,
1991,Snow Serpent,F413,413,A0999,999,,,,,,,,
,,F413,413,A1000,1000,,,,,,,,
,,F413,413,A1001,1001,,,,,,,,
,,F413,413,A1002,1002,,,,,,,,
,,F413,413,A1003,1003,,,,,,,,
,,F413,413,A1004,1004,,,,,,,,
,,F413,413,A1901,1901,,,,,2,,,
1991,Toxo-Viper,F414,414,A0991,991,,,,,,,,
,,F414,414,A0992,992,,,,,,,,
,,F414,414,A1005,1005,,,,,,,,
,,F414,414,A1006,1006,,,,,,,,
,,F414,414,A1800,1800,,,,,,,,
1991,Tracker,F415,415,A1007,1007,,,,,,,,
,,F415,415,A1008,1008,,,,,,,,
,,F415,415,A1009,1009,,,,,,,,
,,F415,415,A1010,1010,,,,,2,,,
,,F415,415,A1800,1800,,,,,,,,
1991,Zap,F416,416,A1011,1011,,,,,,,,
,,F416,416,A1012,1012,,,,,,,,
,,F416,416,A1013,1013,,,,,,,,
,,F416,416,A1014,1014,,,,,,,,
,,F416,416,A1015,1015,,,,,,,,
,,F416,416,A1016,1016,,,,,,,,
,,F416,416,A1017,1017,,,,,,,,
,,F416,416,A1018,1018,,,,,,,,
,,F416,416,A1019,1019,,,,,,,,
,,F416,416,A1020,1020,,,,,,,,
,,F416,416,A1021,1021,,,,,,,,
,,F416,416,A1022,1022,,,,,,,,
,,F416,416,A1800,1800,,,,,,,,
1992,Ace,F417,417,A1023,1023,,,,,,,,
,,F417,417,A1024,1024,,,,,,,,
,,F417,417,A0630,630,,,,,,,,
1992,Air Devil,F418,418,A1025,1025,,,,,,,,
,,F418,418,A1026,1026,,,,,,,,
1992,Barbecue,F419,419,A1027,1027,,,,,,,,
,,F419,419,A1028,1028,,,,,,,,
,,F419,419,A1029,1029,,,,,,,,
,,F419,419,A1030,1030,,,,,,,,
,,F419,419,A1800,1800,,,,,,,,
1992,Barricade,F420,420,A1031,1031,,,,,,,,
,,F420,420,A1032,1032,,,,,,,,
,,F420,420,A1033,1033,,,,,,,,
,,F420,420,A1034,1034,,,,,,,,
,,F420,420,A1035,1035,,,,,,,,
,,F420,420,A1800,1800,,,,,,,,
1992,Big Bear,F421,421,A1036,1036,,,,,,,,
,,F421,421,A1037,1037,,,,,,,,
,,F421,421,A1038,1038,,,,,,,,
,,F421,421,A1039,1039,,,,,,,,
,,F421,421,A1040,1040,,,,,,,,
,,F421,421,A1800,1800,,,,,,,,
1992,Bullet-Proof,F422,422,A1041,1041,,,,,,,,
,,F422,422,A1042,1042,,,,,,,,
,,F422,422,A1043,1043,,,,,,,,
,,F422,422,A1044,1044,,,,,,,,
,,F422,422,A1045,1045,,,,,,,,
,,F422,422,A1046,1046,,,,,,,,
,,F422,422,A1800,1800,,,,,,,,
1992,Cobra Commander,F423,423,A1047,1047,,,,,,,,
,,F423,423,A1048,1048,,,,,,,,
,,F423,423,A1049,1049,,,,,,,,
,,F423,423,A1050,1050,,,,,2,,,
,,F423,423,A1800,1800,,,,,,,,
1992,Cutter,F424,424,A1051,1051,,,,,,,,
,,F424,424,A1052,1052,,,,,,,,
,,F424,424,A1053,1053,,,,,,,,
,,F424,424,A1054,1054,,,,,,,,
,,F424,424,A1055,1055,,,,,,,,
,,F424,424,A1905,1905,,,,,,,,
,,F424,424,A1800,1800,,,,,,,,
1992,Deep Six,F425,425,A1056,1056,,,,,,,,
,,F425,425,A1057,1057,,,,,2,,,
,,F425,425,A1058,1058,,,,,,,,
,,F425,425,A1059,1059,,,,,,,,
,,F425,425,A1800,1800,,,,,,,,
1992,Destro,F426,426,A1060,1060,,,,,,,,
,,F426,426,A1061,1061,,,,,,,,
,,F426,426,A1062,1062,,,,,2,,,
,,F426,426,A1800,1800,,,,,,,,
1992,Dice,F427,427,A1063,1063,,,,,,,,
,,F427,427,A1064,1064,,,,,,,,
,,F427,427,A1800,1800,,,,,,,,
1992,Dojo,F428,428,A1065,1065,,,,,,,,
,,F428,428,A1066,1066,,,,,,,,
,,F428,428,A1067,1067,,,,,,,,
,,F428,428,A1905,1905,,,,,,,,
,,F428,428,A1800,1800,,,,,,,,
1992,Dojo,F429,429,A1065,1065,,,,,,,,
,,F429,429,A1066,1066,,,,,,,,
,,F429,429,A1067,1067,,,,,,,,
,,F429,429,A1905,1905,,,,,,,,
,,F429,429,A1800,1800,,,,,,,,
1992,Duke,F430,430,A1068,1068,,,,,,,,
,,F430,430,A1069,1069,,,,,,,,
,,F430,430,A1070,1070,,,,,,,,
,,F430,430,A1071,1071,,,,,,,,
,,F430,430,A1072,1072,,,,,,,,
,,F430,430,A1073,1073,,,,,,,,
,,F430,430,A1074,1074,,,,,,,,
,,F430,430,A1800,1800,,,,,,,,
1992,Eels,F431,431,A1075,1075,,,,,,,,
,,F431,431,A1076,1076,,,,,,,,
,,F431,431,A1077,1077,,,,,,,,
,,F431,431,A1078,1078,,,,,,,,
,,F431,431,A1079,1079,,,,,,,,
,,F431,431,A1080,1080,,,,,,,,
,,F431,431,A1081,1081,,,,,,,,
,,F431,431,A1800,1800,,,,,,,,
1992,Firefly,F432,432,A1082,1082,,,,,,,,
,,F432,432,A1083,1083,,,,,,,,
,,F432,432,A1084,1084,,,,,,,,
,,F432,432,A1085,1085,,,,,,,,
,,F432,432,A1800,1800,,,,,,,,
1992,Flak-Viper,F433,433,A1086,1086,,,,,,,,
,,F433,433,A1087,1087,,,,,,,,
,,F433,433,A1088,1088,,,,,,,,
,,F433,433,A1800,1800,,,,,,,,
1992,General Flagg,F434,434,A1089,1089,,,,,,,,
,,F434,434,A1090,1090,,,,,,,,
,,F434,434,A1091,1091,,,,,,,,
,,F434,434,A1092,1092,,,,,,,,
,,F434,434,A1093,1093,,,,,,,,
,,F434,434,A1094,1094,,,,,,,,
,,F434,434,A1906,1906,,,,,,,,
,,F434,434,A1800,1800,,,,,,,,
1992,General Hawk,F435,435,A1095,1095,,,,,,,,
,,F435,435,A1096,1096,,,,,,,,
,,F435,435,A1097,1097,,,,,,,,
,,F435,435,A1098,1098,,,,,,,,
,,F435,435,A1800,1800,,,,,,,,
1992,Gung-Ho,F436,436,A1099,1099,,,,,,,,
,,F436,436,A1100,1100,,,,,,,,
,,F436,436,A1101,1101,,,,,,,,
,,F436,436,A1102,1102,,,,,,,,
,,F436,436,A1103,1103,,,,,,,,
,,F436,436,A1800,1800,,,,,,,,
1992,Headhunters,F437,437,A1104,1104,,,,,,,,
,,F437,437,A1105,1105,,,,,,,,
,,F437,437,A1106,1106,,,,,,,,
,,F437,437,A1107,1107,,,,,,,,
,,F437,437,A1800,1800,,,,,,,,
1992,Headman,F438,438,A1108,1108,,,,,,,,
,,F438,438,A1109,1109,,,,,,,,
,,F438,438,A1110,1110,,,,,,,,
,,F438,438,A1800,1800,,,,,,,,
1992,Heli-Vipers,F439,439,A1111,1111,,,,,,,,
1992,Mutt & Junkyard,F440,440,A1112,1112,,,,,,,,
,,F440,440,A1113,1113,,,,,,,,
,,F440,440,A1114,1114,,,,,,,,
,,F440,440,A0599,599,,,,,,,,
,,F440,440,A1800,1800,,,,,,,,
1992,Ninja Viper,F441,441,A1115,1115,,,,,2,,,
,,F441,441,A1116,1116,,,,,2,,,
1992,Ninja Viper,F442,442,A1115,1115,,,,,2,,,
,,F442,442,A1116,1116,,,,,2,,,
1992,Ninja Viper,F443,443,A1115,1115,,,,,2,,,
,,F443,443,A1116,1116,,,,,2,,,
1992,Nunchuk,F444,444,A1117,1117,,,,,,,,
,,F444,444,A1118,1118,,,,,,,,
,,F444,444,A1800,1800,,,,,,,,
1992,Nunchuk,F445,445,A1117,1117,,,,,,,,
,,F445,445,A1118,1118,,,,,,,,
,,F445,445,A1800,1800,,,,,,,,
1992,Overkill,F446,446,A1119,1119,,,,,,,,
,,F446,446,A1120,1120,,,,,,,,
,,F446,446,A1121,1121,,,,,,,,
,,F446,446,A1122,1122,,,,,,,,
,,F446,446,A1800,1800,,,,,,,,
1992,Roadblock,F447,447,A1123,1123,,,,,,,,
,,F447,447,A1124,1124,,,,,,,,
,,F447,447,A1125,1125,,,,,,,,
,,F447,447,A1126,1126,,,,,,,,
,,F447,447,A1800,1800,,,,,,,,
1992,Shockwave,F448,448,A1127,1127,,,,,,,,
,,F448,448,A1128,1128,,,,,,,,
,,F448,448,A1129,1129,,,,,,,,
,,F448,448,A1130,1130,,,,,,,,
,,F448,448,A1800,1800,,,,,,,,
1992,Shortfuse,F449,449,A0774,774,,,,,,,,
,,F449,449,A0776,776,,,,,,,,
1992,Slice,F450,450,A1131,1131,,,,,,,,
,,F450,450,A1132,1132,,,,,,,,
,,F450,450,A1800,1800,,,,,,,,
1992,Slice,F451,451,A1131,1131,,,,,,,,
,,F451,451,A1132,1132,,,,,,,,
,,F451,451,A1800,1800,,,,,,,,
1992,Snake Eyes,F452,452,A0787,787,,,,,,,,
,,F452,452,A0778,778,,,,,,,,
1992,Spirit ,F453,453,A1133,1133,,,,,,,,
1992,Stalker,F454,454,A1134,1134,,,,,,,,
,,F454,454,A1135,1135,,,,,,,,
,,F454,454,A1136,1136,,,,,,,,
,,F454,454,A1800,1800,,,,,,,,
1992,Steel Brigade,F455,455,A1137,1137,,,,,,,,
,,F455,455,A1138,1138,,,,,,,,
1992,Storm Shadow,F456,456,A1139,1139,,,,,,,,
,,F456,456,A1140,1140,,,,,,,,
,,F456,456,A1800,1800,,,,,,,,
1992,Storm Shadow,F457,457,A1139,1139,,,,,,,,
,,F457,457,A1140,1140,,,,,,,,
,,F457,457,A1800,1800,,,,,,,,
1992,T'Jbang,F458,458,A1141,1141,,,,,,,,
,,F458,458,A1142,1142,,,,,,,,
,,F458,458,A1800,1800,,,,,,,,
1992,Toxo-Zombie,F459,459,A1143,1143,,,,,,,,
,,F459,459,A1144,1144,,,,,,,,
,,F459,459,A1800,1800,,,,,,,,
1992,Tripwire,F460,460,A0730,730,,,,,,,,
,,F460,460,A0793,793,,,,,,,,
1992,Undercover Scarlett,F461,461,A0580,580,,,,,,,,
,,F461,461,A0581,581,,,,,,,,
,,F461,461,A0582,582,,,,,,,,
1992,Wet-Suit,F462,462,A1145,1145,,,,,,,,
,,F462,462,A1146,1146,,,,,,,,
,,F462,462,A1147,1147,,,,,2,,,
,,F462,462,A1148,1148,,,,,,,,
,,F462,462,A1149,1149,,,,,3,,,
,,F462,462,A1800,1800,,,,,,,,
1992,Wild Bill,F463,463,A1150,1150,,,,,,,,
,,F463,463,A1151,1151,,,,,,,,
,,F463,463,A1152,1152,,,,,,,,
,,F463,463,A1153,1153,,,,,,,,
,,F463,463,A1154,1154,,,,,,,,
,,F463,463,A1155,1155,,,,,,,,
,,F463,463,A1800,1800,,,,,,,,
1993,Ace,F464,464,A1156,1156,,,,,,,,
,,F464,464,A1024,1024,,,,,,,,
,,F464,464,A0257,257,,,,,,,,
1993,Alley Viper,F465,465,A1157,1157,,,,,,,,
,,F465,465,A0526,526,,,,,,,,
,,F465,465,A0713,713,,,,,,,,
,,F465,465,A1158,1158,,,,,,,,
,,F465,465,A1159,1159,,,,,,,,
,,F465,465,A1160,1160,,,,,2,,,
,,F465,465,A1161,1161,,,,,,,,
,,F465,465,A0528,528,,,,,,,,
,,F465,465,A1800,1800,,,,,,,,
1993,Ambush,F466,466,A1162,1162,,,,,,,,
,,F466,466,A1163,1163,,,,,,,,
,,F466,466,A1164,1164,,,,,,,,
,,F466,466,A1165,1165,,,,,,,,
,,F466,466,A1166,1166,,,,,,,,
,,F466,466,A1167,1167,,,,,,,,
,,F466,466,A1168,1168,,,,,,,,
,,F466,466,A1808,1808,,,,,,,,
1993,Astro Viper,F467,467,A1169,1169,,,,,,,,
,,F467,467,A1170,1170,,,,,,,,
,,F467,467,A1171,1171,,,,,,,,
,,F467,467,A1172,1172,,,,,,,,
,,F467,467,A1173,1173,,,,,,,,
,,F467,467,A1174,1174,,,,,,,,
,,F467,467,A1175,1175,,,,,2,,,
,,F467,467,A1812,1812,,,,,,,,
,,F467,467,A1861,1861,,,,,,,,
1993,B.A.A.T.,F468,468,A1176,1176,,,,,,,,
,,F468,468,A1177,1177,,,,,,,,
,,F468,468,A1178,1178,,,,,,,,
,,F468,468,A1179,1179,,,,,,,,
,,F468,468,A1180,1180,,,,,,,,
,,F468,468,A1181,1181,,,,,,,,
,,F468,468,A1182,1182,,,,,2,,,
,,F468,468,A1822,1822,,,,,,,,
,,F468,468,A1871,1871,,,,,,,,
1993,Backblast,F469,469,A1183,1183,,,,,,,,
,,F469,469,A1184,1184,,,,,,,,
,,F469,469,A1185,1185,,,,,,,,
,,F469,469,A1186,1186,,,,,,,,
,,F469,469,A1187,1187,,,,,2,,,
,,F469,469,A1800,1800,,,,,,,,
,,F469,469,A1850,1850,,,,,,,,
1993,Backblast,F470,470,A1183,1183,,,,,,,,
,,F470,470,A1184,1184,,,,,,,,
,,F470,470,A1185,1185,,,,,,,,
,,F470,470,A1186,1186,,,,,,,,
,,F470,470,A1187,1187,,,,,2,,,
,,F470,470,A1800,1800,,,,,,,,
,,F470,470,A1850,1850,,,,,,,,
1993,Balrog,F471,471,A1188,1188,,,,,,,,
,,F471,471,A1189,1189,,,,,,,,
,,F471,471,A1060,1060,,,,,,,,
,,F471,471,A1190,1190,,,,,,,,
,,F471,471,A0631,631,,,,,,,,
,,F471,471,A1191,1191,,,,,,,,
,,F471,471,A1192,1192,,,,,2,,,
,,F471,471,A1193,1193,,,,,,,,
,,F471,471,A1905,1905,,,,,,,,
,,F471,471,A1800,1800,,,,,,,,
,,F471,471,A1850,1850,,,,,,,,
1993,Banzai,F472,472,A1194,1194,,,,,,,,
,,F472,472,A1195,1195,,,,,,,,
,,F472,472,A1196,1196,,,,,,,,
,,F472,472,A1197,1197,,,,,2,,,
,,F472,472,A1198,1198,,,,,,,,
,,F472,472,A1199,1199,,,,,,,,
,,F472,472,A1813,1813,,,,,,,,
,,F472,472,A1862,1862,,,,,,,,
1993,Barricade,F473,473,A1031,1031,,,,,,,,
,,F473,473,A1032,1032,,,,,,,,
,,F473,473,A1033,1033,,,,,,,,
,,F473,473,A1034,1034,,,,,,,,
,,F473,473,A1035,1035,,,,,,,,
,,F473,473,A1800,1800,,,,,,,,
1993,Bazooka,F474,474,A1200,1200,,,,,,,,
,,F474,474,A1201,1201,,,,,,,,
,,F474,474,A1202,1202,,,,,,,,
,,F474,474,A1203,1203,,,,,,,,
,,F474,474,A1204,1204,,,,,2,,,
,,F474,474,A1802,1802,,,,,,,,
,,F474,474,A1852,1852,,,,,,,,
1993,Beach-Head,F475,475,A1205,1205,,,,,,,,
,,F475,475,A1206,1206,,,,,,,,
,,F475,475,A1207,1207,,,,,,,,
,,F475,475,A1208,1208,,,,,,,,
,,F475,475,A1209,1209,,,,,,,,
,,F475,475,A1210,1210,,,,,2,,,
,,F475,475,A1822,1822,,,,,,,,
,,F475,475,A1871,1871,,,,,,,,
1993,Big Bear,F476,476,A0722,722,,,,,,,,
,,F476,476,A1800,1800,,,,,,,,
1993,Big Ben,F477,477,A0393,393,,,,,,,,
,,F477,477,A1800,1800,,,,,,,,
1993,Bio-Vipers,F478,478,A1211,1211,,,,,,,,
,,F478,478,A1212,1212,,,,,,,,
1993,Blanka,F479,479,A1213,1213,,,,,,,,
,,F479,479,A1214,1214,,,,,,,,
,,F479,479,A1215,1215,,,,,,,,
,,F479,479,A1216,1216,,,,,,,,
,,F479,479,A1217,1217,,,,,2,,,
,,F479,479,A1193,1193,,,,,,,,
,,F479,479,A1905,1905,,,,,,,,
,,F479,479,A1814,1814,,,,,,,,
,,F479,479,A1863,1863,,,,,,,,
1993,Blast-Off,F481,481,A1218,1218,,,,,,,,
,,F481,481,A1219,1219,,,,,,,,
,,F481,481,A1220,1220,,,,,,,,
,,F481,481,A1221,1221,,,,,,,,
,,F481,481,A1222,1222,,,,,,,,
,,F481,481,A1223,1223,,,,,,,,
,,F481,481,A1224,1224,,,,,2,,,
,,F481,481,A1225,1225,,,,,,,,
,,F481,481,A1801,1801,,,,,,,,
,,F481,481,A1851,1851,,,,,,,,
1993,Budo,F482,482,A1226,1226,,,,,,,,
,,F482,482,A0417,417,,,,,,,,
,,F482,482,A1800,1800,,,,,,,,
1993,Bullet-Proof,F483,483,A1227,1227,,,,,,,,
,,F483,483,A1043,1043,,,,,,,,
,,F483,483,A1044,1044,,,,,,,,
,,F483,483,A1228,1228,,,,,,,,
,,F483,483,A1046,1046,,,,,,,,
,,F483,483,A1800,1800,,,,,,,,
1993,Bushido,F484,484,A1229,1229,,,,,,,,
,,F484,484,A1230,1230,,,,,,,,
,,F484,484,A1231,1231,,,,,,,,
,,F484,484,A1232,1232,,,,,2,,,
,,F484,484,A1233,1233,,,,,,,,
,,F484,484,A1234,1234,,,,,,,,
,,F484,484,A1821,1821,,,,,,,,
,,F484,484,A1870,1870,,,,,,,,
1993,Chun Li,F485,485,A1235,1235,,,,,,,,
,,F485,485,A1236,1236,,,,,,,,
,,F485,485,A1237,1237,,,,,,,,
,,F485,485,A1238,1238,,,,,,,,
,,F485,485,A1239,1239,,,,,2,,,
,,F485,485,A1240,1240,,,,,,,,
,,F485,485,A1822,1822,,,,,,,,
,,F485,485,A1871,1871,,,,,,,,
1993,Clutch,F487,487,A1241,1241,,,,,,,,
,,F487,487,A1242,1242,,,,,,,,
,,F487,487,A1243,1243,,,,,,,,
,,F487,487,A0457,457,,,,,,,,
,,F487,487,A0596,596,,,,,,,,
,,F487,487,A1244,1244,,,,,,,,
,,F487,487,A1245,1245,,,,,2,,,
,,F487,487,A1246,1246,,,,,,,,
,,F487,487,A1800,1800,,,,,,,,
,,F487,487,A1851,1851,,,,,,,,
1993,Clutch,F488,488,A1241,1241,,,,,,,,
,,F488,488,A1242,1242,,,,,,,,
,,F488,488,A1243,1243,,,,,,,,
,,F488,488,A0457,457,,,,,,,,
,,F488,488,A0596,596,,,,,,,,
,,F488,488,A1244,1244,,,,,,,,
,,F488,488,A1245,1245,,,,,2,,,
,,F488,488,A1246,1246,,,,,,,,
,,F488,488,A1800,1800,,,,,,,,
,,F488,488,A1851,1851,,,,,,,,
1993,Cobra Commander,F489,489,A1247,1247,,,,,,,,
,,F489,489,A1248,1248,,,,,,,,
,,F489,489,A1249,1249,,,,,,,,
,,F489,489,A1250,1250,,,,,,,,
,,F489,489,A1251,1251,,,,,,,,
,,F489,489,A1252,1252,,,,,2,,,
,,F489,489,A1816,1816,,,,,,,,
,,F489,489,A1865,1865,,,,,,,,
1993,Colonel Courage,F490,490,A1253,1253,,,,,,,,
,,F490,490,A1254,1254,,,,,,,,
,,F490,490,A1255,1255,,,,,,,,
,,F490,490,A1256,1256,,,,,,,,
,,F490,490,A1257,1257,,,,,,,,
,,F490,490,A1258,1258,,,,,,,,
,,F490,490,A1259,1259,,,,,,,,
,,F490,490,A1260,1260,,,,,,,,
,,F490,490,A1802,1802,,,,,,,,
,,F490,490,A1857,1857,,,,,,,,
1993,Countdown,F491,491,A1261,1261,,,,,,,,
,,F491,491,A1262,1262,,,,,,,,
,,F491,491,A1263,1263,,,,,,,,
,,F491,491,A1208,1208,,,,,,,,
,,F491,491,A1264,1264,,,,,,,,
,,F491,491,A1265,1265,,,,,,,,
,,F491,491,A1266,1266,,,,,2,,,
,,F491,491,A1822,1822,,,,,,,,
,,F491,491,A1871,1871,,,,,,,,
1993,Crimson Guard Commander,F492,492,A1267,1267,,,,,,,,
,,F492,492,A0720,720,,,,,,,,
,,F492,492,A1190,1190,,,,,,,,
,,F492,492,A1268,1268,,,,,,,,
,,F492,492,A1269,1269,,,,,,,,
,,F492,492,A1270,1270,,,,,2,,,
,,F492,492,A1800,1800,,,,,,,,
,,F492,492,A1850,1850,,,,,,,,
1993,Cross-Country,F493,493,A1271,1271,,,,,,,,
,,F493,493,A0629,629,,,,,,,,
,,F493,493,A0432,432,,,,,,,,
,,F493,493,A0692,692,,,,,,,,
,,F493,493,A1272,1272,,,,,,,,
,,F493,493,A1273,1273,,,,,,,,
,,F493,493,A1274,1274,,,,,2,,,
,,F493,493,A1800,1800,,,,,,,,
,,F493,493,A1850,1850,,,,,,,,
1993,Cutter,F494,494,A1275,1275,,,,,,,,
1993,Cyber-Vipers,F495,495,A1276,1276,,,,,,,,
,,F495,495,A1277,1277,,,,,,,,
,,F495,495,A1278,1278,,,,,,,,
,,F495,495,A1279,1279,,,,,,,,
,,F495,495,A1280,1280,,,,,,,,
,,F495,495,A1281,1281,,,,,,,,
,,F495,495,A1282,1282,,,,,,,,
,,F495,495,A1283,1283,,,,,,,,
,,F495,495,A1807,1807,,,,,,,,
,,F495,495,A1856,1856,,,,,,,,
1993,Dee-Jay,F496,496,A0554,554,,,,,,,,
,,F496,496,A1284,1284,,,,,,,,
,,F496,496,A1800,1800,,,,,,,,
1993,Deep Six,F497,497,A1285,1285,,,,,,,,
,,F497,497,A1286,1286,,,,,,,,
,,F497,497,A1800,1800,,,,,,,,
1993,Destro,F498,498,A1287,1287,,,,,,,,
,,F498,498,A1288,1288,,,,,,,,
,,F498,498,A1248,1248,,,,,,,,
,,F498,498,A1289,1289,,,,,,,,
,,F498,498,A0984,984,,,,,,,,
,,F498,498,A1290,1290,,,,,,,,
,,F498,498,A1291,1291,,,,,,,,
,,F498,498,A1816,1816,,,,,,,,
,,F498,498,A1865,1865,,,,,,,,
1993,Dhalsim,F499,499,A1292,1292,,,,,,,,
,,F499,499,A1293,1293,,,,,,,,
,,F499,499,A1294,1294,,,,,,,,
,,F499,499,A1295,1295,,,,,,,,
,,F499,499,A1296,1296,,,,,2,,,
,,F499,499,A1814,1814,,,,,,,,
,,F499,499,A1863,1863,,,,,,,,
1993,Dr. Mindbender,F500,500,A1176,1176,,,,,,,,
,,F500,500,A1177,1177,,,,,,,,
,,F500,500,A1178,1178,,,,,,,,
,,F500,500,A1179,1179,,,,,,,,
,,F500,500,A1180,1180,,,,,,,,
,,F500,500,A1297,1297,,,,,,,,
,,F500,500,A1298,1298,,,,,,,,
,,F500,500,A1182,1182,,,,,,,,
,,F500,500,A1822,1822,,,,,,,,
,,F500,500,A1871,1871,,,,,,,,
1993,Duke,F501,501,A1242,1242,,,,,,,,
,,F501,501,A1243,1243,,,,,,,,
,,F501,501,A0457,457,,,,,,,,
,,F501,501,A0596,596,,,,,,,,
,,F501,501,A1299,1299,,,,,,,,
,,F501,501,A1274,1274,,,,,2,,,
,,F501,501,A1800,1800,,,,,,,,
,,F501,501,A1850,1850,,,,,,,,
1993,Duke,F502,502,A1300,1300,,,,,,,,
,,F502,502,A1301,1301,,,,,,,,
,,F502,502,A1302,1302,,,,,,,,
,,F502,502,A1303,1303,,,,,,,,
,,F502,502,A1304,1304,,,,,2,,,
,,F502,502,A1815,1815,,,,,,,,
,,F502,502,A1864,1864,,,,,,,,
1993,Edmond Honda,F503,503,A1305,1305,,,,,,,,
,,F503,503,A1306,1306,,,,,,,,
,,F503,503,A1307,1307,,,,,,,,
,,F503,503,A1308,1308,,,,,,,,
,,F503,503,A1309,1309,,,,,2,,,
,,F503,503,A1310,1310,,,,,,,,
,,F503,503,A1311,1311,,,,,,,,
,,F503,503,A1801,1801,,,,,,,,
,,F503,503,A1851,1851,,,,,,,,
1993,Eel,F504,504,A1312,1312,,,,,,,,
,,F504,504,A1313,1313,,,,,,,,
,,F504,504,A1314,1314,,,,,,,,
,,F504,504,A1315,1315,,,,,,,,
,,F504,504,A1316,1316,,,,,,,,
,,F504,504,A1317,1317,,,,,2,,,
,,F504,504,A1318,1318,,,,,2,,,
,,F504,504,A1815,1815,,,,,,,,
,,F504,504,A1864,1864,,,,,,,,
1993,Firefly,F505,505,A1082,1082,,,,,,,,
,,F505,505,A1319,1319,,,,,,,,
,,F505,505,A1084,1084,,,,,,,,
,,F505,505,A1085,1085,,,,,,,,
,,F505,505,A1800,1800,,,,,,,,
1993,Flak-Viper,F506,506,A1320,1320,,,,,,,,
,,F506,506,A1321,1321,,,,,,,,
,,F506,506,A1322,1322,,,,,2,,,
,,F506,506,A1800,1800,,,,,,,,
1993,Frostbite,F507,507,A1323,1323,,,,,,,,
,,F507,507,A1324,1324,,,,,,,,
,,F507,507,A1325,1325,,,,,,,,
,,F507,507,A1326,1326,,,,,,,,
,,F507,507,A1327,1327,,,,,,,,
,,F507,507,A1328,1328,,,,,,,,
,,F507,507,A1329,1329,,,,,,,,
,,F507,507,A1822,1822,,,,,,,,
,,F507,507,A1870,1870,,,,,,,,
1993,General Flagg,F508,508,A1089,1089,,,,,,,,
,,F508,508,A1090,1090,,,,,,,,
,,F508,508,A1091,1091,,,,,,,,
,,F508,508,A1092,1092,,,,,,,,
,,F508,508,A1093,1093,,,,,,,,
,,F508,508,A1094,1094,,,,,,,,
,,F508,508,A1906,1906,,,,,,,,
,,F508,508,A1800,1800,,,,,,,,
1993,General Hawk,F509,509,A1330,1330,,,,,,,,
,,F509,509,A1331,1331,,,,,,,,
,,F509,509,A1332,1332,,,,,,,,
,,F509,509,A1333,1333,,,,,,,,
,,F509,509,A1800,1800,,,,,,,,
1993,General Hawk,F510,510,A1334,1334,,,,,,,,
,,F510,510,A1335,1335,,,,,,,,
,,F510,510,A1336,1336,,,,,,,,
1993,Gristle,F511,511,A1337,1337,,,,,,,,
,,F511,511,A1338,1338,,,,,,,,
,,F511,511,A1339,1339,,,,,,,,
,,F511,511,A1340,1340,,,,,,,,
,,F511,511,A1341,1341,,,,,,,,
,,F511,511,A1815,1815,,,,,,,,
,,F511,511,A1864,1864,,,,,,,,
1993,Guile,F512,512,A1243,1243,,,,,,,,
,,F512,512,A1342,1342,,,,,,,,
,,F512,512,A1124,1124,,,,,,,,
,,F512,512,A1343,1343,,,,,,,,
,,F512,512,A1344,1344,,,,,,,,
,,F512,512,A1345,1345,,,,,2,,,
,,F512,512,A1346,1346,,,,,,,,
,,F512,512,A1905,1905,,,,,,,,
,,F512,512,A1800,1800,,,,,,,,
,,F512,512,A1850,1850,,,,,,,,
1993,Gung-Ho,F514,514,A1099,1099,,,,,,,,
,,F514,514,A1100,1100,,,,,,,,
,,F514,514,A1101,1101,,,,,,,,
,,F514,514,A1102,1102,,,,,,,,
,,F514,514,A1103,1103,,,,,,,,
,,F514,514,A1800,1800,,,,,,,,
1993,Gung-Ho,F515,515,A1347,1347,,,,,,,,
,,F515,515,A1348,1348,,,,,,,,
,,F515,515,A1242,1242,,,,,,,,
,,F515,515,A1243,1243,,,,,,,,
,,F515,515,A0457,457,,,,,,,,
,,F515,515,A1349,1349,,,,,,,,
,,F515,515,A1350,1350,,,,,,,,
,,F515,515,A1274,1274,,,,,2,,,
,,F515,515,A1351,1351,,,,,,,,
,,F515,515,A1800,1800,,,,,,,,
,,F515,515,A1850,1850,,,,,,,,
1993,H.E.A.T. Viper,F516,516,A1352,1352,,,,,,,,
,,F516,516,A1353,1353,,,,,,,,
,,F516,516,A1354,1354,,,,,,,,
,,F516,516,A1355,1355,,,,,,,,
,,F516,516,A1356,1356,,,,,2,,,
,,F516,516,A1802,1802,,,,,,,,
,,F516,516,A1852,1852,,,,,,,,
1993,Headhunter Stormtroopers,F517,517,A1060,1060,,,,,,,,
,,F517,517,A1190,1190,,,,,,,,
,,F517,517,A0631,631,,,,,,,,
,,F517,517,A1191,1191,,,,,,,,
,,F517,517,A1192,1192,,,,,2,,,
,,F517,517,A1800,1800,,,,,,,,
,,F517,517,A1850,1850,,,,,,,,
1993,Headhunters,F518,518,A1104,1104,,,,,,,,
,,F518,518,A1105,1105,,,,,,,,
,,F518,518,A1357,1357,,,,,,,,
,,F518,518,A1107,1107,,,,,,,,
,,F518,518,A1800,1800,,,,,,,,
1993,Heavy Duty,F519,519,A1358,1358,,,,,,,,
,,F519,519,A1183,1183,,,,,,,,
,,F519,519,A1184,1184,,,,,,,,
,,F519,519,A1185,1185,,,,,,,,
,,F519,519,A1187,1187,,,,,,,,
,,F519,519,A1800,1800,,,,,,,,
,,F519,519,A1850,1850,,,,,,,,
1993,Iceberg,F520,520,A0410,410,,,,,,,,
,,F520,520,A0411,411,,,,,,,,
,,F520,520,A1359,1359,,,,,,,,
,,F520,520,A1327,1327,,,,,,,,
,,F520,520,A1360,1360,,,,,,,,
,,F520,520,A1361,1361,,,,,,,,
,,F520,520,A1362,1362,,,,,,,,
,,F520,520,A1363,1363,,,,,,,,
,,F520,520,A1870,1870,,,,,,,,
1993,Interrogator,F521,521,A0380,380,,,,,,,,
,,F521,521,A1800,1800,,,,,,,,
1993,Jinx,F522,522,A0336,336,,,,,,,,
,,F522,522,A1364,1364,,,,,,,,
1993,Jinx,F523,523,A0336,336,,,,,,,,
,,F523,523,A1364,1364,,,,,,,,
1993,Keel-Haul,F524,524,A1220,1220,,,,,,,,
,,F524,524,A1221,1221,,,,,,,,
,,F524,524,A1222,1222,,,,,,,,
,,F524,524,A1365,1365,,,,,,,,
,,F524,524,A1224,1224,,,,,,,,
,,F524,524,A1801,1801,,,,,,,,
,,F524,524,A1851,1851,,,,,,,,
1993,Keel-Haul,F525,525,A1220,1220,,,,,,,,
,,F525,525,A1221,1221,,,,,,,,
,,F525,525,A1222,1222,,,,,,,,
,,F525,525,A1365,1365,,,,,,,,
,,F525,525,A1224,1224,,,,,,,,
,,F525,525,A1801,1801,,,,,,,,
,,F525,525,A1851,1851,,,,,,,,
1993,Ken Masters,F526,526,A1366,1366,,,,,,,,
,,F526,526,A1367,1367,,,,,,,,
,,F526,526,A0641,641,,,,,,,,
,,F526,526,A1368,1368,,,,,,,,
,,F526,526,A1369,1369,,,,,2,,,
,,F526,526,A1800,1800,,,,,,,,
,,F526,526,A1850,1850,,,,,,,,
1993,Ken Masters,F527,527,A1366,1366,,,,,,,,
,,F527,527,A1367,1367,,,,,,,,
,,F527,527,A0641,641,,,,,,,,
,,F527,527,A1368,1368,,,,,,,,
,,F527,527,A1369,1369,,,,,2,,,
,,F527,527,A1800,1800,,,,,,,,
,,F527,527,A1850,1850,,,,,,,,
1993,Law,F528,528,A1370,1370,,,,,,,,
,,F528,528,A1371,1371,,,,,,,,
,,F528,528,A1372,1372,,,,,,,,
,,F528,528,A1373,1373,,,,,,,,
,,F528,528,A1374,1374,,,,,,,,
,,F528,528,A1375,1375,,,,,2,,,
,,F528,528,A1822,1822,,,,,,,,
,,F528,528,A1871,1871,,,,,,,,
1993,Leatherneck,F529,529,A1376,1376,,,,,,,,
,,F529,529,A1377,1377,,,,,,,,
,,F529,529,A1378,1378,,,,,,,,
,,F529,529,A1379,1379,,,,,,,,
,,F529,529,A1272,1272,,,,,,,,
,,F529,529,A1380,1380,,,,,,,,
,,F529,529,A1381,1381,,,,,,,,
,,F529,529,A1800,1800,,,,,,,,
,,F529,529,A1850,1850,,,,,,,,
1993,Long Arm,F530,530,A1382,1382,,,,,,,,
,,F530,530,A1383,1383,,,,,,,,
,,F530,530,A1384,1384,,,,,,,,
,,F530,530,A1385,1385,,,,,,,,
,,F530,530,A1386,1386,,,,,,,,
,,F530,530,A1387,1387,,,,,,,,
,,F530,530,A1388,1388,,,,,2,,,
,,F530,530,A1815,1815,,,,,,,,
,,F530,530,A1864,1864,,,,,,,,
1993,Low-Light,F531,531,A0921,921,,,,,,,,
,,F531,531,A0922,922,,,,,,,,
,,F531,531,A1376,1376,,,,,,,,
,,F531,531,A1377,1377,,,,,,,,
,,F531,531,A1378,1378,,,,,,,,
,,F531,531,A1379,1379,,,,,,,,
,,F531,531,A1272,1272,,,,,,,,
,,F531,531,A1800,1800,,,,,,,,
1993,M. Bison,F532,532,A1389,1389,,,,,,,,
,,F532,532,A1390,1390,,,,,,,,
,,F532,532,A0533,533,,,,,,,,
,,F532,532,A1190,1190,,,,,,,,
,,F532,532,A1391,1391,,,,,,,,
,,F532,532,A1392,1392,,,,,2,,,
,,F532,532,A1393,1393,,,,,,,,
,,F532,532,A1905,1905,,,,,,,,
,,F532,532,A1800,1800,,,,,,,,
,,F532,532,A1850,1850,,,,,,,,
1993,M. Bison,F533,533,A1389,1389,,,,,,,,
,,F533,533,A1390,1390,,,,,,,,
,,F533,533,A0533,533,,,,,,,,
,,F533,533,A1190,1190,,,,,,,,
,,F533,533,A1391,1391,,,,,,,,
,,F533,533,A1392,1392,,,,,2,,,
,,F533,533,A1393,1393,,,,,,,,
,,F533,533,A1905,1905,,,,,,,,
,,F533,533,A1800,1800,,,,,,,,
,,F533,533,A1850,1850,,,,,,,,
1993,M. Bison,F534,534,A1389,1389,,,,,,,,
1993,M. Bison,F535,535,A1389,1389,,,,,,,,
1993,Mace,F536,536,A1394,1394,,,,,,,,
,,F536,536,A1395,1395,,,,,,,,
,,F536,536,A1396,1396,,,,,,,,
,,F536,536,A1397,1397,,,,,,,,
,,F536,536,A1398,1398,,,,,,,,
,,F536,536,A1399,1399,,,,,,,,
,,F536,536,A1400,1400,,,,,2,,,
,,F536,536,A1822,1822,,,,,,,,
,,F536,536,A1871,1871,,,,,,,,
1993,Major Altitude,F537,537,A1401,1401,,,,,,,,
,,F537,537,A1402,1402,,,,,,,,
,,F537,537,A1800,1800,,,,,,,,
1993,Mega-Vipers,F538,538,A1403,1403,,,,,,,,
,,F538,538,A1404,1404,,,,,,,,
,,F538,538,A1405,1405,,,,,,,,
,,F538,538,A1406,1406,,,,,,,,
,,F538,538,A1407,1407,,,,,,,,
,,F538,538,A1408,1408,,,,,,,,
,,F538,538,A1409,1409,,,,,2,,,
,,F538,538,A1410,1410,,,,,,,,
,,F538,538,A1822,1822,,,,,,,,
,,F538,538,A1871,1871,,,,,,,,
1993,Mirage,F539,539,A1411,1411,,,,,,,,
,,F539,539,A1412,1412,,,,,,,,
,,F539,539,A1413,1413,,,,,,,,
,,F539,539,A1414,1414,,,,,,,,
,,F539,539,A1415,1415,,,,,,,,
,,F539,539,A1416,1416,,,,,2,,,
,,F539,539,A1417,1417,,,,,,,,
,,F539,539,A1808,1808,,,,,,,,
,,F539,539,A1857,1857,,,,,,,,
1993,Monstro-Vipers,F540,540,A1418,1418,,,,,,,,
,,F540,540,A1419,1419,,,,,,,,
,,F540,540,A1420,1420,,,,,,,,
1993,Muskrat,F541,541,A1421,1421,,,,,,,,
,,F541,541,A1422,1422,,,,,,,,
,,F541,541,A1423,1423,,,,,,,,
,,F541,541,A1424,1424,,,,,,,,
,,F541,541,A1425,1425,,,,,,,,
,,F541,541,A1426,1426,,,,,,,,
,,F541,541,A1427,1427,,,,,2,,,
,,F541,541,A1804,1804,,,,,,,,
,,F541,541,A1854,1854,,,,,,,,
1993,Mutt & Junkyard,F542,542,A1112,1112,,,,,,,,
,,F542,542,A1108,1108,,,,,,,,
,,F542,542,A1428,1428,,,,,,,,
,,F542,542,A1110,1110,,,,,,,,
,,F542,542,A0599,599,,,,,,,,
,,F542,542,A1800,1800,,,,,,,,
1993,"Name Your Own ""Create a Cobra""",F543,543,A0315,315,,,,,,,,
,,F543,543,A1800,1800,,,,,,,,
1993,Night Creeper,F544,544,A1429,1429,,,,,,,,
,,F544,544,A1430,1430,,,,,,,,
,,F544,544,A1431,1431,,,,,,,,
,,F544,544,A1432,1432,,,,,,,,
,,F544,544,A1433,1433,,,,,2,,,
,,F544,544,A1801,1801,,,,,,,,
,,F544,544,A1851,1851,,,,,,,,
1993,Night Creeper Leader,F545,545,A1434,1434,,,,,,,,
,,F545,545,A1435,1435,,,,,,,,
,,F545,545,A1436,1436,,,,,,,,
,,F545,545,A1437,1437,,,,,,,,
,,F545,545,A1438,1438,,,,,2,,,
,,F545,545,A1439,1439,,,,,,,,
,,F545,545,A1440,1440,,,,,,,,
,,F545,545,A1812,1812,,,,,,,,
,,F545,545,A1861,1861,,,,,,,,
1993,Nitro-Viper,F546,546,A0660,660,,,,,,,,
1993,Outback,F547,547,A1441,1441,,,,,,,,
,,F547,547,A1442,1442,,,,,,,,
,,F547,547,A1443,1443,,,,,,,,
,,F547,547,A1444,1444,,,,,,,,
,,F547,547,A1445,1445,,,,,2,,,
,,F547,547,A1815,1815,,,,,,,,
,,F547,547,A1864,1864,,,,,,,,
1993,Outback,F548,548,A1441,1441,,,,,,,,
,,F548,548,A1442,1442,,,,,,,,
,,F548,548,A1443,1443,,,,,,,,
,,F548,548,A1444,1444,,,,,,,,
,,F548,548,A1445,1445,,,,,2,,,
,,F548,548,A1815,1815,,,,,,,,
,,F548,548,A1864,1864,,,,,,,,
1993,Ozone,F549,549,A1446,1446,,,,,,,,
,,F549,549,A1241,1241,,,,,,,,
,,F549,549,A1242,1242,,,,,,,,
,,F549,549,A1243,1243,,,,,,,,
,,F549,549,A0457,457,,,,,,,,
,,F549,549,A1447,1447,,,,,,,,
,,F549,549,A1245,1245,,,,,2,,,
,,F549,549,A1800,1800,,,,,,,,
,,F549,549,A1850,1850,,,,,,,,
1993,Ozone,F550,550,A1446,1446,,,,,,,,
,,F550,550,A1241,1241,,,,,,,,
,,F550,550,A1242,1242,,,,,,,,
,,F550,550,A1243,1243,,,,,,,,
,,F550,550,A0457,457,,,,,,,,
,,F550,550,A1447,1447,,,,,,,,
,,F550,550,A1245,1245,,,,,2,,,
,,F550,550,A1800,1800,,,,,,,,
,,F550,550,A1850,1850,,,,,,,,
1993,Payload,F551,551,A1448,1448,,,,,,,,
,,F551,551,A1449,1449,,,,,,,,
,,F551,551,A1450,1450,,,,,,,,
,,F551,551,A1451,1451,,,,,,,,
,,F551,551,A1452,1452,,,,,,,,
,,F551,551,A1453,1453,,,,,2,,,
,,F551,551,A1815,1815,,,,,,,,
,,F551,551,A1864,1864,,,,,,,,
1993,Red Ninjas,F552,552,A1454,1454,,,,,,,,
1993,Roadblock,F553,553,A0629,629,,,,,,,,
,,F553,553,A0432,432,,,,,,,,
,,F553,553,A0692,692,,,,,,,,
,,F553,553,A1272,1272,,,,,,,,
,,F553,553,A1273,1273,,,,,,,,
,,F553,553,A1274,1274,,,,,2,,,
,,F553,553,A1800,1800,,,,,,,,
,,F553,553,A1850,1850,,,,,,,,
1993,Roadblock,F554,554,A0629,629,,,,,,,,
,,F554,554,A0432,432,,,,,,,,
,,F554,554,A0692,692,,,,,,,,
,,F554,554,A1272,1272,,,,,,,,
,,F554,554,A1273,1273,,,,,,,,
,,F554,554,A1274,1274,,,,,2,,,
,,F554,554,A1800,1800,,,,,,,,
,,F554,554,A1850,1850,,,,,,,,
1993,Roadblock,F555,555,A1455,1455,,,,,,,,
,,F555,555,A1456,1456,,,,,,,,
,,F555,555,A1284,1284,,,,,,,,
,,F555,555,A1457,1457,,,,,,,,
,,F555,555,A1458,1458,,,,,,,,
,,F555,555,A1459,1459,,,,,,,,
,,F555,555,A1460,1460,,,,,,,,
,,F555,555,A1461,1461,,,,,2,,,
,,F555,555,A1806,1806,,,,,,,,
,,F555,555,A1855,1855,,,,,,,,
1993,Robo-J.O.E.,F556,556,A1462,1462,,,,,,,,
,,F556,556,A1284,1284,,,,,,,,
,,F556,556,A1457,1457,,,,,,,,
,,F556,556,A1458,1458,,,,,,,,
,,F556,556,A1459,1459,,,,,,,,
,,F556,556,A1463,1463,,,,,,,,
,,F556,556,A1461,1461,,,,,2,,,
,,F556,556,A1806,1806,,,,,,,,
,,F556,556,A1855,1855,,,,,,,,
1993,Rock 'N Roll,F557,557,A1464,1464,,,,,,,,
,,F557,557,A1465,1465,,,,,,,,
,,F557,557,A1466,1466,,,,,,,,
,,F557,557,A1467,1467,,,,,,,,
,,F557,557,A1468,1468,,,,,,,,
,,F557,557,A1370,1370,,,,,,,,
,,F557,557,A1469,1469,,,,,,,,
,,F557,557,A1470,1470,,,,,,,,
,,F557,557,A1471,1471,,,,,,,,
,,F557,557,A1472,1472,,,,,,,,
,,F557,557,A1473,1473,,,,,2,,,
,,F557,557,A1474,1474,,,,,2,,,
,,F557,557,A1822,1822,,,,,,,,
,,F557,557,A1814,1814,,,,,,,,
,,F557,557,A1871,1871,,,,,,,,
,,F557,557,A1863,1863,,,,,,,,
1993,Ryu,F558,558,A1475,1475,,,,,,,,
,,F558,558,A1476,1476,,,,,,,,
,,F558,558,A1477,1477,,,,,,,,
,,F558,558,A1478,1478,,,,,2,,,
,,F558,558,A1479,1479,,,,,,,,
,,F558,558,A1480,1480,,,,,,,,
,,F558,558,A1801,1801,,,,,,,,
,,F558,558,A1851,1851,,,,,,,,
1993,Sagat,F560,560,A1481,1481,,,,,,,,
,,F560,560,A1482,1482,,,,,,,,
,,F560,560,A1483,1483,,,,,,,,
,,F560,560,A1484,1484,,,,,,,,
,,F560,560,A1485,1485,,,,,,,,
,,F560,560,A1486,1486,,,,,2,,,
,,F560,560,A1814,1814,,,,,,,,
,,F560,560,A1863,1863,,,,,,,,
1993,Scarlett,F561,561,A1487,1487,,,,,,,,
,,F561,561,A1488,1488,,,,,,,,
,,F561,561,A1489,1489,,,,,,,,
,,F561,561,A1490,1490,,,,,,,,
,,F561,561,A1491,1491,,,,,,,,
,,F561,561,A1492,1492,,,,,2,,,
,,F561,561,A1822,1822,,,,,,,,
,,F561,561,A1871,1871,,,,,,,,
1993,Scarlett,F562,562,A1487,1487,,,,,,,,
,,F562,562,A1488,1488,,,,,,,,
,,F562,562,A1489,1489,,,,,,,,
,,F562,562,A1490,1490,,,,,,,,
,,F562,562,A1491,1491,,,,,,,,
,,F562,562,A1492,1492,,,,,2,,,
,,F562,562,A1822,1822,,,,,,,,
,,F562,562,A1871,1871,,,,,,,,
1993,Sci-Fi,F563,563,A1493,1493,,,,,,,,
,,F563,563,A0984,984,,,,,,,,
1993,Slice,F564,564,A1131,1131,,,,,,,,
,,F564,564,A1494,1494,,,,,2,,,
,,F564,564,A1495,1495,,,,,,,,
,,F564,564,A1496,1496,,,,,,,,
,,F564,564,A1497,1497,,,,,,,,
,,F564,564,A1800,1800,,,,,,,,
,,F564,564,A1850,1850,,,,,,,,
1993,Snake-Eyes,F565,565,A1498,1498,,,,,,,,
,,F565,565,A1499,1499,,,,,,,,
,,F565,565,A1500,1500,,,,,,,,
,,F565,565,A1501,1501,,,,,,,,
,,F565,565,A1502,1502,,,,,,,,
,,F565,565,A1503,1503,,,,,2,,,
,,F565,565,A1801,1801,,,,,,,,
,,F565,565,A1851,1851,,,,,,,,
1993,Snow Serpent,F566,566,A0432,432,,,,,,,,
,,F566,566,A1800,1800,,,,,,,,
1993,Snow Storm,F567,567,A1504,1504,,,,,,,,
,,F567,567,A1505,1505,,,,,,,,
,,F567,567,A1506,1506,,,,,,,,
,,F567,567,A1359,1359,,,,,,,,
,,F567,567,A1507,1507,,,,,,,,
,,F567,567,A1329,1329,,,,,2,,,
,,F567,567,A1821,1821,,,,,,,,
,,F567,567,A1870,1870,,,,,,,,
1993,Snow Storm,F568,568,A1504,1504,,,,,,,,
,,F568,568,A1505,1505,,,,,,,,
,,F568,568,A1506,1506,,,,,,,,
,,F568,568,A1359,1359,,,,,,,,
,,F568,568,A1507,1507,,,,,,,,
,,F568,568,A1329,1329,,,,,2,,,
,,F568,568,A1821,1821,,,,,,,,
,,F568,568,A1870,1870,,,,,,,,
1993,Spirit ,F569,569,A0433,433,,,,,,,,
,,F569,569,A1800,1800,,,,,,,,
1993,Stalker,F570,570,A0489,489,,,,,,,,
,,F570,570,A1800,1800,,,,,,,,
1993,Sub-Zero,F571,571,A0722,722,,,,,,,,
,,F571,571,A1800,1800,,,,,,,,
1993,T.A.R.G.A.T. ,F572,572,A1508,1508,,,,,,,,
,,F572,572,A1509,1509,,,,,,,,
,,F572,572,A1510,1510,,,,,,,,
,,F572,572,A1511,1511,,,,,,,,
,,F572,572,A1512,1512,,,,,,,,
,,F572,572,A1513,1513,,,,,2,,,
,,F572,572,A1813,1813,,,,,,,,
,,F572,572,A1862,1862,,,,,,,,
1993,T'Gin-Zu,F573,573,A1514,1514,,,,,,,,
1993,Vega,F574,574,A1515,1515,,,,,,,,
,,F574,574,A1516,1516,,,,,,,,
,,F574,574,A1517,1517,,,,,,,,
,,F574,574,A1518,1518,,,,,2,,,
,,F574,574,A1519,1519,,,,,,,,
,,F574,574,A1520,1520,,,,,,,,
,,F574,574,A1806,1806,,,,,,,,
,,F574,574,A1855,1855,,,,,,,,
1993,Wet-Suit,F575,575,A1521,1521,,,,,,,,
,,F575,575,A1522,1522,,,,,,,,
,,F575,575,A1523,1523,,,,,2,,,
,,F575,575,A1524,1524,,,,,,,,
,,F575,575,A1149,1149,,,,,3,,,
,,F575,575,A1800,1800,,,,,,,,
1993,Wild Bill,F576,576,A1150,1150,,,,,,,,
,,F576,576,A1151,1151,,,,,,,,
,,F576,576,A1152,1152,,,,,,,,
,,F576,576,A1153,1153,,,,,,,,
,,F576,576,A1154,1154,,,,,,,,
,,F576,576,A1155,1155,,,,,,,,
,,F576,576,A1800,1800,,,,,,,,
1993,Zangief,F577,577,A1525,1525,,,,,,,,
,,F577,577,A1526,1526,,,,,,,,
,,F577,577,A1527,1527,,,,,,,,
,,F577,577,A1528,1528,,,,,,,,
,,F577,577,A1529,1529,,,,,2,,,
,,F577,577,A1530,1530,,,,,,,,
,,F577,577,A1905,1905,,,,,,,,
,,F577,577,A1812,1812,,,,,,,,
,,F577,577,A1861,1861,,,,,,,,
1993,Zartan,F578,578,A1531,1531,,,,,,,,
,,F578,578,A1532,1532,,,,,,,,
,,F578,578,A1533,1533,,,,,,,,
,,F578,578,A1534,1534,,,,,,,,
,,F578,578,A1535,1535,,,,,2,,,
,,F578,578,A1812,1812,,,,,,,,
,,F578,578,A1861,1861,,,,,,,,
1994,Action Marine,F579,579,A1536,1536,,,,,,,,
,,F579,579,A1537,1537,,,,,,,,
,,F579,579,A1538,1538,,,,,,,,
,,F579,579,A1539,1539,,,,,,,,
,,F579,579,A1540,1540,,,,,,,,
,,F579,579,A1541,1541,,,,,,,,
,,F579,579,A1542,1542,,,,,,,,
,,F579,579,A1543,1543,,,,,,,,
,,F579,579,A1544,1544,,,,,,,,
1994,Action Pilot,F580,580,A1545,1545,,,,,,,,
,,F580,580,A1546,1546,,,,,,,,
,,F580,580,A1547,1547,,,,,,,,
,,F580,580,A1548,1548,,,,,,,,
,,F580,580,A1549,1549,,,,,,,,
,,F580,580,A1550,1550,,,,,,,,
,,F580,580,A1551,1551,,,,,,,,
,,F580,580,A1552,1552,,,,,,,,
1994,Action Pilot,F581,581,A1545,1545,,,,,,,,
,,F581,581,A1546,1546,,,,,,,,
,,F581,581,A1547,1547,,,,,,,,
,,F581,581,A1548,1548,,,,,,,,
,,F581,581,A1549,1549,,,,,,,,
,,F581,581,A1550,1550,,,,,,,,
,,F581,581,A1551,1551,,,,,,,,
,,F581,581,A1552,1552,,,,,,,,
1994,Action Pilot Astronaut,F582,582,A1553,1553,,,,,,,,
,,F582,582,A1554,1554,,,,,,,,
1994,Action Sailor,F583,583,A1555,1555,,,,,,,,
,,F583,583,A1556,1556,,,,,,,,
,,F583,583,A1557,1557,,,,,,,,
,,F583,583,A1558,1558,,,,,,,,
,,F583,583,A1559,1559,,,,,,,,
,,F583,583,A1560,1560,,,,,,,,
,,F583,583,A1561,1561,,,,,2,,,
,,F583,583,A1562,1562,,,,,,,,
,,F583,583,A1563,1563,,,,,,,,
,,F583,583,A1564,1564,,,,,,,,
1994,Action Sailor,F584,584,A1555,1555,,,,,,,,
,,F584,584,A1565,1565,,,,,,,,
,,F584,584,A1566,1566,,,,,,,,
,,F584,584,A1567,1567,,,,,,,,
,,F584,584,A1568,1568,,,,,,,,
,,F584,584,A1569,1569,,,,,,,,
,,F584,584,A1561,1561,,,,,2,,,
,,F584,584,A1570,1570,,,,,,,,
,,F584,584,A1571,1571,,,,,,,,
,,F584,584,A1572,1572,,,,,,,,
1994,Action Soldier,F585,585,A1573,1573,,,,,,,,
,,F585,585,A1574,1574,,,,,,,,
,,F585,585,A1575,1575,,,,,,,,
,,F585,585,A1538,1538,,,,,,,,
,,F585,585,A1576,1576,,,,,,,,
,,F585,585,A1577,1577,,,,,,,,
,,F585,585,A1578,1578,,,,,,,,
,,F585,585,A1579,1579,,,,,,,,
,,F585,585,A1580,1580,,,,,,,,
,,F585,585,A1581,1581,,,,,,,,
,,F585,585,A1582,1582,,,,,,,,
,,F585,585,A1583,1583,,,,,,,,
,,F585,585,A1584,1584,,,,,,,,
,,F585,585,A1585,1585,,,,,,,,
,,F585,585,A1586,1586,,,,,,,,
,,F585,585,A1587,1587,,,,,,,,
,,F585,585,A1588,1588,,,,,,,,
,,F585,585,A1589,1589,,,,,,,,
,,F585,585,A1590,1590,,,,,,,,
,,F585,585,A1591,1591,,,,,,,,
,,F585,585,A1592,1592,,,,,,,,
,,F585,585,A1593,1593,,,,,,,,
,,F585,585,A1594,1594,,,,,,,,
,,F585,585,A1595,1595,,,,,,,,
1994,Alley Viper,F586,586,A1596,1596,,,,,,,,
,,F586,586,A1597,1597,,,,,,,,
,,F586,586,A1598,1598,,,,,,,,
,,F586,586,A1599,1599,,,,,,,,
,,F586,586,A1600,1600,,,,,2,,,
,,F586,586,A1601,1601,,,,,,,,
,,F586,586,A1812,1812,,,,,,,,
,,F586,586,A1861,1861,,,,,,,,
1994,Beach-Head,F587,587,A1205,1205,,,,,,,,
,,F587,587,A1206,1206,,,,,,,,
,,F587,587,A1207,1207,,,,,,,,
,,F587,587,A1208,1208,,,,,,,,
,,F587,587,A1209,1209,,,,,,,,
,,F587,587,A1210,1210,,,,,,,,
,,F587,587,A1822,1822,,,,,,,,
,,F587,587,A1871,1871,,,,,,,,
1994,Blackstar,F588,588,A1602,1602,,,,,,,,
,,F588,588,A1603,1603,,,,,,,,
,,F588,588,A1604,1604,,,,,,,,
,,F588,588,A1160,1160,,,,,2,,,
,,F588,588,A1800,1800,,,,,,,,
1994,Bushido,F589,589,A1605,1605,,,,,,,,
,,F589,589,A1606,1606,,,,,,,,
,,F589,589,A1607,1607,,,,,,,,
,,F589,589,A1608,1608,,,,,2,,,
,,F589,589,A1609,1609,,,,,,,,
,,F589,589,A1610,1610,,,,,,,,
,,F589,589,A1817,1817,,,,,,,,
,,F589,589,A1866,1866,,,,,,,,
1994,Carcass,F590,590,A1611,1611,,,,,,,,
,,F590,590,A1612,1612,,,,,,,,
,,F590,590,A1613,1613,,,,,,,,
,,F590,590,A1614,1614,,,,,,,,
,,F590,590,A1615,1615,,,,,,,,
,,F590,590,A1808,1808,,,,,,,,
,,F590,590,A1857,1857,,,,,,,,
1994,Cobra Commander,F591,591,A1616,1616,,,,,,,,
,,F591,591,A1617,1617,,,,,,,,
,,F591,591,A1618,1618,,,,,,,,
,,F591,591,A1619,1619,,,,,,,,
,,F591,591,A1620,1620,,,,,,,,
1994,Countdown,F592,592,A1621,1621,,,,,,,,
,,F592,592,A1183,1183,,,,,,,,
,,F592,592,A1184,1184,,,,,,,,
,,F592,592,A1185,1185,,,,,,,,
,,F592,592,A1622,1622,,,,,,,,
,,F592,592,A1187,1187,,,,,,,,
,,F592,592,A1800,1800,,,,,,,,
,,F592,592,A1850,1850,,,,,,,,
1994,Dial-Tone,F593,593,A1623,1623,,,,,,,,
,,F593,593,A1624,1624,,,,,,,,
,,F593,593,A1625,1625,,,,,,,,
,,F593,593,A1626,1626,,,,,,,,
,,F593,593,A1627,1627,,,,,,,,
,,F593,593,A1628,1628,,,,,,,,
,,F593,593,A1629,1629,,,,,,,,
,,F593,593,A1822,1822,,,,,,,,
,,F593,593,A1871,1871,,,,,,,,
1994,Duke,F594,594,A1630,1630,,,,,,,,
,,F594,594,A1631,1631,,,,,,,,
,,F594,594,A0734,734,,,,,,,,
,,F594,594,A1632,1632,,,,,,,,
,,F594,594,A1274,1274,,,,,2,,,
1994,Effects,F595,595,A1633,1633,,,,,,,,
,,F595,595,A1634,1634,,,,,,,,
,,F595,595,A1635,1635,,,,,,,,
,,F595,595,A1636,1636,,,,,,,,
,,F595,595,A1637,1637,,,,,,,,
,,F595,595,A1638,1638,,,,,,,,
,,F595,595,A1906,1906,,,,,,,,
1994,Fighter Pilot,F596,596,A1639,1639,,,,,,,,
,,F596,596,A1640,1640,,,,,,,,
,,F596,596,A1641,1641,,,,,,,,
,,F596,596,A1642,1642,,,,,,,,
,,F596,596,A1643,1643,,,,,,,,
1994,Flint,F597,597,A1644,1644,,,,,,,,
,,F597,597,A0432,432,,,,,,,,
,,F597,597,A0680,680,,,,,,,,
,,F597,597,A0852,852,,,,,,,,
,,F597,597,A1645,1645,,,,,,,,
,,F597,597,A1274,1274,,,,,2,,,
,,F597,597,A1800,1800,,,,,,,,
,,F597,597,A1850,1850,,,,,,,,
1994,G.I. Joe,F598,598,A1100,1100,,,,,,,,
1994,Gears,F599,599,A1647,1647,,,,,,,,
1994,Ice Cream Soldier,F600,600,A1647,1647,,,,,,,,
,,F600,600,A1648,1648,,,,,,,,
,,F600,600,A1649,1649,,,,,,,,
,,F600,600,A1650,1650,,,,,,,,
,,F600,600,A1651,1651,,,,,,,,
,,F600,600,A1652,1652,,,,,2,,,
,,F600,600,A1807,1807,,,,,,,,
,,F600,600,A1856,1856,,,,,,,,
1994,Lifeline,F601,601,A1653,1653,,,,,,,,
,,F601,601,A1654,1654,,,,,,,,
,,F601,601,A1655,1655,,,,,,,,
,,F601,601,A1656,1656,,,,,,,,
,,F601,601,A1657,1657,,,,,,,,
,,F601,601,A1658,1658,,,,,,,,
,,F601,601,A1659,1659,,,,,,,,
,,F601,601,A1822,1822,,,,,,,,
,,F601,601,A1871,1871,,,,,,,,
1994,Lifeline,F602,602,A1653,1653,,,,,,,,
,,F602,602,A1654,1654,,,,,,,,
,,F602,602,A1655,1655,,,,,,,,
,,F602,602,A1656,1656,,,,,,,,
,,F602,602,A1657,1657,,,,,,,,
,,F602,602,A1658,1658,,,,,,,,
,,F602,602,A1659,1659,,,,,,,,
,,F602,602,A1822,1822,,,,,,,,
,,F602,602,A1871,1871,,,,,,,,
1994,Lifeline,F603,603,A1653,1653,,,,,,,,
,,F603,603,A1654,1654,,,,,,,,
,,F603,603,A1655,1655,,,,,,,,
,,F603,603,A1656,1656,,,,,,,,
,,F603,603,A1657,1657,,,,,,,,
,,F603,603,A1658,1658,,,,,,,,
,,F603,603,A1659,1659,,,,,,,,
,,F603,603,A1822,1822,,,,,,,,
,,F603,603,A1871,1871,,,,,,,,
1994,Lobotomaxx,F604,604,A1176,1176,,,,,,,,
,,F604,604,A1177,1177,,,,,,,,
,,F604,604,A1178,1178,,,,,,,,
,,F604,604,A1179,1179,,,,,,,,
,,F604,604,A1180,1180,,,,,,,,
,,F604,604,A1822,1822,,,,,,,,
,,F604,604,A1871,1871,,,,,,,,
1994,Major Bludd,F605,605,A1660,1660,,,,,,,,
,,F605,605,A1314,1314,,,,,,,,
,,F605,605,A1661,1661,,,,,,,,
,,F605,605,A1662,1662,,,,,,,,
,,F605,605,A1663,1663,,,,,2,,,
,,F605,605,A1815,1815,,,,,,,,
,,F605,605,A1864,1864,,,,,,,,
1994,Metal-Head,F606,606,A1664,1664,,,,,,,,
,,F606,606,A1665,1665,,,,,,,,
,,F606,606,A1666,1666,,,,,,,,
,,F606,606,A1667,1667,,,,,,,,
,,F606,606,A1668,1668,,,,,2,,,
,,F606,606,A1814,1814,,,,,,,,
,,F606,606,A1863,1863,,,,,,,,
1994,Night Creeper,F607,607,A1669,1669,,,,,,,,
,,F607,607,A1670,1670,,,,,,,,
,,F607,607,A1671,1671,,,,,,,,
,,F607,607,A1672,1672,,,,,,,,
,,F607,607,A1673,1673,,,,,2,,,
,,F607,607,A1817,1817,,,,,,,,
,,F607,607,A1866,1866,,,,,,,,
1994,Night Creeper Leader,F608,608,A1674,1674,,,,,,,,
,,F608,608,A1675,1675,,,,,,,,
,,F608,608,A1676,1676,,,,,,,,
,,F608,608,A1677,1677,,,,,,,,
,,F608,608,A1678,1678,,,,,2,,,
,,F608,608,A1679,1679,,,,,,,,
,,F608,608,A1160,1160,,,,,2,,,
,,F608,608,A1806,1806,,,,,,,,
,,F608,608,A1855,1855,,,,,,,,
1994,Nunchuk,F609,609,A1680,1680,,,,,,,,
,,F609,609,A1681,1681,,,,,,,,
,,F609,609,A1682,1682,,,,,,,,
,,F609,609,A1683,1683,,,,,,,,
,,F609,609,A1684,1684,,,,,2,,,
,,F609,609,A1820,1820,,,,,,,,
,,F609,609,A1869,1869,,,,,,,,
1994,Ozone,F610,610,A1685,1685,,,,,,,,
,,F610,610,A1686,1686,,,,,,,,
,,F610,610,A1687,1687,,,,,,,,
,,F610,610,A1688,1688,,,,,,,,
,,F610,610,A1689,1689,,,,,,,,
,,F610,610,A1690,1690,,,,,,,,
,,F610,610,A1691,1691,,,,,2,,,
,,F610,610,A1816,1816,,,,,,,,
,,F610,610,A1865,1865,,,,,,,,
1994,Payload,F611,611,A1692,1692,,,,,,,,
,,F611,611,A1693,1693,,,,,,,,
,,F611,611,A1694,1694,,,,,,,,
,,F611,611,A1695,1695,,,,,,,,
,,F611,611,A1696,1696,,,,,,,,
,,F611,611,A1697,1697,,,,,,,,
,,F611,611,A1698,1698,,,,,,,,
,,F611,611,A1699,1699,,,,,,,,
,,F611,611,A1299,1299,,,,,,,,
,,F611,611,A1700,1700,,,,,2,,,
,,F611,611,A1701,1701,,,,,2,,,
,,F611,611,A1807,1807,,,,,,,,
,,F611,611,A1812,1812,,,,,,,,
,,F611,611,A1856,1856,,,,,,,,
,,F611,611,A1861,1861,,,,,,,,
1994,Payload,F612,612,A1692,1692,,,,,,,,
,,F612,612,A1694,1694,,,,,,,,
,,F612,612,A1696,1696,,,,,,,,
,,F612,612,A1698,1698,,,,,,,,
,,F612,612,A1299,1299,,,,,,,,
,,F612,612,A1700,1700,,,,,,,,
,,F612,612,A1807,1807,,,,,,,,
,,F612,612,A1856,1856,,,,,,,,
1994,Predacon,F613,613,A0629,629,,,,,,,,
,,F613,613,A0734,734,,,,,,,,
,,F613,613,A0665,665,,,,,,,,
,,F613,613,A0393,393,,,,,,,,
,,F613,613,A1272,1272,,,,,,,,
,,F613,613,A0596,596,,,,,,,,
,,F613,613,A1800,1800,,,,,,,,
,,F613,613,A1850,1850,,,,,,,,
1994,Roadblock,F614,614,A1702,1702,,,,,,,,
,,F614,614,A1703,1703,,,,,,,,
,,F614,614,A1284,1284,,,,,,,,
,,F614,614,A1457,1457,,,,,,,,
,,F614,614,A1458,1458,,,,,,,,
,,F614,614,A1459,1459,,,,,,,,
,,F614,614,A1704,1704,,,,,,,,
,,F614,614,A1461,1461,,,,,,,,
,,F614,614,A1806,1806,,,,,,,,
,,F614,614,A1855,1855,,,,,,,,
1994,Roadblock,F615,615,A1702,1702,,,,,,,,
,,F615,615,A1703,1703,,,,,,,,
,,F615,615,A1284,1284,,,,,,,,
,,F615,615,A1457,1457,,,,,,,,
,,F615,615,A1458,1458,,,,,,,,
,,F615,615,A1459,1459,,,,,,,,
,,F615,615,A1704,1704,,,,,,,,
,,F615,615,A1461,1461,,,,,,,,
,,F615,615,A1806,1806,,,,,,,,
,,F615,615,A1855,1855,,,,,,,,
1994,Sci-Fi,F616,616,A1705,1705,,,,,,,,
,,F616,616,A1706,1706,,,,,,,,
,,F616,616,A1707,1707,,,,,,,,
,,F616,616,A1708,1708,,,,,,,,
,,F616,616,A1709,1709,,,,,,,,
,,F616,616,A1710,1710,,,,,,,,
,,F616,616,A1274,1274,,,,,2,,,
,,F616,616,A1905,1905,,,,,,,,
1994,Shipwreck,F617,617,A1711,1711,,,,,,,,
,,F617,617,A0629,629,,,,,,,,
,,F617,617,A0432,432,,,,,,,,
,,F617,617,A0692,692,,,,,,,,
,,F617,617,A1272,1272,,,,,,,,
,,F617,617,A1712,1712,,,,,,,,
,,F617,617,A1274,1274,,,,,2,,,
,,F617,617,A1713,1713,,,,,2,,,
,,F617,617,A1800,1800,,,,,,,,
,,F617,617,A1850,1850,,,,,,,,
1994,Shipwreck,F618,618,A1711,1711,,,,,,,,
,,F618,618,A0629,629,,,,,,,,
,,F618,618,A0432,432,,,,,,,,
,,F618,618,A0692,692,,,,,,,,
,,F618,618,A1272,1272,,,,,,,,
,,F618,618,A1712,1712,,,,,,,,
,,F618,618,A1274,1274,,,,,2,,,
,,F618,618,A1713,1713,,,,,2,,,
,,F618,618,A1800,1800,,,,,,,,
,,F618,618,A1850,1850,,,,,,,,
1994,Slice,F619,619,A1714,1714,,,,,,,,
,,F619,619,A1715,1715,,,,,,,,
,,F619,619,A1716,1716,,,,,,,,
,,F619,619,A1717,1717,,,,,2,,,
,,F619,619,A1718,1718,,,,,,,,
,,F619,619,A1817,1817,,,,,,,,
,,F619,619,A1866,1866,,,,,,,,
1994,Snake-Eyes,F620,620,A1719,1719,,,,,,,,
,,F620,620,A1720,1720,,,,,,,,
,,F620,620,A1721,1721,,,,,,,,
,,F620,620,A1722,1722,,,,,,,,
,,F620,620,A1723,1723,,,,,,,,
,,F620,620,A1724,1724,,,,,2,,,
,,F620,620,A1818,1818,,,,,,,,
,,F620,620,A1867,1867,,,,,,,,
1994,Snow Storm,F621,621,A1725,1725,,,,,,,,
,,F621,621,A1726,1726,,,,,,,,
,,F621,621,A1727,1727,,,,,,,,
,,F621,621,A1728,1728,,,,,,,,
,,F621,621,A1729,1729,,,,,,,,
,,F621,621,A1730,1730,,,,,2,,,
,,F621,621,A1803,1803,,,,,,,,
,,F621,621,A1853,1853,,,,,,,,
1994,Space Shot,F622,622,A1731,1731,,,,,,,,
,,F622,622,A1732,1732,,,,,,,,
,,F622,622,A1733,1733,,,,,,,,
1994,Stalker,F623,623,A1242,1242,,,,,,,,
,,F623,623,A1243,1243,,,,,,,,
,,F623,623,A0457,457,,,,,,,,
,,F623,623,A0596,596,,,,,,,,
,,F623,623,A1734,1734,,,,,,,,
,,F623,623,A1274,1274,,,,,2,,,
,,F623,623,A1800,1800,,,,,,,,
,,F623,623,A1850,1850,,,,,,,,
1994,Stalker,F624,624,A1242,1242,,,,,,,,
,,F624,624,A1243,1243,,,,,,,,
,,F624,624,A0457,457,,,,,,,,
,,F624,624,A0596,596,,,,,,,,
,,F624,624,A1734,1734,,,,,,,,
,,F624,624,A1274,1274,,,,,2,,,
,,F624,624,A1800,1800,,,,,,,,
,,F624,624,A1850,1850,,,,,,,,
1994,Storm Shadow,F625,625,A1735,1735,,,,,,,,
,,F625,625,A1736,1736,,,,,,,,
,,F625,625,A1737,1737,,,,,,,,
,,F625,625,A1738,1738,,,,,,,,
,,F625,625,A1739,1739,,,,,,,,
,,F625,625,A1740,1740,,,,,2,,,
,,F625,625,A1817,1817,,,,,,,,
,,F625,625,A1866,1866,,,,,,,,
1994,Viper,F628,628,A1741,1741,,,,,,,,
,,F628,628,A1742,1742,,,,,,,,
,,F628,628,A1743,1743,,,,,,,,
,,F628,628,A1744,1744,,,,,,,,
,,F628,628,A1159,1159,,,,,,,,
,,F628,628,A1745,1745,,,,,,,,
,,F628,628,A1815,1815,,,,,,,,
,,F628,628,A1864,1864,,,,,,,,
1994,Windchill,F629,629,A0662,662,,,,,,,,
1992,Falcon,F700,700,A0692,692,,,,,,,,
,,F700,700,A0807,807,,,,,,,,
1992,Flint,F701,701,A0680,680,,,,,,,,
,,F701,701,A0681,681,,,,,,,,
1992,Gung-Ho,F702,702,A0758,758,,,,,,,,
,,F702,702,A0759,759,,,,,,,,
1992,Outback,F703,703,A0647,647,,,,,,,,
,,F703,703,A0652,652,,,,,,,,
,,F703,703,A0463,463,,,,,,,,
1992,Python Officer,F704,704,A0626,626,,,,,,,,
,,F704,704,A0614,614,,,,,,,,
1992,Python Tele-Viper,F705,705,A0552,552,,,,,,,,
,,F705,705,A0778,778,,,,,,,,
,,F705,705,A1902,1902,,,,,2,,,
1992,"""Rampage"" (Heavy Metal)",F706,706,A0633,633,,,,,,,,
,,F706,706,A0556,556,,,,,,,,
1992,Roadblock,F707,707,A0787,787,,,,,,,,
,,F707,707,A0793,793,,,,,,,,
1992,Shortfuse,F708,708,A0774,774,,,,,,,,
,,F708,708,A0776,776,,,,,,,,
1992,Snake Eyes,F709,709,A0787,787,,,,,,,,
,,F709,709,A0778,778,,,,,,,,
1992,Snow Serpent,F710,710,A0701,701,,,,,,,,
,,F710,710,A0702,702,,,,,,,,
1992,Stalker,F711,711,A0533,533,,,,,,,,
,,F711,711,A0534,534,,,,,,,,
1992,"""Thunder"" (Skystriker)",F712,712,A0784,784,,,,,,,,
,,F712,712,A0785,785,,,,,,,,
1992,"""Thunder"" (Skystriker)",F713,713,A0784,784,,,,,,,,
,,F713,713,A0785,785,,,,,,,,
1992,Tripwire,F714,714,A0730,730,,,,,,,,
,,F714,714,A0793,793,,,,,,,,
1992,Undercover Scarlett,F715,715,A0580,580,,,,,,,,
,,F715,715,A0581,581,,,,,,,,
,,F715,715,A0582,582,,,,,,,,
1992,Zarana,F716,716,A0822,822,,,,,,,,
,,F716,716,A0759,759,,,,,,,,
1993,Ice Viper,F717,717,A0332,332,,,,,,,,
,,F717,717,A0333,333,,,,,2,,,
1993,Jinx,F718,718,A0336,336,,,,,,,,
,,F718,718,A1364,1364,,,,,,,,
1993,Jinx,F719,719,A0336,336,,,,,,,,
,,F719,719,A1364,1364,,,,,,,,
1993,Rumbler,F721,721,A0614,614,,,,,,,,
,,F721,721,A0615,615,,,,,,,,
1993,Starduster,F722,722,A0212,212,,,,,,,,
,,F722,722,A0213,213,,,,,,,,
,,F722,722,A0214,214,,,,,,,,
1994,Fighter Pilot,F723,723,A1639,1639,,,,,,,,
,,F723,723,A1640,1640,,,,,,,,
,,F723,723,A1641,1641,,,,,,,,
,,F723,723,A1642,1642,,,,,,,,
,,F723,723,A1643,1643,,,,,,,,
1994,Steeler,F724,724,A0024,24,,,,,,,,
,,F724,724,A0025,25,,,,,,,,