year_released,id,figure_id,code_name,character_key,alt_name,version,variant,variant_lookup,display_name,full_name,specialty,faction_id,sub_group_id,series_id,year_promoted,year_released,year_discontinued,condition_id,quantity_owned,year_acquired,release_context,is_moc,is_mail_away,mail_in_notes,is_vehicle_driver,vehicle,notes,image_url_primary,image_url_detail,created_at,updated_at
,1,F001,Breaker,,,1,A,"Straight-Arm, Thin Thumbs, Flat Paint Finish",Breaker v1 A,"Kibbey, Alvin R.",Infantry,1,,1,,,,,,,Retail,,,,,,,,,,
,2,F002,Breaker,,,1,B,"Straight-Arm, Thick Thumbs, Glossy Paint Finish",Breaker v1 B,"Kibbey, Alvin R.",Infantry,1,,1,,,,,,,Retail,,,,,,,,,,
,3,F003,Breaker,,,1,C,"Straight-Arm, Thick Thumbs, Reverse Rivits",Breaker v1 C,"Kibbey, Alvin R.",Infantry,1,,1,,,,,,,Retail,,,,,,,,,,
,4,F004,Clutch,,,1,A,"Straight-Arm, Thin Thumbs, Flat Paint Finish",Clutch v1 A,"Steinberg, Lance J.",Transportation,1,,1,,,,,,,Retail,,,,1,VAMP,,,,,
,5,F005,Clutch,,,1,B,"Straight-Arm, Thick Thumbs, Glossy Paint Finish",Clutch v1 B,"Steinberg, Lance J.",Transportation,1,,1,,,,,,,Retail,,,,1,VAMP,,,,,
,6,F006,Clutch,,,1,C,"Straight-Arm, Thick Thumbs, Reverse Rivits",Clutch v1 C,"Steinberg, Lance J.",Transportation,1,,1,,,,,,,Retail,,,,1,VAMP,,,,,
,7,F007,Cobra,,Cobra Soldier or Cobra Trooper,1,A,"Straight-Arm, Thin Thumbs, Flat Paint Finish",Cobra v1 A,,Infantry,2,,1,,,,,,,Retail,,,,1,Missile Command Headquarters,,,,,
,8,F008,Cobra,,Cobra Soldier or Cobra Trooper,1,B,"Straight-Arm, Thick Thumbs, Glossy Paint Finish",Cobra v1 B,,Infantry,2,,1,,,,,,,Retail,,,,1,Missile Command Headquarters,,,,,
,9,F009,Cobra Commander,,,1,A,"Straight-Arm,""Mickey Mouse"" Cobra Logo",Cobra Commander v1 A,Classified,Intelligence,2,,1,,,,,,,"Mail order, Sears",,1,"Mail order, Sears",1,Missile Command Headquarters,,,,,
,10,F010,Cobra Commander,,,1,B,Straight-Arm,Cobra Commander v1 B,,Intelligence,2,,1,,,,,,,"Mail order, Sears",,1,"Mail order, Sears",1,Missile Command Headquarters,,,,,
,11,F011,Cobra Officer,,,1,A,"Straight-Arm, Thin Thumbs, Flat Paint Finish",Cobra Officer v1 A,,Infantry,2,,1,,,,,,,Retail,,,,1,Missile Command Headquarters,,,,,
,12,F012,Cobra Officer,,,1,B,"Straight-Arm, Thick Thumbs, Glossy Paint Finish",Cobra Officer v1 B,,Infantry,2,,1,,,,,,,Retail,,,,1,Missile Command Headquarters,,,,,
,13,F013,Flash,,,1,A,"Straight-Arm, Thin Thumbs, Flat Paint Finish",Flash v1 A,"Gambello, Anthony S.",Infantry,1,,1,,,,,,,Retail,,,,,,,,,,
,14,F014,Flash,,,1,B,"Straight-Arm, Thick Thumbs, Glossy Paint Finish",Flash v1 B,"Gambello, Anthony S.",Infantry,1,,1,,,,,,,Retail,,,,,,,,,,
,15,F015,Flash,,,1,C,"Straight-Arm, Thick Thumbs, Reverse Rivits",Flash v1 C,"Gambello, Anthony S.",Infantry,1,,1,,,,,,,Retail,,,,,,,,,,
,16,F016,Grand Slam,,,1,A,"Straight-Arm, Thin Thumbs, Flat Paint Finish",Grand Slam v1 A,"Barney, James J.",Artillery,1,,1,,,,,,,Retail,,,,1,HAL,,,,,
,17,F017,Grand Slam,,,1,B,"Straight-Arm, Thick Thumbs, Glossy Paint Finish",Grand Slam v1 B,"Barney, James J.",Artillery,1,,1,,,,,,,Retail,,,,1,HAL,,,,,
,18,F018,Grand Slam,,,1,C,"Straight-Arm, Thick Thumbs, Reverse Rivits",Grand Slam v1 C,"Barney, James J.",Artillery,1,,1,,,,,,,Retail,,,,1,HAL,,,,,
,19,F019,Grunt,,,1,A,"Straight-Arm, Thin Thumbs, Flat Paint Finish",Grunt v1 A,"Graves, Robert W.",Infantry,1,,1,,,,,,,Retail,,,,,,,,,,
,20,F020,Grunt,,,1,B,"Straight-Arm, Thick Thumbs, Glossy Paint Finish",Grunt v1 B,"Graves, Robert W.",Infantry,1,,1,,,,,,,Retail,,,,,,,,,,
,21,F021,Grunt,,,1,C,"Straight-Arm, Thick Thumbs, Reverse Rivits",Grunt v1 C,"Graves, Robert W.",Infantry,1,,1,,,,,,,Retail,,,,,,,,,,
,22,F022,Hawk,,,1,A,"Straight-Arm, Thin Thumbs, Flat Paint Finish",Hawk v1 A,"Abernathy, Clayton M.",Artillery,1,,1,,,,,,,Retail,,,,1,MMS,,,,,
,23,F023,Hawk,,,1,B,"Straight-Arm, Thick Thumbs, Glossy Paint Finish",Hawk v1 B,"Abernathy, Clayton M.",Artillery,1,,1,,,,,,,Retail,,,,1,MMS,,,,,
,24,F024,Hawk,,,1,C,"Straight-Arm, Thick Thumbs, Reverse Rivits",Hawk v1 C,"Abernathy, Clayton M.",Artillery,1,,1,,,,,,,Retail,,,,1,MMS,,,,,
,25,F025,Rock 'N Roll,,Rock & Roll,1,A,"Straight-Arm, Thin Thumbs, Flat Paint Finish",Rock 'N Roll v1 A,"McConnel, Craig S.",Infantry,1,,1,,,,,,,Retail,,,,,,,,,,
,26,F026,Rock 'N Roll,,Rock & Roll,1,B,"Straight-Arm, Thick Thumbs, Glossy Paint Finish",Rock 'N Roll v1 B,"McConnel, Craig S.",Infantry,1,,1,,,,,,,Retail,,,,,,,,,,
,27,F027,Rock 'N Roll,,Rock & Roll,1,C,"Straight-Arm, Thick Thumbs, Reverse Rivits",Rock 'N Roll v1 C,"McConnel, Craig S.",Infantry,1,,1,,,,,,,Retail,,,,,,,,,,
,28,F028,Scarlett,,,1,A,"Straight-Arm, Thin Thumbs, Flat Paint Finish",Scarlett v1 A,"O'Hara, Shana M.",Intelligence,1,,1,,,,,,,Retail,,,,,,,,,,
,29,F029,Scarlett,,,1,B,"Straight-Arm, Thick Thumbs, Glossy Paint Finish",Scarlett v1 B,"O'Hara, Shana M.",Intelligence,1,,1,,,,,,,Retail,,,,,,,,,,
,30,F030,Short-Fuze,,Short-Fuse or Shortfuse,1,A,"Straight-Arm, Thin Thumbs, Flat Paint Finish",Short-Fuze v1 A,"Freistadt, Eric W.",Artillery,1,,1,,,,,,,Retail,,,,,,,,,,
,31,F031,Short-Fuze,,Short-Fuse or Shortfuse,1,B,"Straight-Arm, Thick Thumbs, Glossy Paint Finish",Short-Fuze v1 B,"Freistadt, Eric W.",Artillery,1,,1,,,,,,,Retail,,,,,,,,,,
,32,F032,Short-Fuze,,Short-Fuse or Shortfuse,1,C,"Straight-Arm, Thick Thumbs, Reverse Rivits",Short-Fuze v1 C,"Freistadt, Eric W.",Artillery,1,,1,,,,,,,Retail,,,,,,,,,,
,33,F033,Snake Eyes,,Snake-Eyes,1,A,"Straight-Arm, Thin Thumbs, Flat Paint Finish",Snake Eyes v1 A,Classified,Infantry,1,,1,,,,,,,Retail,,,,,,,,,,
,34,F034,Snake Eyes,,Snake-Eyes,1,B,"Straight-Arm, Thick Thumbs, Glossy Paint Finish",Snake Eyes v1 B,Classified,Infantry,1,,1,,,,,,,Retail,,,,,,,,,,
,35,F035,Snake Eyes,,Snake-Eyes,1,C,"Straight-Arm, Thick Thumbs, Reverse Rivits",Snake Eyes v1 C,Classified,Infantry,1,,1,,,,,,,Retail,,,,,,,,,,
,36,F036,Stalker,,,1,A,"Straight-Arm, Thin Thumbs, Flat Paint Finish",Stalker v1 A,"Wilkinson, Lonzo R.",Infantry,1,,1,,,,,,,Retail,,,,,,,,,,
,37,F037,Stalker,,,1,B,"Straight-Arm, Thick Thumbs, Glossy Paint Finish",Stalker v1 B,"Wilkinson, Lonzo R.",Infantry,1,,1,,,,,,,Retail,,,,,,,,,,
,38,F038,Stalker,,,1,C,"Straight-Arm, Thick Thumbs, Reverse Rivits",Stalker v1 C,"Wilkinson, Lonzo R.",Infantry,1,,1,,,,,,,Retail,,,,,,,,,,
,39,F039,Steeler,,,1,A,"Straight-Arm, Thin Thumbs, Flat Paint Finish",Steeler v1 A,"Pulaski, Ralph W.",Armor,1,,1,,,,,,,Retail,,,,1,MOBAT,,,,,
,40,F040,Steeler,,,1,B,"Straight-Arm, Thick Thumbs, Glossy Paint Finish",Steeler v1 B,"Pulaski, Ralph W.",Armor,1,,1,,,,,,,Retail,,,,1,MOBAT,,,,,
,41,F041,Zap,,,1,A,"Straight-Arm, Thin Thumbs, Flat Paint Finish",Zap v1 A,"Melendez, Rafael J.",Engineer,1,,1,,,,,,,Retail,,,,,,,,,,
,42,F042,Zap,,,1,B,"Straight-Arm, Thick Thumbs, Glossy Paint Finish",Zap v1 B,"Melendez, Rafael J.",Engineer,1,,1,,,,,,,Retail,,,,,,,,,,
,43,F043,Zap,,,1,C,"Straight-Arm, Thick Thumbs, Reverse Rivits",Zap v1 C,"Melendez, Rafael J.",Engineer,1,,1,,,,,,,Retail,,,,,,,,,,
,44,F044,Ace,ACE_1,,1,,,Ace v1 ,"Armbruster, Brad J.","Fixed Wing Pilot, Single and Multiple Engine",1,,3,,,,,,,Retail,,,,1,Skystriker (XP-14F),,,,,
,45,F045,Airborne,AIRBORNE_1,,1,A,Thin chevron stripes,Airborne v1 A,"Talltree, Franklin E.",Airborne Infantryman,1,,3,,,,,,,Retail,,,,,,,,,,
,46,F046,Airborne,AIRBORNE_1,,1,B,Thick chevron stripes,Airborne v1 B,"Talltree, Franklin E.",Airborne Infantryman,1,,3,,,,,,,Retail,,,,,,,,,,
,47,F047,Breaker,,,1.5,,Swivel-Arm,Breaker v1.5 ,"Kibbey, Alvin R.",Infantry,1,,2,,,,,,,Retail,,,,,,,,,,
,48,F048,Clutch,,,1.5,,Swivel-Arm,Clutch v1.5 ,"Steinberg, Lance J.",Transportation,1,,2,,,,,,,Retail,,,,1,VAMP,,,,,
,49,F049,Cobra,,Cobra Soldier or Cobra Trooper,1.5,,"Swivel-Arm, Black eyes",Cobra v1.5 ,,Infantry,2,,2,,,,,,,Retail,,,,1,Missile Command Headquarters,,,,,
,50,F050,Cobra Commander,,,1.5,,Swivel-Arm,Cobra Commander v1.5 ,Classified,Intelligence,2,,2,,,,,,,Retail,,,,,,,,,,
,51,F051,Cobra Officer,,,1.5,,"Swivel-Arm, Black eyes",Cobra Officer v1.5 ,,Infantry,2,,2,,,,,,,Retail,,,,1,Missile Command Headquarters,,,,,
,52,F052,Cover Girl,,,1,A,"Dark eyebrows, lighter shirt, darker boots & belt",Cover Girl v1 A,"Krieger, Courtney A.",Armor,1,,3,,,,,,,Retail,,,,1,Wolverine,,,,,
,53,F053,Cover Girl,,,1,B,"Eyebrows match hair, darker shirt, lighter boots & belt",Cover Girl v1 B,"Krieger, Courtney A.",Armor,1,,3,,,,,,,Retail,,,,1,Wolverine,,,,,
,54,F054,Destro,,,1,A,"""Hasbro 1983"" leg stamp",Destro v1 A,,Weapons Manufacturer,2,,3,,,,,,,Retail,,,,,,,,,,
,55,F055,Destro,,,1,B,No leg stamp,Destro v1 B,,Weapons Manufacturer,2,,3,,,,,,,Retail,,,,,,,,,,
,56,F056,Doc,,,1,,,Doc v1 ,"Greer, Carl W.",Medicial Doctor,1,,3,,,,,,,Retail,,,,,,,,,,
,57,F057,Duke,,,1,A,"Rolled jacket sleeves, smooth hair, Doc v1 waist, American flag sticker on right arm",Duke v1 A,"Hauser, Conrad S.",Airborne Infantryman,1,,3,,,,,,,Mail order,,1,Mail order,,,,,,,
,58,F058,Duke,,,1,B,"Rolled jacket sleeves, smooth hair, Doc v1 waist, no sticker",Duke v1 B,"Hauser, Conrad S.",Airborne Infantryman,1,,3,,,,,,,Retail,,,,,,,,,,
,59,F059,Duke,,,1,C,"Rolled jacket sleeves, more detailed hair, Doc v1 waist, no sticker",Duke v1 C,"Hauser, Conrad S.",Airborne Infantryman,1,,3,,,,,,,Retail,,,,,,,,,,
,60,F060,Duke,,,1,D,"Grunt v1.5 arms with cuffed sleeves that end at wrists, detailed hair, Doc v1 waist, no sticker",Duke v1 D,"Hauser, Conrad S.",Airborne Infantryman,1,,3,,,,,,,Retail,,,,,,,,,,
,61,F061,Duke,,,1,E,"Grunt v1.5 arms with cuffed sleeves that end at wrists, detailed hair, Cobra v1 waist, no sticker",Duke v1 E,"Hauser, Conrad S.",Airborne Infantryman,1,,3,,,,,,,Retail,,,,,,,,,,
,62,F062,Flash,,,1.5,,Swivel-Arm,Flash v1.5 ,"Gambello, Anthony S.",Infantry,1,,2,,,,,,,Retail,,,,,,,,,,
,63,F063,Grand Slam,,,1.5,,Swivel-Arm,Grand Slam v1.5 ,"Barney, James J.",Artillery,1,,2,,,,,,,Retail,,,,1,HAL,,,,,
,64,F064,Grand Slam,,Silver Pads Grand Slam,2,,,Grand Slam v2 ,"Barney, James J.",Artillery,1,,3,,,,,,,Retail,,,,1,JUMP,,,,,
,65,F065,Grunt,,,1.5,,"Swivel-Arm, green uniform",Grunt v1.5 ,"Graves, Robert W.",Infantry,1,,2,,,,,,,Retail,,,,,,,,,,
,66,F066,Grunt,,Tan Grunt,2,,Tan uniform,Grunt v2 ,"Graves, Robert W.",Infantry,1,,3,,,,,,,Retail,,,,1,Falcon,,,,,
,67,F067,Gung-Ho,,,1,,,Gung-Ho v1 ,"La Fitte, Etienne R.",Recando,1,,3,,,,,,,Retail,,,,,,,,,,
,68,F068,H.I.S.S. Driver,,Cobra H.I.S.S. Driver,1,,,H.I.S.S. Driver v1 ,,H.I.S.S. Driver,2,,3,,,,,,,Retail,,,,1,H.I.S.S.,,,,,
,69,F069,Hawk,,,1.5,,Swivel-Arm,Hawk v1.5 ,"Abernathy, Clayton M.",Artillery,1,,2,,,,,,,Retail,,,,1,MMS,,,,,
,70,F070,Major Bludd,,,1,,,Major Bludd v1 ,"Bludd, Sebastian",Terrorist,2,,3,,,,,,,Mail order,,1,Mail order,,,,,,,
,71,F071,Rock 'N Roll,,,1.5,,Swivel-Arm,Rock 'N Roll v1.5 ,"McConnel, Craig S.",Infantry,1,,2,,,,,,,Retail,,,,,,,,,,
,72,F072,Scarlett,,,1.5,,Swivel-Arm,Scarlett v1.5 ,"O'Hara, Shana M.",Intelligence,1,,2,,,,,,,Retail,,,,,,,,,,
,73,F073,Short-Fuze,,Short-Fuse or Shortfuse,1.5,,Swivel-Arm,Short-Fuze v1.5 ,"Freistadt, Eric W.",Artillery,1,,2,,,,,,,Retail,,,,,,,,,,
,74,F074,Snake Eyes,,Snake-Eyes,1.5,,Swivel-Arm,Snake Eyes v1.5 ,Classified,Infantry,1,,2,,,,,,,Retail,,,,,,,,,,
,75,F075,Snow Job,,,1,,,Snow Job v1 ,"Moore, Harlan W.",Arctic Ski Patrol,1,,3,,,,,,,Retail,,,,,,,,,,
,76,F076,Stalker,,,1.5,A,"Swivel-Arm, darker glossy green camo uniform",Stalker v1.5 A,"Wilkinson, Lonzo R.",Infantry,1,,2,,,,,,,Retail,,,,,,,,,,
,77,F077,Stalker,,,1.5,B,"Swivel-Arm, lighter flat green camo uniform",Stalker v1.5 B,"Wilkinson, Lonzo R.",Infantry,1,,2,,,,,,,1992 Convention,,,1992 Convention,,,,,,,
,78,F078,Steeler,,,1.5,,Swivel-Arm,Steeler v1.5 ,"Pulaski, Ralph W.",Armor,1,,2,,,,,,,Retail,,,,1,MOBAT,,,,,
,79,F079,Torpedo,,,1,,,Torpedo v1 ,"Leialoha, Edward W.",Navy SEAL,1,,3,,,,,,,Retail,,,,,,,,,,
,80,F080,Tripwire,,,1,A,Thin chevron stripes,Tripwire v1 A,"Skoog, Tormod S.",Explosive Ordnance Disposal,1,,3,,,,,,,Retail,,,,,,,,,,
,81,F081,Tripwire,,,1,B,Thick chevron stripes,Tripwire v1 B,"Skoog, Tormod S.",Explosive Ordnance Disposal,1,,3,,,,,,,Retail,,,,,,,,,,
,82,F082,Viper Pilot,,Cobra Viper Pilot,1,,,Viper Pilot v1 ,,Infantry,2,,3,,,,,,,Retail,,,,1,Viper,,,,,
,83,F083,Wild Bill,,,1,,,Wild Bill v1 ,"Hardy, William S.",Helicopter Pilot,1,,3,,,,,,,Retail,,,,1,Dragonfly (XH-1),,,,,
,84,F084,Zap,,,1.5,,Swivel-Arm,Zap v1.5 ,"Melendez, Rafael J.",Engineer,1,,2,,,,,,,Retail,,,,,,,,,,
,85,F085,Baroness,,,1,,,Baroness v1 ,Classified,Intelligence,2,,4,,,,,,,Retail,,,,,,,,,,
,86,F086,Blowtorch,,,1,A,"Dark eyes and eyebrows, short neck",Blowtorch v1 A,"Hanrahan, Timothy P.",Infantry Special Weapons,1,,4,,,,,,,Retail,,,,,,,,,,
,87,F087,Blowtorch,,,1,B,"Eyes and eybrows match hair color, short neck",Blowtorch v1 B,"Hanrahan, Timothy P.",Infantry Special Weapons,1,,4,,,,,,,Retail,,,,,,,,,,
,88,F088,Blowtorch,,,1,C,"Eyes and eybrows match hair color, long neck",Blowtorch v1 C,"Hanrahan, Timothy P.",Infantry Special Weapons,1,,4,,,,,,,Retail,,,,,,,,,,
,89,F089,Clutch,,Tan Clutch,2,,,Clutch v2 ,"Steinberg, Lance J.",Transportation,1,,4,,,,,,,Retail,,,,1,VAMP Mark II,,,,,
,90,F090,Cobra Commander,,Hooded Cobra Commander,2,,,Cobra Commander v2 ,Classified,Intelligence,2,,4,,,,,,,Mail order,,1,Mail order,,,,,,,
,91,F091,Copperhead,,,1,A,Light green gloves & helmet trim,Copperhead v1 A,Classified,Air-Driver Swamp Vehicle Operator,2,,4,,,,,,,Retail,,,,1,Water Moccasin,,,,,
,92,F092,Copperhead,,,1,B,Blue/green gloves & helmet trim,Copperhead v1 B,Classified,Air-Driver Swamp Vehicle Operator,2,,4,,,,,,,Retail,,,,1,Water Moccasin,,,,,
,93,F093,Copperhead,,,1,C,Dark green gloves & helmet trim,Copperhead v1 C,Classified,Air-Driver Swamp Vehicle Operator,2,,4,,,,,,,Retail,,,,1,Water Moccasin,,,,,
,94,F094,Cutter,,,1,,,Cutter v1 ,"Stone, Skip A.",Hovercraft Captain,1,,4,,,,,,,Retail,,,,1,Killer W.H.A.L.E.,,,,,
,95,F095,Deep Six,,,1,,,Deep Six v1 ,"Willoughby, Malcom R.",Driver,1,,4,,,,,,,Retail,,,,1,S.H.A.R.C.,,,,,
,96,F096,Firefly,,,1,A,Black eyes,Firefly v1 A,Classified,"Sabotage, Demolitions, and Terror",2,,4,,,,,,,Retail,,,,,,,,,,
,97,F097,Firefly,,,1,B,Brown eyes,Firefly v1 B,Classified,"Sabotage, Demolitions, and Terror",2,,4,,,,,,,Retail,,,,,,,,,,
,98,F098,Mutt,,,1,,,Mutt v1 ,"Perlmutter, Stanley R.",Dog Handler,1,,4,,,,,,,Retail,,,,,,,,,,
,99,F099,Recondo,,,1,A,"Tan uniform, green camo stripes on legs",Recondo v1 A,"LeClaire, Daniel M.",Infantry,1,,4,,,,,,,Retail,,,,,,,,,,
,100,F100,Recondo,,,1,B,"Tan uniform, dark olive camo stripes on legs",Recondo v1 B,"LeClaire, Daniel M.",Infantry,1,,4,,,,,,,Retail,,,,,,,,,,
,101,F101,Rip Cord,,Ripcord,1,,,Rip Cord v1 ,"Weems, Wallace A.",Airborne Infantry,1,,4,,,,,,,Retail,,,,,,,,,,
,102,F102,Roadblock,,,1,,,Roadblock v1 ,"Hinton, Marvin F.",Infantry Heavy Weapons,1,,4,,,,,,,Retail,,,,,,,,,,
,103,F103,Scrap-Iron,,,1,,,Scrap-Iron v1 ,Classified,Tank Destroyer,2,,4,,,,,,,Retail,,,,,,,,,,
,104,F104,Spirit,,,1,A,"Light blue shirt, tan pants, large emblem on right arm",Spirit v1 A,"Iron-Knife, Charlie",Infantry,1,,4,,,,,,,Retail,,,,,,,,,,
,105,F105,Spirit,,,1,B,"Light blue shirt, tan pants, small emblem on right arm",Spirit v1 B,"Iron-Knife, Charlie",Infantry,1,,4,,,,,,,Retail,,,,,,,,,,
,106,F106,Stinger Driver,,Cobra Stinger Driver,1,,,Stinger Driver v1 ,,"Stinger Driver, Infantry",2,,4,,,,,,,Retail,,,,1,Stinger,,,,,
,107,F107,Storm Shadow,,,1,,,Storm Shadow v1 ,Classified,Assassin,2,,4,,,,,,,Retail,,,,,,,,,,
,108,F108,Thunder,,,1,,,Thunder v1 ,"Breckinridge, Matthew Harris",Artillery,1,,4,,,,,,,Retail,,,,1,Slugger,,,,,
,109,F109,Tollbooth,,,1,,,Tollbooth v1 ,"Goren, Chuck X.",Combat Engineer,1,,4,,,,,,,Sears,,1,Sears,1,Toss 'N Cross,,,,,
,110,F110,Wild Weasel,,,1,A,Map on right leg has grid pattern on right side,Wild Weasel v1 A,Classified,Ground Support Pilot,2,,4,,,,,,,Retail,,,,1,Rattler Jet,,,,,
,111,F111,Wild Weasel,,,1,B,Map on right leg has grid pattern on left side,Wild Weasel v1 B,Classified,Ground Support Pilot,2,,4,,,,,,,Retail,,,,1,Rattler Jet,,,,,
,112,F112,Zartan,,,1,,,Zartan v1 ,,,4,17,4,,,,,,,Retail,,,,1,Chameleon,,,,,
,113,F113,Airtight,,,1,,,Airtight v1 ,"Schnurr, Kurt","Chemical, Biological and Radiological Warfare",1,,5,,,,,,,Retail,,,,,,,,,,
,114,F114,Alpine,,,1,,,Alpine v1 ,"Pine, Albert M.",Mountain Trooper,1,,5,,,,,,,Retail,,,,,,,,,,
,115,F115,Barbecue,,,1,,,Barbecue v1 ,"Kelly, Gabriel A.",Fireman,1,,5,,,,,,,Retail,,,,,,,,,,
,116,F116,Bazooka,,,1,A,"Red football jersey, blue ""14"" with white outline",Bazooka v1 A,"Katzenbogen, David L.",Armor Defeating Weapons Systems,1,,5,,,,,,,Retail,,,,,,,,,,
,117,F117,Bazooka,,,1,B,"Red football jersey, solid white ""14""",Bazooka v1 B,"Katzenbogen, David L.",Armor Defeating Weapons Systems,1,,5,,,,,,,Retail,,,,,,,,,,
,118,F118,Buzzer,,,1,,,Buzzer v1 ,Richard Blinken-Smythe,,4,17,5,,,,,,,Retail,,,,,,,,,,
,119,F119,Crankcase,,,1,,,Crankcase v1,"Indiana, Elwood G.",Motor Vehicle Driver,1,,5,,,,,,,Retail,,,,1,A.W.E. Striker,,,,,
,120,F120,Crimson Guard,,,1,A,Lighter red uniform,Crimson Guard v1 A,Top Secret,Undercover Espionage,2,,5,,,,,,,Retail,,,,,,,,,,
,121,F121,Crimson Guard,,,1,B,Darker red uniform,Crimson Guard v1 B,Top Secret,Undercover Espionage,2,,5,,,,,,,Retail,,,,,,,,,,
,122,F122,Dusty,,,1,,,Dusty v1 ,"Tadur, Ronald W.",Infantry,1,,5,,,,,,,Retail,,,,,,,,,,
,123,F123,Eels,,Eel,1,A,Lighter red chest,Eels v1 A,Classified,Underwater Demolitions,2,,5,,,,,,,Retail,,,,,,,,,,
,124,F124,Eels,,Eel,1,B,"Darker red chest, no country stamp",Eels v1 B,Classified,Underwater Demolitions,2,,5,,,,,,,Retail,,,,,,,,,,
,125,F125,Flint,,,1,,,Flint v1 ,"Faireborn, Dashiell R.",Infantry,1,,5,,,,,,,1992 Convention,,,1992 Convention,,,,,,,
,126,F126,Footloose,,,1,,,Footloose v1 ,"Meyers, Andrew D.",Infantry,1,,5,,,,,,,Retail,,,,,,,,,,
,127,F127,Frostbite,,,1,A,"Darker gray fur, dark blue emblem",Frostbite v1 A,"Seward, Farley S.",Motor Vehicle Driver,1,,5,,,,,,,Retail,,,,1,Snow Cat,,,,,
,128,F128,Frostbite,,,1,B,"Lighter gray fur, pale blue emblem",Frostbite v1 B,"Seward, Farley S.",Motor Vehicle Driver,1,,5,,,,,,,Mail order,,1,Mail order,1,Snow Cat,,,,,
,129,F129,Heavy Metal,,Rampage,1,,,Heavy Metal v1 ,"Guderian, Sherman R.",Armor,1,,5,,,,,,,1992 Convention,,,1992 Convention,1,Mauler M.B.T. Tank,,,,,
,130,F130,Keel-Haul,,Admiral Keel-Haul,1,A,"Brown jacket, tan pants, patch on right arm, painted stars on collar",Keel-Haul v1 A,"Colby, Everett P.",Command,1,,5,,,,,,,Retail,,,,1,U.S.S. Flagg,,,,,
,131,F131,Lady Jaye,,,1,,,Lady Jaye v1 ,"Hart-Burnett, Alison R.",Intelligence,1,,5,,,,,,,Retail,,,,,,,,,,
,132,F132,Lampreys,,Lamprey,1,,,Lampreys v1 ,,Hydrofoil Pilot,2,,5,,,,,,,Retail,,,,1,Moray,,,,,
,133,F133,Quick Kick,,,1,A,,Quick Kick v1 A,"Ito, MacArthur S.",Infantry,1,,5,,,,,,,Retail,,,,,,,,,,
,134,F134,Ripper,,,1,,,Ripper v1 ,Harry Nod,,4,17,5,,,,,,,Retail,,,,,,,,,,
,135,F135,Shipwreck,,,1,,,Shipwreck v1 ,"Delgado, Hector X.",Gunners Mate,1,,5,,,,,,,Retail,,,,,,,,,,
,136,F136,Snake Eyes,,Snake-Eyes,2,,,Snake Eyes v2 ,Classified,Infantry,1,,5,,,,,,,Retail,,,,,,,,,,
,137,F137,Snow Serpent,,Cobra Snow Viper ,1,,,Snow Serpent v1 ,Classified,Arctic Operations,2,,5,,,,,,,1992 Convention,,,1992 Convention,,,,,,,
,138,F138,Starduster,,Starduster [Version 1A],1,A,"Recondo v1 torso, Recondo v1 waist, pale blue uniform",Starduster v1 A,"Skylar, Edward J.",Infantry Transportable Air Recon,1,,5,,,,,,,Mail order,,1,Mail order,,,,,,,
,139,F139,Tele-Vipers,,Tele-Viper,1,,,Tele-Vipers v1 ,Classified,Communications,2,,5,,,,,,,Retail,,,,,,,,,,
,140,F140,Tomax,,,1,,"Red sash over right shoulder, large Cobra emblem on left side, no scar.",Tomax v1,Classified,"Infiltration, Espionage, Sabotage, Propaganda and Corporate Law.",2,,5,,,,,,,Retail,,,,,,,,,,
,141,F141,Torch,,,1,,,Torch v1 ,Tom Winken,,4,17,5,,,,,,,Retail,,,,,,,,,,
,142,F142,Tripwire,,Listen 'n Fun Tripwire,2,,,Tripwire v2 ,"Skoog, Tormod S.",Explosive Ordnance Disposal,1,,5,,,,,,,Retail,,,,,,,,,,
,143,F143,Xamot,,,1,A,"Red sash over left shoulder, large Cobra emblem on right side, short pink scar on left side of face.",Xamot v1 A,Classified,"Infiltration, Espionage, Sabotage, Propaganda and Corporate Law.",2,,5,,,,,,,Retail,,,,,,,,,,
,144,F144,Xamot,,,1,B,"Red sash over left shoulder, large Cobra emblem on right side, long red scar on left side of face.",Xamot v1 B,Classified,"Infiltration, Espionage, Sabotage, Propaganda and Corporate Law.",2,,5,,,,,,,Retail,,,,,,,,,,
,145,F145,A.V.A.C.,,,1,,,A.V.A.C. v1,,,2,,6,,,,,,,Retail,,,,1,Firebat,,,,,
,146,F146,B.A.T.S.,,B.A.T.,1,A,Orange paint trim,B.A.T.S. v1 A,,,2,,6,,,,,,,Retail,,,,,,,,,,
,147,F147,B.A.T.S.,,B.A.T.,1,B,Yellow paint trim,B.A.T.S. v1 B,,,2,,6,,,,,,,Retail,,,,,,,,,,
,148,F148,Beach Head,,Beach-Head,1,,,Beach Head v1 ,"Sneeden, Wayne, R.",Infantry,1,,6,,,,,,,Retail,,,,,,,,,,
,149,F149,Claymore,,,1,,,Claymore v1 ,"Zullo, John",Anti-Terrorist Specialist,1,,6,,,,,,,Toys R Us,,,Toys R Us,,,,,,,
,150,F150,Cross-Country,,,1,A,Feet molded in gray plastic,Cross-Country v1 A,"Blais, Robert M.",Armor,1,,6,,,,,,,Retail,,,,1,H.A.V.O.C.,,,,,
,151,F151,Cross-Country,,,1,B,Feet molded in white plastic,Cross-Country v1 B,"Blais, Robert M.",Armor,1,,6,,,,,,,Retail,,,,1,H.A.V.O.C.,,,,,
,152,F152,Dial-Tone,,,1,,,Dial-Tone v1 ,"Morelli, Jack S.",Radio Telecommunications,1,,6,,,,,,,Retail,,,,,,,,,,
,153,F153,Dial-Tone,,,2,,,Dial-Tone v2 ,"Morelli, Jack S.",Radio Telecommunications,1,,6,,,,,,,Toys R Us,,,Toys R Us,,,,,,,
,154,F154,Dr. Mindbender,,,1,,,Dr. Mindbender v1 ,,,2,,6,,,,,,,Retail,,,,,,,,,,
,155,F155,Hawk,,,2,,,Hawk v2 ,"Abernathy, Clayton M.",Artillery,1,,6,,,,,,,Retail,,,,,,,,,,
,156,F156,Iceberg,,,1,,,Iceberg v1 ,"Nash, Clifton L.",Infantry,1,,6,,,,,,,Retail,,,,,,,,,,
,157,F157,Leatherneck,,,1,,,Leatherneck v1 ,"Metzger, Wendell A.",Infantry,1,,6,,,,,,,Retail,,,,,,,,,,
,158,F158,Leatherneck,,,2,,,Leatherneck v2 ,"Metzger, Wendell A.",Infantry,1,,6,,,,,,,Toys R Us,,,Toys R Us,,,,,,,
,159,F159,Lifeline,,,1,,,Lifeline v1 ,"Steen, Edwin C.",Medic,1,,6,,,,,,,Retail,,,,,,,,,,
,160,F160,Lift-Ticket,,,1,,,Lift-Ticket v1 ,"Sikorski, Victor, W.",Rotary Wing Aircraft Pilot,1,,6,,,,,,,Retail,,,,1,Tomahawk,,,,,
,161,F161,Low-Light,,,1,,,Low-Light v1 ,"MacBride, Cooper G.",Infantry,1,,6,,,,,,,Retail,,,,,,,,,,
,162,F162,Mainframe,,,1,,,Mainframe v1 ,"Parker, Blaine L.",Computer Technology,1,,6,,,,,,,Retail,,,,,,,,,,
,163,F163,Mainframe,,,2,,,Mainframe v2 ,"Parker, Blaine L.",Computer Technology,1,,6,,,,,,,Toys R Us,,,Toys R Us,,,,,,,
,164,F164,Monkeywrench,,,1,,,Monkeywrench v1 ,Bill Winkie,,4,17,6,,,,,,,Retail,,,,,,,,,,
,165,F165,Motor Viper,,Motor-Viper,1,A,"Light blue helmet, pale blue neck joint",Motor Viper v1 A,,,2,,6,,,,,,,Retail,,,,1,Stun,,,,,
,166,F166,Motor Viper,,Motor-Viper,1,B,"Dark blue helmet, two-tone neck joint",Motor Viper v1 B,,,2,,6,,,,,,,Retail,,,,1,Stun,,,,,
,167,F167,Roadblock,,,2,,,Roadblock v2 ,"Hinton, Marvin F.",Infantry Heavy Weapons,1,,6,,,,,,,1992 Convention,,,1992 Convention,,,,,,,
,168,F168,Sci-Fi,,,1,,,Sci-Fi v1 ,"Fine, Seymour P.",Infantry,1,,6,,,,,,,Retail,,,,,,,,,,
,169,F169,Serpentor,,,1,A,Flesh colored neck,Serpentor v1 A,,,2,,6,,,,,,,Retail,,,,1,Air Chariot,,,,,
,170,F170,Serpentor,,,1,B,Yellow colored neck,Serpentor v1 B,,,2,,6,,,,,,,Retail,,,,1,Air Chariot,,,,,
,171,F171,Sgt. Slaughter,,,1,A,Thick red border around chevron on boots,Sgt. Slaughter v1 A,Classified Top Secret,Infantry/Drill Instructor,1,,6,,,,,,,Mail order,,1,Mail order,,,,,,,
,172,F172,Sgt. Slaughter,,,1,B,Thin red border around chevron on boots,Sgt. Slaughter v1 B,Classified Top Secret,Infantry/Drill Instructor,1,,6,,,,,,,Mail order,,1,Mail order,,,,,,,
,173,F173,Sgt. Slaughter,,,2,,,Sgt. Slaughter v2 ,Classified Top Secret,Infantry/Drill Instructor,1,,6,,,,,,,Retail,,,,1,Triple 'T',,,,,
,174,F174,Slip-Stream,,,1,A,Teeth painted on face,Slip-Stream v1 A,"Boyajian, Gregory B.",Fighter Pilot,1,,6,,,,,,,Retail,,,,1,Conquest X-30,,,,,
,175,F175,Slip-Stream,,,1,B,No teeth painted on face.,Slip-Stream v1 B,"Boyajian, Gregory B.",Fighter Pilot,1,,6,,,,,,,Retail,,,,1,Conquest X-30,,,,,
,176,F176,Strato-Viper,,,1,,,Strato-Viper v1,,,2,,6,,,,,,,Retail,,,,1,Night Raven S3P,,,,,
,177,F177,Thrasher,,,1,,,Thrasher v1,,,4,17,6,,,,,,,Retail,,,,1,Dreadnok Thunder Machine,,,,,
,178,F178,Vipers,,Viper,1,,,Vipers v1,,,2,,6,,,,,,,Retail,,,,,,,,,,
,179,F179,Wet-Suit,,,1,,,Wet-Suit v1 ,"Forrest, Brian M.",SEAL,1,,6,,,,,,,Retail,,,,,,,,,,
,180,F180,Wet-Suit,,,2,,,Wet-Suit v2 ,"Forrest, Brian M.",SEAL,1,,6,,,,,,,Toys R Us,,,Toys R Us,,,,,,,
,181,F181,Zandar,,,1,,,Zandar v1 ,,,4,17,6,,,,,,,Retail,,,,,,,,,,
,182,F182,Zarana,,,1,A,"Earrings, darker red gloves & kneepads",Zarana v1 A,,,4,17,6,,,,,,,Retail,,,,,,,,,,
,183,F183,Zarana,,,1,B,"No earrings, lighter red gloves & kneepads",Zarana v1 B,,,4,17,6,,,,,,,Retail,,,,,,,,,,
,184,F184,Zarana,,,1,C,No earrings,Zarana v1 C,,,4,17,6,,,,,,,1992 Convention,,,1992 Convention,,,,,,,
,185,F185,Avalanche,,,1,A,Gray knife on leg,Avalanche v1 A,"Costello, Ian M.",Armored Vehicle Driver,1,8,7,,,,,,,Retail,,,,,,,,,,
,186,F186,Avalanche,,,1,B,Silver knife on leg,Avalanche v1 B,"Costello, Ian M.",Armored Vehicle Driver,1,8,7,,,,,,,Retail,,,,,,,,,,
,187,F187,Back-Stop,,,1,,,Back-Stop v1 ,"Levin, Robert A.",Armor,1,,7,,,,,,,Retail,,,,1,Persuader,,,,,
,188,F188,Big Boa,,,1,,,Big Boa v1 ,,,2,,7,,,,,,,Retail,,,,,,,,,,
,189,F189,Blaster,,,1,,,Blaster v1 ,"Davis, Brian R.",Ground-Effect Vehicle Operator,1,8,7,,,,,,,Retail,,,,,,,,,,
,190,F190,Blocker,,,1,A,"No visor, black inner arm",Blocker v1 A,"McCarthy, David B.",Mechanized Recon,1,8,7,,,,,,,Retail,,,,,,,,,,
,191,F191,Blocker,,,1,B,"With visor, red inner arm",Blocker v1 B,"McCarthy, David B.",Mechanized Recon,1,8,7,,,,,,,Retail,,,,,,,,,,
,192,F192,Chuckles,,,1,,,Chuckles v1 ,"Provost, Philip M.",Criminal Investigations Division,1,,7,,,,,,,Retail,,,,,,,,,,
,193,F193,Cobra Commander,,Battle Armor Cobra Commander,3,A,Flesh tone neck ball-joint,Cobra Commander v3 A,Classified,Intelligence,2,,7,,,,,,,Retail,,,,,,,,,,
,194,F194,Cobra Commander,,Battle Armor Cobra Commander,3,B,Dark gray neck ball-joint,Cobra Commander v3 B,Classified,Intelligence,2,,7,,,,,,,Retail,,,,,,,,,,
,195,F195,Crazylegs,,,1,,,Crazylegs v1 ,"Thomas, David O.",Infantry,1,,7,,,,,,,Retail,,,,,,,,,,
,196,F196,Croc Master,,,1,,,Croc Master v1 ,,,2,,7,,,,,,,Retail,,,,,,,,,,
,197,F197,Crystal Ball,,,1,,,Crystal Ball v1 ,,,2,,7,,,,,,,Retail,,,,,,,,,,
,198,F198,Dodger,,,1,,,Dodger v1 ,"Renwick, Richard",Armored Vehicle Maintenance,1,8,7,,,,,,,Retail,,,,,,,,,,
,199,F199,Falcon,,Lt. Falcon,1,,,Falcon v1 ,"Falcone, Vincent R.",Infantry,1,,7,,,,,,,1992 Convention,,,1992 Convention,,,,,,,
,200,F200,Fast Draw,,,1,,,Fast Draw v1 ,"Brown, Eliot",Ordnance,1,,7,,,,,,,Retail,,,,,,,,,,
,201,F201,Golobulus,,,1,A,"Tail with small, tightly clustered scales",Golobulus v1 A,,,2,,7,,,,,,,Retail,,,,,,,,,,
,202,F202,Golobulus,,,1,B,Tail with larger scales,Golobulus v1 B,,,2,,7,,,,,,,Retail,,,,,,,,,,
,203,F203,Gung-Ho,,Dress Blues Gung-Ho,2,,,Gung-Ho v2 ,"La Fitte, Etienne R.",Recondo Instructor,1,,7,,,,,,,1992 Convention,,,1992 Convention,,,,,,,
,204,F204,Gyro-Viper,,,1,,,Gyro-Viper v1 ,,,2,,7,,,,,,,Retail,,,,1,Mamba,,,,,
,205,F205,Hardtop,,,1,,,Hardtop v1 ,"Klas, Nicholas D.",Heavy Equipment Operator,1,,7,,,,,,,Retail,,,,1,Defiant,,,,,
,206,F206,Ice Viper,,,1,,,Ice Viper v1 ,,,2,,7,,,,,,,Retail,,,,1,WOLF,,,,,
,207,F207,Jinx,,,1,,,Jinx v1 ,Top Secret,Intelligence,1,,7,,,,,,,Retail,,,,,,,,,,
,208,F208,Knockdown,,,1,,,Knockdown v1 ,"Gonsalves, Blaine M.",Infantry,1,8,7,,,,,,,Retail,,,,,,,,,,
,209,F209,Law & Order,,Law,1,,,Law & Order v1 ,"Lavigne, Christopher M.",Military Police,1,,7,,,,,,,Retail,,,,,,,,,,
,210,F210,Maverick,,,1,,,Maverick v1 ,"Kiley, Thomas P.",Pilot,1,8,7,,,,,,,Retail,,,,,,,,,,
,211,F211,Mercer,MERCER_1,,1,,,Mercer v1 ,"Stratton, Felix P.",Small Arms Armorer,1,,7,,,,,,,Retail,,,,,,,,,,
,212,F212,Nemesis Enforcer,,,1,,,Nemesis Enforcer v1 ,,,2,,7,,,,,,,Retail,,,,,,,,,,
,213,F213,Outback,,,1,,,Outback v1 ,"Selkirk, Stuart R.",Infantry,1,,7,,,,,,,1992 Convention,,,1992 Convention,,,,,,,
,214,F214,Payload,,,1,,,Payload v1 ,"Morgan, Mark Jr.",Astronaut,1,,7,,,,,,,Retail,,,,1,Defiant,,,,,
,215,F215,Psyche-Out,,,1,,,Psyche-Out v1 ,"Rich, Kenneth D.",Psy-Ops,1,,7,,,,,,,Retail,,,,,,,,,,
,216,F216,Raptor,,,1,,,Raptor v1 ,,,2,,7,,,,,,,Retail,,,,,,,,,,
,217,F217,Red Dog,,,1,,,Red Dog v1 ,"Taputapu, David",Infantry,1,,7,,,,,,,Retail,,,,,,,,,,
,218,F218,Royal Guard,,,1,,,Royal Guard v1 ,,,2,,7,,,,,,,Retail,,,,,,,,,,
,219,F219,Rumbler,,Footloose ,1,,,Rumbler v1 ,"Swilley, Earl-Bob",Fast Attack Vehicle Driver,1,,7,,,,,,,1992 Convention,,,1992 Convention,1,Crossfire,,\,,,
,220,F220,Sea Slug,,,1,,,Sea Slug v1 ,,,2,,7,,,,,,,Retail,,,,1,Sea Ray,,,,,
,221,F221,Sneak Peek,,,1,,,Sneak Peek v1 ,"King, Owen",Infantry,1,,7,,,,,,,Retail,,,,,,,,,,
,222,F222,Steam-Roller,,,1,A,Lighter brown pants,Steam-Roller v1 A,"Whitcomb, Averill B.",Heavy Equipment Operator,1,,7,,,,,,,Retail,,,,1,Mobile Command Center,,,,,
,223,F223,Steam-Roller,,,1,B,Darker brown pants,Steam-Roller v1 B,"Whitcomb, Averill B.",Heavy Equipment Operator,1,,7,,,,,,,Retail,,,,1,Mobile Command Center,,,,,
,224,F224,Steel Brigade,,Steel Brigade [Version 1A],1,A,"Airborne v1 chest, Scrap Iron v1 legs, silver helmet",Steel Brigade v1 A,,,1,,7,,,,,,,Mail order,,1,Mail order,,,,,,,
,225,F225,Taurus,,,1,,,Taurus v1 ,"Ayvazyan, Varujan",Demolitions,1,,7,,,,,,,Retail,,,,,,,,,,
,226,F226,Techno-Viper,,,1,,,Techno-Viper v1 ,,,2,,7,,,,,,,Retail,,,,,,,,,,
,227,F227,The Fridge,,Fridge,1,A,"Right wristband with blue-red-white pattern, left wristband with white-red-blue pattern",The Fridge v1 A,"Perry, William",Physical Training Instructor,1,,7,,,,,,,Mail order,,1,Mail order,,,,,,,
,228,F228,The Fridge,,Fridge,1,B,"Rght wristband with red-blue-white pattern, left wristband with white-blue-red pattern",The Fridge v1 B,"Perry, William",Physical Training Instructor,1,,7,,,,,,,Mail order,,1,Mail order,,,,,,,
,229,F229,The Fridge,,Fridge,1,C,Brown belt buckle,The Fridge v1 C,"Perry, William",Physical Training Instructor,1,,7,,,,,,,Mail order,,1,Mail order,,,,,,,
,230,F230,Tunnel Rat,,,1,,,Tunnel Rat v1 ,"Lee, Nicky",Explosive Ordnance Disposal,1,,7,,,,,,,Retail,,,,,,,,,,
,231,F231,W.O.R.M.S.,,,1,,,W.O.R.M.S. v1 ,,,2,,7,,,,,,,Retail,,,,1,Maggot,,,,,
,232,F232,Zanzibar,,,1,A,Short mustache,Zanzibar v1 A,,,4,17,7,,,,,,,Retail,,,,1,Air Skiff,,,,,
,233,F233,Zanzibar,,,1,B,Long mustache,Zanzibar v1 B,,,4,17,7,,,,,,,Retail,,,,1,Air Skiff,,,,,
,234,F234,Armadillo,,,1,A,Brighter green boots,Armadillo v1 A,"Makepeace, Philo R.",Armored Assault Vehicle Driver,1,,8,,,,,,,Retail,,,,1,Rolling Thunder,,,,,
,235,F235,Armadillo,,,1,B,Darker green boots,Armadillo v1 B,"Makepeace, Philo R.",Armored Assault Vehicle Driver,1,,8,,,,,,,Retail,,,,1,Rolling Thunder,,,,,
,236,F236,Astro-Viper,,,1,,,Astro-Viper v1,,,2,,8,,,,,,,Retail,,,,,,,,,,
,237,F237,Bazooka,,Tiger Force Bazooka,2,,,Bazooka v2 ,"Katzenbogen, David L.",Armor Defeating Weapons Systems,1,1,8,,,,,,,Retail,,,,,,,,,,
,238,F238,Blizzard,,,1,A,Lighter brown gloves and boots,Blizzard v1 A,"Natale, Gregory M.",Arctic Warfare Training Instructor,1,,8,,,,,,,Retail,,,,,,,,,,
,239,F239,Blizzard,,,1,B,Darker brown gloves and boots,Blizzard v1 B,"Natale, Gregory M.",Arctic Warfare Training Instructor,1,,8,,,,,,,Retail,,,,,,,,,,
,240,F240,Budo,,,1,,,Budo v1,"Jesso, Kyle A.",Infantry,1,,8,,,,,,,Retail,,,,,,,,,,
,241,F241,Charbroil,,,1,A,Orange eyes,Charbroil v1 A,"Shannon, Carl G.",Flame Weapon Specialist,1,,8,,,,,,,Retail,,,,,,,,,,
,242,F242,Charbroil,,,1,B,Black eyes,Charbroil v1 B,"Shannon, Carl G.",Flame Weapon Specialist,1,,8,,,,,,,Retail,,,,,,,,,,
,243,F243,Crazylegs,,Night Force Crazylegs,2,,,Crazylegs v2,"Thomas, David O.",Infantry,1,2,8,,,,,,,Toys R Us,,,Toys R Us,,,,,,,
,244,F244,Destro,,,2,,,Destro v2 ,James McCullen Destro,Leader of the Iron Grenadiers & Weapons Manufacturer,2,13,8,,,,,,,Retail,,,,1,Destro's Despoiler,,,,,
,245,F245,Duke,,Tiger Force Duke,2,,,Duke v2 ,"Hauser, Conrad S.",Airborne Infantryman,1,1,8,,,,,,,Retail,,,,,,,,,,
,246,F246,Dusty,,Tiger Force Dusty,2,,,Dusty v2 ,"Tadur, Ronald W.",Infantry,1,1,8,,,,,,,Retail,,,,,,,,,,
,247,F247,Ferret,,,1,,,Ferret v1 ,,,2,13,8,,,,,,,Retail,,,,1,D.E.M.O.N.,,,,,
,248,F248,Flint,,Tiger Force Flint,2,,,Flint v2 ,"Faireborn, Dashiell R.",Infantry,1,1,8,,,,,,,Retail,,,,,,,,,,
,249,F249,Frostbite,,Tiger Force Frostbite,2,A,Orange eyes,Frostbite v2 A,"Seward, Farley S.",Tiger Cat Driver,1,1,8,,,,,,,Retail,,,,1,Tiger Cat,,,,,
,250,F250,Frostbite,,Tiger Force Frostbite,2,B,Black eyes,Frostbite v2 B,"Seward, Farley S.",Tiger Cat Driver,1,1,8,,,,,,,Retail,,,,1,Tiger Cat,,,,,
,251,F251,Frostbite,,Tiger Force Frostbite,2,C,Dark red eyes,Frostbite v2 C,"Seward, Farley S.",Tiger Cat Driver,1,1,8,,,,,,,Retail,,,,1,Tiger Cat,,,,,
,252,F252,Ghostrider,,,1,,,Ghostrider v1 ,"Jeffries, Jonas S.",Stealth Fighter pilot,1,,8,,,,,,,Retail,,,,1,Phantom X-19,,,,,
,253,F253,Hardball,,,1,,,Hardball v1,"Duggleby, Wilmer S.",Infantry,1,,8,,,,,,,Retail,,,,,,,,,,
,254,F254,Hit & Run,,,1,,,Hit & Run v1,"Scott, Brent",Infantry,1,,8,,,,,,,Target,,,Target,,,,,,,
,255,F255,Hydro-Vipers (Demon of the Deep),,Hydro-Viper,1,,,Hydro-Vipers (Demon of the Deep) v1,,,2,,8,,,,,,,Retail,,,,,,,,,,
,256,F256,Iron Grenadiers,,Iron Grenadier,1,,,Iron Grenadiers v1,,"Terrorism, Sales, Marketing Development",2,13,8,,,,,,,Retail,,,,,,,,,,
,257,F257,Lifeline,,Tiger Force Lifeline,2,,,Lifeline v2 ,"Steen, Edwin C.",Medic,1,1,8,,,,,,,Retail,,,,,,,,,,
,258,F258,Lightfoot,,,1,,,Lightfoot v1,"Owens, Cory R.",Demolitions,1,,8,,,,,,,Retail,,,,,,,,,,
,259,F259,Lt. Falcon,,"Falcon, Lt. Falcon v1, or Night Force Falcon",2,,,Lt. Falcon v2,"Falcone, Vincent R.",Infantry,1,2,8,,,,,,,Toys R Us,,,Toys R Us,,,,,,,
,260,F260,Muskrat,,,1,,,Muskrat v1,"Williams, Ross A.",Infantry,1,,8,,,,,,,Retail,,,,,,,,,,
,261,F261,Nullifier,,,1,,,Nullifier v1 ,,,2,13,8,,,,,,,Retail,,,,1,A.G.P.,,,,,
,262,F262,Outback,,Night Force Outback,2,,,Outback v2,"Selkirk, Stuart R.",Infantry,1,2,8,,,,,,,Toys R Us,,,Toys R Us,,,,,,,
,263,F263,Psyche-Out,,Night Force Psyche-Out,2,,,Psyche-Out v2,"Rich, Kenneth D.",Psy-Ops,1,2,8,,,,,,,Toys R Us,,,Toys R Us,,,,,,,
,264,F264,Recondo,,Tiger Force Recondo,2,,,Recondo v2 ,"LeClaire, Daniel M.",Tiger Fly Pilot,1,1,8,,,,,,,Retail,,,,1,Tiger Fly,,,,,
,265,F265,Repeater,,,1,,,Repeater v1,"Therien, Jeffrey R.",Infantry,1,,8,,,,,,,Retail,,,,,,,,,,
,266,F266,Road Pig,,,1,,,Road Pig v1,"DeLuca, Donald",,2,17,8,,,,,,,Retail,,,,,,,,,,
,267,F267,Roadblock,,Tiger Force Roadblock,3,,,Roadblock v3 ,"Hinton, Marvin F.",Heavy Machine Gunner,1,1,8,,,,,,,Retail,,,,,,,,,,
,268,F268,Secto-Viper,,,1,,,Secto-Viper v1 ,,,2,,8,,,,,,,Retail,,,,1,BUGG,,,,,
,269,F269,Sgt. Slaughter,,,3,,,Sgt. Slaughter v3 ,Classified Top Secret,Infantry/Drill Instructor,1,,8,,,,,,,Retail,,,,1,Warthog A.I.F.V.,,,,,
,270,F270,Shockwave,,,1,,,Shockwave v1,"Faria, Jason A.",Special Weapons and Tactics,1,,8,,,,,,,Retail,,,,,,,,,,
,271,F271,Skidmark,,,1,,,Skidmark v1 ,"Colombani, Cyril",Fast Attack Vehicle Driver,1,,8,,,,,,,Retail,,,,1,Desert Fox 6 W.D.,,,,,
,272,F272,Skystriker,,Tiger Force Skystriker or Thunder ,1,A,Map on right leg has grid pattern on right side,Skystriker v1 A,"Russo, Alexander P.",Tiger Rat Pilot,1,1,8,,,,,,,1992 Convention,,,1992 Convention,,Tiger Rat,,,,,
,273,F273,Skystriker,,Tiger Force Skystriker or Thunder ,1,B,Map on right leg has grid pattern on left side,Skystriker v1 B,"Russo, Alexander P.",Tiger Rat Pilot,1,1,8,,,,,,,1992 Convention,,,1992 Convention,1,Tiger Rat,,,,,
,274,F274,Sneak Peek,,Night Force Sneak Peek,2,,,Sneak Peek v2,"King, Owen",Infantry,1,2,8,,,,,,,Toys R Us,,,Toys R Us,,,,,,,
,275,F275,Spearhead & Max,,Spearhead,1,,,Spearhead & Max v1,"Millman, Peter R.",Infantry,1,,8,,,,,,,Retail,,,,,,,,,,
,276,F276,Starduster,,Starduster [Version 1B],1,B,,Starduster v1 B,"Skylar, Edward J.",Infantry Transportable Air Recon,1,,8,,,,,,,Mail order,,1,Mail order,1,Pocket Patrol Pack,,,,,
,277,F277,Star-Viper,,,1,,,Star-Viper v1 ,,,2,,8,,,,,,,Retail,,,,1,Stellar Stiletto,,,,,
,278,F278,Steel Brigade,,Steel Brigade [Version 1B],1,B,"Duke v1 chest, Scrap Iron v1 legs, silver helmet",Steel Brigade v1 B,,,1,,8,,,,,,,Mail order,,1,Mail order,,,,,,,
,279,F279,Steel Brigade,,Steel Brigade [Version 1C],1,C,"Duke v1 chest, Airborne v1 legs, Gung-Ho v1 waist, silver helmet",Steel Brigade v1 C,,,1,,8,,,,,,,Mail order,,1,Mail order,,,,,,,
,280,F280,Storm Shadow,,,2,,,Storm Shadow v2,Classified,Covert Operations,1,,8,,,,,,,Retail,,,,,,,,,,
,281,F281,Super Trooper,,,1,,,Super Trooper v1,,,1,,8,,,,,,,Mail order,,1,Mail order,,,,,,,
,282,F282,Toxo-Viper,,,1,,,Toxo-Viper v1,,,2,,8,,,,,,,Retail,,,,,,,,,,
,283,F283,Tripwire,,Tiger Force Tripwire,3,,,Tripwire v3 ,"Skoog, Tormod S.",Explosive Ordnance Disposal,1,1,8,,,,,,,Retail,,,,,,,,,,
,284,F284,Tunnel Rat,,Night Force Tunnel Rat,2,,,Tunnel Rat v2,"Lee, Nicky",Explosive Ordnance Disposal,1,2,8,,,,,,,Toys R Us,,,Toys R Us,,,,,,,
,285,F285,Voltar,,,1,,,Voltar v1,,,2,13,8,,,,,,,Retail,,,,,,,,,,
,286,F286,Wildcard,,,1,,,Wildcard v1 ,"Scott, Eric U.",Armored Vehicle Operator,1,,8,,,,,,,Retail,,,,1,Mean Dog,,,,,
,287,F287,Windmill,,,1,,,Windmill v1 ,"Roth, Edward J.",Stopped-Rotor Aircraft Operator,1,,8,,,,,,,Retail,,,,1,Skystorm,,,,,
,288,F288,Aero-Viper,,,1,,,Aero-Viper v1 ,,,2,,9,,,,,,,Retail,,,,1,Condor Z25,,,,,
,289,F289,Alley Viper,,,1,,,Alley Viper v1,,,2,,9,,,,,,,Retail,,,,,,,,,,
,290,F290,Annihilator,,,1,,,Annihilator v1,,,2,13,9,,,,,,,Retail,,,,,,,,,,
,291,F291,Backblast,,,1,,,Backblast v1,"Menninger, Edward J.",Air Defense Artillery,1,,9,,,,,,,Retail,,,,,,,,,,
,292,F292,Barbecue,,Slaughter's Marauders Barbecue,2,,,Barbecue v2 ,"Kelly, Gabriel A.",Firefighter,1,3,9,,,,,,,Retail,,,,,,,,,,
,293,F293,Charbroil,,Night Force Charbroil,2,,,Charbroil v2 ,"Shannon, Carl G.",Flame Weapon Specialist,1,2,9,,,,,,,Toys R Us,,,Toys R Us,,,,,,,
,294,F294,Countdown,,,1,,,Countdown v1,"Dubosky, David D.",Astronaut/Fighter Pilot,1,,9,,,,,,,Retail,,,,,,,,,,
,295,F295,Darklon,,,1,,,Darklon v1 ,,,2,13,9,,,,,,,Retail,,,,1,Evader,,,,,
,296,F296,Dee-Jay,,,1,,,Dee-Jay v1,"Rossi III, Thomas R.",Radio Telephone Operator,1,8,9,,,,,,,Retail,,,,,,,,,,
,297,F297,Deep Six,,,2,,,Deep Six v2,"Willoughby, Malcom R.",NEC: Dive Master,1,,9,,,,,,,Retail,,,,,,,,,,
,298,F298,Dogfight,,,1,,,Dogfight v1 ,"King, James R.",Mudfighter Pilot,1,,9,,,,,,,Retail,,,,1,Mudfighter,,,,,
,299,F299,Downtown,,,1,A,Flesh-tone hands,Downtown v1 A," Riley, Thomas P.",Infantry,1,,9,,,,,,,Retail,,,,,,,,,,
,300,F300,Downtown,,,1,B,Yellow glove hands,Downtown v1 B," Riley, Thomas P.",Infantry,1,,9,,,,,,,Retail,,,,,,,,,,
,301,F301,Footloose,,Slaughter's Marauders Footloose,2,,,Footloose v2 ,"Meyers, Andrew D.",Infantry,1,3,9,,,,,,,Retail,,,,,,,,,,
,302,F302,Frag-Viper,,,1,,,Frag-Viper v1,,,2,,9,,,,,,,Retail,,,,,,,,,,
,303,F303,Gnawgahyde,,,1,,,Gnawgahyde v1,,,4,17,9,,,,,,,Retail,,,,,,,,,,
,304,F304,H.E.A.T. Viper,,,1,,,H.E.A.T. Viper v1,,,2,,9,,,,,,,Retail,,,,,,,,,,
,305,F305,Hot Seat,,,1,,,Hot Seat v1 ,"Provost, Michael A.",Raider Driver,1,,9,,,,,,,Retail,,,,1,Raider,,,,,
,306,F306,Keel-Haul,,Admiral Keel-Haul,1,B,Unpainted stars on collar,Keel-Haul v1 B,"Colby, Everett P.",Command,1,,9,,,,,,,Mail order,,1,Mail order,,,,,,,
,307,F307,Lightfoot,,Night Force Lightfoot,2,,,Lightfoot v2 ,"Owens, Corey R.",Demolitions,1,2,9,,,,,,,Toys R Us,,,Toys R Us,,,,,,,
,308,F308,Long Range,,,1,,,Long Range v1 ,"Fritz, Karl W.",Thunderclap Driver,1,,9,,,,,,,Retail,,,,1,Thunderclap,,,,,
,309,F309,Low-Light,,Slaughter's Marauders Low-Light,2,,,Low-Light v2 ,"MacBride, Cooper",Night Spotter,1,3,9,,,,,,,Retail,,,,,,,,,,
,310,F310,Muskrat,,Night Force Muskrat,2,,,Muskrat v2 ,"Williams, Ross A.",Infantry,1,2,9,,,,,,,Toys R Us,,,Toys R Us,,,,,,,
,311,F311,Mutt,,Slaughter's Marauders Mutt,2,,,Mutt v2 ,"Perlmutter, Stanley G.",Animal Control/Utilization Technician,1,3,9,,,,,,,Retail,,,,,,,,,,
,312,F312,Night-Viper,,,1,,,Night-Viper v1,,,2,,9,,,,,,,Retail,,,,,,,,,,
,313,F313,Payload,,,2,,,Payload v2 ,"Morgan, Mark Jr.",Astronaut,1,,9,,,,,,,Retail,,,,1,Crusader,,,,,
,314,F314,Python Copperhead,,Copperhead ,2,,,Python Copperhead v2 ,,Swamp Fighter,2,11,9,,,,,,,Retail,,,,,,,,,,
,315,F315,Python Crimson Guard,,,1,,,Python Crimson Guard v1 ,,,2,11,9,,,,,,,Retail,,,,,,,,,,
,316,F316,Python Officer,,Cobra Viper ,1,,,Python Officer v1 ,,,2,11,9,,,,,,,Retail,,,,,,,,,,
,317,F317,Python Tele-Viper,,Cobra Tele-Viper ,1,,,Python Tele-Viper v1 ,,,2,11,9,,,,,,,Retail,,,,,,,,,,
,318,F318,Python Trooper,,,1,,,Python Trooper v1 ,,,2,11,9,,,,,,,Retail,,,,,,,,,,
,319,F319,Python Viper,,,1,,,Python Viper v1 ,,,2,11,9,,,,,,,Retail,,,,,,,,,,
,320,F320,Rampage,,Heavy Metal ,1,,,Rampage v1 ,"Guderian, Sherman R.",Armor,1,,9,,,,,,,Mail order,,1,Mail order,,,,,,,
,321,F321,Recoil,,,1,,,Recoil v1,"Felton, Joseph",Infantry,1,,9,,,,,,,Retail,,,,,,,,,,
,322,F322,Repeater,,Night Force Repeater,2,,,Repeater v2 ,"Therien, Jeffrey R.",Infantry,1,,9,,,,,,,Toys R Us,,,Toys R Us,,,,,,,
,323,F323,Rock & Roll,,Rock 'N Roll,2,,,Rock & Roll v2,"McConnel, Craig S.",Infantry,1,,9,,,,,,,Retail,,,,,,,,,,
,324,F324,Scoop,,,1,,,Scoop v1,"Michaels, Leonard",Journalist,1,,9,,,,,,,Retail,,,,,,,,,,
,325,F325,Sgt. Slaughter,,Slaughter's Marauders Sgt. Slaughter,4,,,Sgt. Slaughter v4 ,Classified Top Secret,"Commander, Slaughter's Marauders",1,3,9,,,,,,,Retail,,,,,,,,,,
,326,F326,Shockwave,,Night Force Shockwave,2,,,Shockwave v2 ,"Faria, Jason A.",Special Weapons and Tactics,1,,9,,,,,,,Toys R Us,,,Toys R Us,,,,,,,
,327,F327,Snake Eyes,,Snake-Eyes,3,,,Snake Eyes v3,Classified,Infantry,1,,9,,,,,,,Retail,,,,,,,,,,
,328,F328,Spearhead & Max,,Night Force Spearhead,2,,,Spearhead & Max v2 ,"Millman, Peter R.",Infantry,1,2,9,,,,,,,Toys R Us,,,Toys R Us,,,,,,,
,329,F329,Spirit,,Slaughter's Marauders Spirit,2,,,Spirit v2 ,"Iron-Knife, Charlie",Tracker,1,3,9,,,,,,,Retail,,,,,,,,,,
,330,F330,Stalker,,,2,,,Stalker v2,"Wilkinson, Lonzo R.",Infantry,1,,9,,,,,,,Retail,,,,,,,,,,
,331,F331,Starduster,,Starduster [Version 1C],1,C,"Duke v1 torso, Iceberg v1 waist, pale blue uniform",Starduster v1 C,"Skylar, Edward J.",Infantry Transportable Air Recon,1,,9,,,,,,,Mail order,,1,Mail order,1,Pocket Patrol Pack,,,,,
,332,F332,Steel Brigade,,Steel Brigade [Version 1D],1,D.1,"Duke v1 chest, Airborne v1 legs, Cobra v1.5 waist, silver helmet",Steel Brigade v1 D.1,,,1,,9,,,,,,,Mail order,,1,Mail order,,,,,,,
,333,F333,Steel Brigade,,Steel Brigade [Version 1D],1,D.2,"Duke v1 chest, Airborne v1 legs, Cobra v1.5 waist, silver helmet",Steel Brigade v1 D.2,,,1,,9,,,,,,,Mail order,,1,Mail order,,,,,,,
,334,F334,Steel Brigade,,Steel Brigade [Version 1E] ,1,E,"Duke v1 chest, Scrap Iron v1 legs, Flash v1.5 arms, Cobra v1.5 waist, silver helmet",Steel Brigade v1 E,,,1,,9,,,,,,,Mail order,,1,Mail order,,,,,,,
,335,F335,T.A.R.G.A.T. ,,,1,,,T.A.R.G.A.T.  v1,,,2,13,9,,,,,,,Retail,,,,,,,,,,
,336,F336,Track Viper,,,1,,,Track Viper v1 ,,,2,,9,,,,,,,Retail,,,,1,H.I.S.S. II,,,,,
,337,F337,Wild Boar,,,1,,,Wild Boar v1 ,,,2,13,9,,,,,,,Retail,,,,1,Destro's Razorback,,,,,
,338,F338,Windchill,WINDCHILL_1,,1,,,Windchill v1 ,"Steel, Jim",Arctic Blast Driver,1,,9,,,,,,,Retail,,,,1,Arctic Blast,,,,,
,339,F339,Airborne,AIRBORNE_2,Airborne [2] ,1,,,Airborne v1 ,"Six, Robert M.",Sky Patrol Parachute Assembler,1,4,10,,,,,,,Retail,,,,,,,,,,
,340,F340,Airwave,,,1,,,Airwave v1 ,"Mewett, Cliff V.",Sky Patrol Audible Frequency Specialist,1,4,10,,,,,,,Retail,,,,,,,,,,
,341,F341,Altitude,,,1,,,Altitude v1 ,"Jones, John-Edward O.",Sky Patrol Recon Scout,1,4,10,,,,,,,Retail,,,,,,,,,,
,342,F342,Ambush,,,1,A,Light brown stripes,Ambush v1 A,"McMahon, Aaron",Concealment Specialist,1,,10,,,,,,,Retail,,,,,,,,,,
,343,F343,Ambush,,,1,B,Orange stripes,Ambush v1 B,"McMahon, Aaron",Concealment Specialist,1,,10,,,,,,,Retail,,,,,,,,,,
,344,F344,Bullhorn,,,1,,,Bullhorn v1 ,"Ferreira, Stephen A.",Intervention Specialist,1,,10,,,,,,,Retail,,,,,,,,,,
,345,F345,Capt. Grid-Iron,,Grid-Iron,1,,,Capt. Grid-Iron v1 ,"Lydon, Terrence",Hand-To-Hand Combat Specialist,1,,10,,,,,,,Retail,,,,,,,,,,
,346,F346,Cold Front,,,1,,,Cold Front v1 ,"Donahue, Charles",Avalanche Driver,1,,10,,,,,,,Retail,,,,1,Avalanche,,,,,
,347,F347,Dial-Tone,,Sonic Fighter Dial-Tone,3,,,Dial-Tone v3 ,"Morelli, Jack S.",Radio Communications,1,,10,,,,,,,Retail,,,,,,,,,,
,348,F348,Decimator,,,1,,,Decimator v1 ,,,2,,10,,,,,,,Retail,,,,1,Hammerhead,,,,,
,349,F349,Dodger,,Sonic Fighter Dodger,2,,,Dodger v2 ,"Renwick, Richard",Laser Demolitions,1,,10,,,,,,,Retail,,,,,,,,,,
,350,F350,Drop Zone,,,1,,,Drop Zone v1 ,"Delisi, Samuel C.",Sky Patrol Weapons Specialist,1,4,10,,,,,,,Retail,,,,,,,,,,
,351,F351,Free Fall,,,1,,,Free Fall v1 ,"Arndt, Phillip W.",Paratrooper,1,,10,,,,,,,Retail,,,,,,,,,,
,352,F352,Lampreys,,Lamprey or Sonic Fighter Lamprey,2,,,Lampreys v2 ,,,2,,10,,,,,,,Retail,,,,,,,,,,
,353,F353,Laser-Viper,,,1,,,Laser-Viper v1 ,,,2,,10,,,,,,,Retail,,,,,,,,,,
,354,F354,Law,,Law & Order or Sonic Fighter Law,2,,,Law v2 ,"Lavigne, Christopher M.",Military Police,1,,10,,,,,,,Retail,,,,,,,,,,
,355,F355,Major Storm,,,1,,,Major Storm v1 ,"Swanson, Robert G.",General Commander,1,,10,,,,,,,Retail,,,,1,General,,,,,
,356,F356,Metal-Head,,,1,A,Thin pegs on legs,Metal-Head v1 A,,,2,13,10,,,,,,,Retail,,,,,,,,,,
,357,F357,Metal-Head,,,1,B,Thick pegs on legs,Metal-Head v1 B,,,2,13,10,,,,,,,Retail,,,,,,,,,,
,358,F358,Night-Creeper,,Night Creeper,1,,,Night-Creeper v1 ,,,2,,10,,,,,,,Retail,,,,,,,,,,
,359,F359,Overlord,,,1,,,Overlord v1 ,,,2,,10,,,,,,,Retail,,,,1,Dictator,,,,,
,360,F360,Pathfinder,,,1,,,Pathfinder v1 ,"Iannotti, William V.",Jungle Assault Specialist,1,,10,,,,,,,Retail,,,,,,,,,,
,361,F361,Rampart,,,1,,,Rampart v1 ,"Felix, Dwayne A.",Shoreline Defender,1,,10,,,,,,,Retail,,,,,,,,,,
,362,F362,Range-Vipers,,Range-Viper,1,,,Range-Vipers v1 ,,,2,,10,,,,,,,Retail,,,,,,,,,,
,363,F363,Rapid-Fire,,Rapid Fire,1,,,Rapid-Fire v1 ,"London, Robbie",Fast Attack Expert,1,,10,,,,,,,Retail,,,,,,,,,,
,364,F364,Rock-Viper,,Rock Viper,1,,,Rock-Viper v1 ,,,2,,10,,,,,,,Retail,,,,,,,,,,
,365,F365,S.A.W.-Viper,,S.A.W. Viper,1,,,S.A.W.-Viper v1 ,,,2,,10,,,,,,,Retail,,,,,,,,,,
,366,F366,Salvo,,,1,,,Salvo v1 ,"Hasle, David K.",Anti-Armor Trooper,1,,10,,,,,,,Retail,,1,,,,,,,,
,367,F367,Serpentor,,,1,C,"Flesh colored neck, flat tails on chest",Serpentor v1 C,,,2,,10,,,,,,,Mail order,,,Mail order,,,,,,,
,368,F368,Skydive,,,1,,,Skydive v1 ,"Felix, Lynton N.",Sky Patrol Leader,1,4,10,,,,,,,Retail,,,,,,,,,,
,369,F369,Static Line,,,1,,,Static Line v1 ,"Badducci, Wallace J.",Sky Patrol Demolitions Expert,1,4,10,,,,,,,Retail,,,,,,,,,,
,370,F370,Stretcher,,,1,,,Stretcher v1 ,"Larivee, Thomas J.",Medical Specialist,1,,10,,,,,,,Retail,,,,,,,,,,
,371,F371,Sub-Zero,,,1,,,Sub-Zero v1 ,"Habershaw, Mark",Winter Operations Specialist,1,,10,,,,,,,Retail,,,,,,,,,,
,372,F372,Topside,,,1,,,Topside v1 ,"Blanchet, John",Navy Assault Seaman,1,,10,,,,,,,Retail,,,,,,,,,,
,373,F373,Tunnel Rat,,Sonic Fighter Tunnel Rat,3,,,Tunnel Rat v3 ,"Lee, Nicky",Explosive Ordnance Disposal,1,,10,,,,,,,Retail,,,,,,,,,,
,374,F374,Undertow,,,1,,,Undertow v1 ,,,2,13,10,,,,,,,Retail,,,,,,,,,,
,375,F375,Updraft,,,1,,,Updraft v1 ,"Smithers, Matthew W.",Retaliator Pilot,1,,10,,,,,,,Retail,,,,1,Retaliator,,,,,
,376,F376,Vapor,,,1,,,Vapor v1 ,,,2,,10,,,,,,,Retail,,,,1,Hurricane VTOL,,,,,
,377,F377,Viper,,Sonic Fighter Viper,2,,,Viper v2 ,,,2,,10,,,,,,,Retail,,,,,,,,,,
,378,F378,B.A.T.,,,2,,,B.A.T. v2 ,,,2,,11,,,,,,,Retail,,,,,,,,,,
,379,F379,Big Ben,,,1,,,Big Ben v1 ,"Bennet, David J.",Infantry,1,,11,,,,,,,Retail,,,,,,,,,,
,380,F380,Cesspool,,,1,,,Cesspool v1 ,"D'Alleva, Vincent A.",,2,5,11,,,,,,,Retail,,,,,,,,,,
,381,F381,Clean-Sweep,,,1,,,Clean-Sweep v1 ,"Price, Daniel W.",Chemical Operations Specialist,1,5,11,,,,,,,Retail,,,,,,,,,,
,382,F382,Cloudburst,,,1,,,Cloudburst v1 ,"Ram, Chuck",Aeronautics,1,,11,,,,,,,Retail,,,,1,Air Commandos (Cloudburst),,,,,
,383,F383,Cobra Commander,,,4,A,Eyebrows visible through red face shield,Cobra Commander v4 A,,,2,,11,,,,,,,Retail,,,,,,,,,,
,384,F384,Cobra Commander,,,4,B,No eyebrows visible through red face shield,Cobra Commander v4 B,,,2,,11,,,,,,,Retail,,,,,,,,,,
,385,F385,Crimson Guard Immortal,,,1,,,Crimson Guard Immortal v1 ,,,2,,11,,,,,,,Retail,,,,,,,,,,
,386,F386,Desert Scorpion,,,1,A,Hard plastic head & helmet,Desert Scorpion v1 A,,,2,,11,,,,,,,Retail,,,,,,,,,,
,387,F387,Desert Scorpion,,,1,B,Vinyl rubber helmet,Desert Scorpion v1 B,,,2,,11,,,,,,,Retail,,,,,,,,,,
,388,F388,Dusty & Sandstorm,,Dusty,3,,,Dusty & Sandstorm v3 ,"Tadur, Ronald W.",Infantry,1,,11,,,,,,,Retail,,,,,,,,,,
,389,F389,Flint,,Eco Warrior Flint,3,,,Flint v3 ,"Faireborne, Dashiell R.",Infantry,1,5,11,,,,,,,Retail,,,,,,,,,,
,390,F390,General Hawk,,Hawk or General Hawk v1,3,,,General Hawk v3 ,"Abernathy, Clayton M.",,1,,11,,,,,,,Retail,,,,,,,,,,
,391,F391,Grunt,,,3,,,Grunt v3 ,"Graves, Robert W.",Infantry Squad Leader,1,,11,,,,,,,Retail,,,,,,,,,,
,392,F392,Heavy Duty,,,1,,,Heavy Duty v1 ,"Morris, Lamont A.",Laser Weapons Systems Operator (11H),1,,11,,,,,,,Retail,,,,,,,,,,
,393,F393,Incinerators,,Incinerator,1,,,Incinerators v1 ,,,2,,11,,,,,,,Retail,,,,,,,,,,
,394,F394,Interrogator,,,1,,,Interrogator v1 ,,,2,,11,,,,,,,Retail,,,,1,Battle Copter (Interrogator),,,,,
,395,F395,Lifeline,,,3,,,Lifeline v3 ,"Steen, Edwin C.",Medic,1,,11,,,,,,,Kellog's cereal Mail order,,1,Kellog's cereal Mail order,,,,,,,
,396,F396,Low-Light,,,3,,,Low-Light v3 ,"MacBride, Cooper G.",Infantry (11B),1,,11,,,,,,,Retail,,,,,,,,,,
,397,F397,Lt. Falcon,,"Falcon, Lt. Falcon v2, or Sonic Fighter Falcon",3,,,Lt. Falcon v3 ,"Falcon, Vincent R.",Infantry,1,,11,,,,,,,Retail,,,,,,,,,,
,398,F398,Major Altitude,,,1,,,Major Altitude v1 ,"Owens, Robert D.",Battle Copter Pilot,1,,11,,,,,,,Retail,,,,1,Battle Copter (Major Altitude),,,,,
,399,F399,Major Bludd,,Sonic Fighter Major Bludd,2,,,Major Bludd v2 ,"Bludd, Sebastian",Terrorist,2,,11,,,,,,,Retail,,,,,,,,,,
,400,F400,Mercer,MERCER_2,,2,,,Mercer v2 ,"Cecil, Richard S.",Mercenary,1,,11,,,,,,,Retail,,,,,,,,,,
,401,F401,Night Vulture,,,1,,,Night Vulture v1 ,,,2,,11,,,,,,,Retail,,,,1,Air Commandos (Night Vulture),,,,,
,402,F402,Ozone,,Eco Warrior Ozone,1,,,Ozone v1 ,"Kunitz, David P.",Environmental Health Specialist,1,5,11,,,,,,,Retail,,,,,,,,,,
,403,F403,Psyche-Out,,Sonic Fighter Psyche-Out,3,,,Psyche-Out v3 ,"Rich, Kenneth D.",Psy-Ops,1,,11,,,,,,,Retail,,,,,,,,,,
,404,F404,Quick Kick,,,1,B,Peach-colored skin,Quick Kick v1 B,"Ito, MacArthur S.",Infantry,1,,11,,,,,,,Mail order,,1,Mail order,,,,,,,
,405,F405,Red Star,,,1,,,Red Star v1 ,"Krimov, Anatoly Fyodorovich",Commando Operations (Naval Infantry),3,,11,,,,,,,Retail,,,,,,,,,,
,406,F406,Road Pig,,Sonic Fighter Road Pig,2,,,Road Pig v2 ,"DeLuca, Donald",,4,,11,,,,,,,Retail,,,,,,,,,,
,407,F407,Rock 'N Roll,,Rock & Roll or Sonic Fighter Rock 'N Roll,3,,,Rock 'N Roll v3 ,"McConnel, Craig S.",Infantry,1,,11,,,,,,,Retail,,,,,,,,,,
,408,F408,Sci-Fi,,,2,,,Sci-Fi v2 ,"Pine, Seymour P.",Laser Weapons Systems Operator,1,,11,,,,,,,Retail,,,,,,,,,,
,409,F409,Sky Creeper,,,1,,,Sky Creeper v1 ,,,2,,11,,,,,,,Retail,,,,1,Air Commandos (Sky Creeper),,,,,
,410,F410,Skymate,,,1,,,Skymate v1 ,"Toner, Daniel T.",,1,,11,,,,,,,Retail,,,,1,Air Commandos (Skymate),,,,,
,411,F411,Sludge Viper,,,1,,,Sludge Viper v1 ,,,2,5,11,,,,,,,Retail,,,,,,,,,,
,412,F412,Snake Eyes,,Snake-Eyes,4,,,Snake Eyes v4 ,Classified,Infantry,1,,11,,,,,,,Retail,,,,,,,,,,
,413,F413,Snow Serpent,,,2,,,Snow Serpent v2 ,,,2,,11,,,,,,,Retail,,,,,,,,,,
,414,F414,Toxo-Viper,,Eco Warrior Toxo-Viper,2,,,Toxo-Viper v2 ,,,2,5,11,,,,,,,Retail,,,,,,,,,,
,415,F415,Tracker,,,1,,,Tracker v1 ,"Groen, Christopher R.",Navy S.E.A.L.,1,,11,,,,,,,Retail,,,,,,,,,,
,416,F416,Zap,,Sonic Fighter Zap,2,,,Zap v2 ,"Melendez, Rafael J.",Combat Engineer,1,,11,,,,,,,Retail,,,,,,,,,,
,417,F417,Ace,ACE_2,,2,,,Ace v2 ,"Armbruster, Wendall L.",Battle Copter Pilot,1,,12,,,,,,,Retail,,,,1,Battle Copter (Ace),,,,,
,418,F418,Air Devil,,Cobra Air Devil,1,,,Air Devil v1 ,,,2,,12,,,,,,,Retail,,,,1,Air Commandos (Cobra Air Devil),,,,,
,419,F419,Barbecue,,Eco Warrior Barbecue,3,,,Barbecue v3 ,"Kelly, Gabriel A.",Firefighter,1,5,12,,,,,,,Retail,,,,,,,,,,
,420,F420,Barricade,,,1,,,Barricade v1 ,"Holsinger, Philip M.",Bunker Buster,1,,12,,,,,,,Retail,,,,,,,,,,
,421,F421,Big Bear,,,1,,,Big Bear v1 ,"Rostoff, Grigori Ivanovich",Air Assault,3,,12,,,,,,,Retail,,,,,,,,,,
,422,F422,Bullet-Proof,,D.E.F. Bullet-Proof,1,,,Bullet-Proof v1 ,"Morris, Earl S.",D.E.F. Leader,1,,12,,,,,,,Retail,,,,,,,,,,
,423,F423,Cobra Commander,,Talking Cobra Commander,5,,,Cobra Commander v5 ,,,2,,12,,,,,,,Retail,,,,,,,,,,
,424,F424,Cutter,,D.E.F. Cutter,2,,,Cutter v2 ,"Stone, Skip A.",Vehicle Operations Specialist,1,,12,,,,,,,Retail,,,,,,,,,,
,425,F425,Deep Six,,Eco Warrior Deep Six,3,,,Deep Six v3 ,"Willoughby, Malcom R.",NEC: Master Diver,1,5,12,,,,,,,Retail,,,,,,,,,,
,426,F426,Destro,,,3,,,Destro v3 ,,,2,,12,,,,,,,Retail,,,,,,,,,,
,427,F427,Dice,,,1,,"""Flying Dragon"" action",Dice v1 ,,,2,6,12,,,,,,,Retail,,,,,,,,,,
,428,F428,Dojo,,,1,A,"""Lightning Strike"" action, notches on bottom of torso",Dojo v1 A,"Russo, Michael P.",Martial Arts Weapons Specialist,1,6,12,,,,,,,Retail,,,,,,,,,,
,429,F429,Dojo,,,1,B,"""Lightning Strike"" action, no notches on torso",Dojo v1 B,"Russo, Michael P.",Martial Arts Weapons Specialist,1,6,12,,,,,,,Retail,,,,,,,,,,
,430,F430,Duke,,,3,,,Duke v3 ,"Hauser, Conrad S.",Ranger,1,,12,,,,,,,Retail,,,,,,,,,,
,431,F431,Eels,,"Eel, Cobra Eel, or Cobra Eels",2,,,Eels v2 ,,Underwater Demolitions,2,,12,,,,,,,Retail,,,,,,,,,,
,432,F432,Firefly,,,2,,,Firefly v2 ,Classified,Cobra Paralyzer Driver,2,,12,,,,,,,Retail,,,,,,,,,,
,433,F433,Flak-Viper,,,1,,,Flak-Viper v1 ,,,2,,12,,,,,,,Retail,,,,,,,,,,
,434,F434,General Flagg,,,1,,,General Flagg v1 ,"Flagg III, James Longstreet",Chief Strategic Commander,1,,12,,,,,,,Retail,,,,,,,,,,
,435,F435,General Hawk,,"Hawk, General Hawk v2, or Talking Hawk",4,,,General Hawk v4 ,"Abernathy, Clayton M.",,1,,12,,,,,,,Retail,,,,,,,,,,
,436,F436,Gung-Ho,,,3,,,Gung-Ho v3 ,"LaFitte, Ettiene R.",Reconnaissance,1,,12,,,,,,,Retail,,,,,,,,,,
,437,F437,Headhunters,,Headhunter,1,,,Headhunters v1 ,,,2,,12,,,,,,,Retail,,,,,,,,,,
,438,F438,Headman,,,1,,,Headman v1 ,,,2,,12,,,,,,,Retail,,,,,,,,,,
,439,F439,Heli-Vipers,,Heli-Viper,1,,,Heli-Vipers v1 ,,,2,,12,,,,,,,Retail,,,,1,Battle Copter (Heli-Vipers),,,,,
,440,F440,Mutt & Junkyard,,Mutt or D.E.F. Mutt,3,,,Mutt & Junkyard v3 ,"Perlmutter, Stanley G.",K-9 Officer,1,,12,,,,,,,Retail,,,,,,,,,,
,441,F441,Ninja Viper,,Cobra Ninja Viper,1,A,Dark red Cobra sigil,Ninja Viper v1 A,,,2,,12,,,,,,,Mail order,,1,Mail order,,,,,,,
,442,F442,Ninja Viper,,Cobra Ninja Viper,1,B,Light red Cobra sigil,Ninja Viper v1 B,,,2,,12,,,,,,,Mail order,,1,Mail order,,,,,,,
,443,F443,Ninja Viper,,Cobra Ninja Viper,1,C,Bright red Cobra sigil,Ninja Viper v1 C,,,2,,12,,,,,,,Mail order,,1,Mail order,,,,,,,
,444,F444,Nunchuk,,,1,A,"""Samurai Smash"" action, notches on bottom of torso",Nunchuk v1 A,"Badducci, Ralph",Self-Defense Instructor,1,6,12,,,,,,,Retail,,,,,,,,,,
,445,F445,Nunchuk,,,1,B,"""Samurai Smash"" action, no notches on torso",Nunchuk v1 B,"Badducci, Ralph",Self-Defense Instructor,1,6,12,,,,,,,Retail,,,,,,,,,,
,446,F446,Overkill,,Talking Overkill,1,,,Overkill v1 ,,,2,,12,,,,,,,Retail,,,,,,,,,,
,447,F447,Roadblock,,,4,,,Roadblock v4 (recall),"Hinton, Marvin F.",Heavy Machine Gunner,1,,12,,,,,,,Retail,,,,,,,,,,
,448,F448,Shockwave,,D.E.F. Shockwave,3,,,Shockwave v3 ,"Faria, Jason A.",Special Weapons and Tactics,1,,12,,,,,,,Retail,,,,,,,,,,
,449,F449,Shortfuse,,Moondancer or Short-Fuze ,,,,Shortfuse (convention),,,1,,12,,,,,,,1992 Convention,,,1992 Convention,,,,,,,
,450,F450,Slice,,,1,A,"""Scorpion Slash"" action, notches on bottom of torso",Slice v1 A,,,2,6,12,,,,,,,Retail,,,,,,,,,,
,451,F451,Slice,,,1,B,"""Scorpion Slash"" action, no notches on torso",Slice v1 B,,,2,6,12,,,,,,,Retail,,,,,,,,,,
,452,F452,Snake Eyes,,Stalker,,,,Snake Eyes (convention),,,1,,12,,,,,,,1992 Convention,,,1992 Convention,,,,,,,
,453,F453,Spirit ,,Air Commando Spirit,3,,,Spirit  v3 ,"Iron-Knife, Charlie NMI",Infantry Tracker,1,,12,,,,,,,Retail,,,,1,Air Commandos (Spirit),,,,,
,454,F454,Stalker,,Talking Stalker,3,,,Stalker v3 ,"Wilkinson, Lonzo R.",Infantry,1,,12,,,,,,,Retail,,,,,,,,,,
,455,F455,Steel Brigade,,Steel Brigade [Version 2] or Gold Head Steel Brigade,2,,"Dark blue arms & legs, gold helmet, Duke v1 chest, Airborne v1 legs",Steel Brigade v2 ,,,1,,12,,,,,,,Mail order,,1,Mail order,,,,,,,
,456,F456,Storm Shadow,,Ninja Force Storm Shadow,3,A,"""Screaming Whirlwind"" action, notches on bottom of torso",Storm Shadow v3 A,"Arashikage, Thomas S.",Covert Operations,1,6,12,,,,,,,Retail,,,,,,,,,,
,457,F457,Storm Shadow,,Ninja Force Storm Shadow,3,B,"""Screaming Whirlwind"" action, no notches on torso",Storm Shadow v3 B,"Arashikage, Thomas S.",Covert Operations,1,6,12,,,,,,,Retail,,,,,,,,,,
,458,F458,T'Jbang,,,1,,"""Silent Backslash"" action",T'Jbang v1 ,"LaQuale, Sam",Martial Arts Swordsman,1,6,12,,,,,,,Retail,,,,,,,,,,
,459,F459,Toxo-Zombie,,,1,,,Toxo-Zombie v1 ,,,2,5,12,,,,,,,Retail,,,,,,,,,,
,460,F460,Tripwire,,Blades ,,,,Tripwire (convention),,,1,,12,,,,,,,1992 Convention,,,1992 Convention,,,,,,,
,461,F461,Undercover Scarlett,,Scarlett or Quarrel ,,,,Undercover Scarlett (convention),,,1,,12,,,,,,,1992 Convention,,,1992 Convention,,,,,,,
,462,F462,Wet-Suit,,,3,,,Wet-Suit v3 ,"Forrest, Brian M.",UDT (Underwater Demolitions),1,,12,,,,,,,Retail,,,,,,,,,,
,463,F463,Wild Bill,,,2,,,Wild Bill v2 ,"Hardy, William S.",Air Cavalry Scout,1,,12,,,,,,,Retail,,,,,,,,,,
,464,F464,Ace,ACE_1,,3,,,Ace v3 ,"Armbruster, Brad J.",Fixed Wing Pilot,1,10,13,,,,,,,Retail,,,,1,Ghoststriker X-16,,,,,
,465,F465,Alley Viper,,,2,,,Alley Viper v2 ,,Urban Assault Trooper,2,10,13,,,,,,,Retail,,,,,,,,,,
,466,F466,Ambush,,Dino Hunter Ambush,2,,,Ambush v2 ,"McMahon, Aaron",Camouflage Specialist,1,,13,,,,,,,Toys R Us,,,Toys R Us,1,Dino-Hunter Mission Playset,,,,,
,467,F467,Astro Viper,,Astro-Viper or Star Brigade Astro Viper,2,,,Astro Viper v2,,,2,9,13,,,,,,,Retail,,,,,,,,,,
,468,F468,B.A.A.T.,,Cobra B.A.A.T. or Armor-Tech B.A.A.T.,1,,,B.A.A.T. v1 ,,,2,,13,,,,,,,Retail,,,,,,,,,,
,469,F469,Backblast,,,2,A,Large logo on shirt,Backblast v2 A,"Menninger, Edward J.",Air Defense Artillery,1,10,13,,,,,,,Retail,,,,,,,,,,
,470,F470,Backblast,,,2,B,Small logo on shirt,Backblast v2 B,"Menninger, Edward J.",Air Defense Artillery,1,10,13,,,,,,,Retail,,,,,,,,,,
,471,F471,Balrog,,,1,,,Balrog v1 ,,,2,,13,,,,,,,Retail,,,,,,,,,,
,472,F472,Banzai,,,1,,"""Suzushi Slam"" action",Banzai v1 ,"Traavano, Robert J.",First-Strike Commando,1,6,13,,,,,,,Retail,,,,,,,,,,
,473,F473,Barricade,,,2,,,Barricade v2 ,"Holsinger, Philip M.",Bunker Buster,1,10,13,,,,,,,Retail,,,,,,,,,,
,474,F474,Bazooka,,,3,,,Bazooka v3 ,"Katzenbogen, David L.",Heavy Weapons Specialist,1,10,13,,,,,,,Retail,,,,,,,,,,
,475,F475,Beach-Head,,Beach Head,2,,,Beach-Head v2 ,"Sneeden, Wayne R.",Small Arms Armorer,1,10,13,,,,,,,Retail,,,,,,,,,,
,476,F476,Big Bear,,,2,,,Big Bear v2 ,"Rostoff, Grigori Ivanovich",Air Assault,3,,13,,,,,,,Mail order,,1,Mail order,,,,,,,
,477,F477,Big Ben,,,2,,,Big Ben v2 ,"Bennet, David J.",Infantry,1,,13,,,,,,,Mail order,,1,Mail order,,,,,,,
,478,F478,Bio-Vipers,,Bio-Viper,1,,,Bio-Vipers v1 ,,Bio-Genetic Mega-Marine Hunters,2,,13,,,,,,,Retail,,,,,,,,,,
,479,F479,Blanka,,,1,,,Blanka v1 ,,,1,,13,,,,,,,Retail,,,,,,,,,,
,480,F480,Blanka,,Championship Edition Blanka,2,,,Blanka v2 ,,,1,,13,,,,,,,Retail,,,,1,Beast Blaster,,,,,
,481,F481,Blast-Off,,,1,,,Blast-Off v1 ,"Thompson, Jeffrey D.",Flame Thrower,1,,13,,,,,,,Retail,,,,,,,,,,
,482,F482,Budo,,,2,,,Budo v2 ,"Jesso, Kyle A.",Infantry,1,,13,,,,,,,Mail order,,1,Mail order,,,,,,,
,483,F483,Bullet-Proof,,,2,,,Bullet-Proof v2 ,"Morris, Earl S.",Battle Corps Leader,1,10,13,,,,,,,Retail,,,,,,,,,,
,484,F484,Bushido,,,1,,,Bushido v1 ,"Goldfine, Lloyd S.",Cold Weather Specialist,1,6,13,,,,,,,Retail,,,,,,,,,,
,485,F485,Chun Li,,,1,,,Chun Li v1 ,,,1,,13,,,,,,,Retail,,,,,,,,,,
,486,F486,Chun Li,,Championship Edition Chun Li,2,,,Chun Li v2 ,,,1,,13,,,,,,,Retail,,,,1,Beast Blaster,,,,,
,487,F487,Clutch,,Mega Marine Clutch,3,A,Yellow upper arms with orange paint,Clutch v3 A,"Steinberg, Lance J.",Transportation Engineer,1,,13,,,,,,,Retail,,,,,,,,,,
,488,F488,Clutch,,Mega Marine Clutch,3,B,Orange upper arms with yellow paint,Clutch v3 B,"Steinberg, Lance J.",Transportation Engineer,1,,13,,,,,,,Retail,,,,,,,,,,
,489,F489,Cobra Commander,,,6,,,Cobra Commander v6 ,,,2,10,13,,,,,,,Retail,,,,,,,,,,
,490,F490,Colonel Courage,,,1,,,Colonel Courage v1 ,"Mewett, Cliff V.",Administrative Strategist,1,10,13,,,,,,,Retail,,,,,,,,,,
,491,F491,Countdown,,Star Brigade Countdown,2,,,Countdown v2 ,"Dubosky, David D.",Astronaut/Fighter Pilot,1,9,13,,,,,,,Retail,,,,,,,,,,
,492,F492,Crimson Guard Commander,,,1,,,Crimson Guard Commander v1 ,,,2,10,13,,,,,,,Retail,,,,,,,,,,
,493,F493,Cross-Country,,,2,,,Cross-Country v2 ,"Blais, Robert M.",Battle Wagon Driver,2,10,13,,,,,,,Retail,,,,,,,,,,
,494,F494,Cutter,,,3,,,Cutter v3 ,"Stone, Skip A.",Vehicle Operations Specialist,1,10,13,,,,,,,Retail,,,,1,Shark 9000,,,,,
,495,F495,Cyber-Vipers,,Cyber-Viper,1,,,Cyber-Vipers v1 ,,Cybernetic Operations,2,,13,,,,,,,Retail,,,,,,,,,,
,496,F496,Dee-Jay,,Arctic Commando Dee-Jay,2,,,Dee-Jay v2 ,"Rossi III, Thomas R.",Radio Telephone Operator,1,,13,,,,,,,Mail order,,1,Mail order,,,,,,,
,497,F497,Deep Six,,,4,,,Deep Six v4 ,"Willoughby, Malcom R.",NEC: Master Diver,1,,13,,,,,,,Mail order,,1,Mail order,,,,,,,
,498,F498,Destro,,Armor-Tech Destro,4,,,Destro v4 ,James McCullen Destro,Cyber Tech Weapons Dealer,2,,13,,,,,,,Retail,,,,,,,,,,
,499,F499,Dhalsim,,,1,,"""Fire Fist"" action",Dhalsim v1 ,,,1,,13,,,,,,,Retail,,,,,,,,,,
,500,F500,Dr. Mindbender,,,2,,,Dr. Mindbender v2 ,,,2,10,13,,,,,,,Retail,,,,,,,,,,
,501,F501,Duke,,,4,,,Duke v4 ,"Hauser, Conrad S.",Ranger,1,10,13,,,,,,,Retail,,,,,,,,,,
,502,F502,Duke,,Armor-Tech Duke,5,,,Duke v5 ,"Hauser, Conrad S.",Ranger,1,,13,,,,,,,Retail,,,,,,,,,,
,503,F503,Edmond Honda,,,1,,"""Hundred Hand Slap"" action",Edmond Honda v1 ,,,1,,13,,,,,,,Retail,,,,,,,,,,
,504,F504,Eel,,"Eels, Cobra Eel, or Cobra Eels",3,,,Eel v3 ,,Underwater Demolitions,2,10,13,,,,,,,Retail,,,,,,,,,,
,505,F505,Firefly,,,3,,,Firefly v3 ,Classified,Saboteur,2,10,13,,,,,,,Retail,,,,,,,,,,
,506,F506,Flak-Viper,,Cobra Flak-Viper,2,,,Flak-Viper v2 ,,Anti-Tank Trooper,2,10,13,,,,,,,Retail,,,,,,,,,,
,507,F507,Frostbite,,,3,,,Frostbite v3 ,"Seward, Farley S.",Arctic Special Operations,1,10,13,,,,,,,Retail,,,,,,,,,,
,508,F508,General Flagg,,,2,,,General Flagg v2 ,"Flagg III, James L.",Chief Strategic Commander,1,10,13,,,,,,,Retail,,,,,,,,,,
,509,F509,General Hawk,,Hawk or General Hawk v3,5,,,General Hawk v5 ,"Abernathy, Clayton M.",,1,,13,,,,,,,Mail order,,1,Mail order,,,,,,,
,510,F510,General Hawk,,"Hawk, General Hawk v4, or Armor-Tech Hawk",6,,,General Hawk v6 ,"Abernathy, Clayton M.",Strategic Command Operations,1,,13,,,,,,,Retail,,,,1,Armor-Bot,,,,,
,511,F511,Gristle,,,1,,,Gristle v1 ,"Rogers, Danimal J.",,2,,13,,,,,,,Retail,,,,,,,,,,
,512,F512,Guile,,,1,,,Guile v1 ,,,1,,13,,,,,,,Retail,,,,,,,,,,
,513,F513,Guile,,Championship Edition Guile,2,,,Guile v2 ,,,1,,13,,,,,,,Retail,,,,1,Sonic Boom Tank,,,,,
,514,F514,Gung-Ho,,,4,,,Gung-Ho v4 ,"LaFitte, Ettiene R.",Reconnaissance,1,10,13,,,,,,,Retail,,,,,,,,,,
,515,F515,Gung-Ho,,Mega Marine Gung-Ho,5,,,Gung-Ho v5 ,"LaFitte, Ettiene R.",Bio-Military Expert,1,,13,,,,,,,Retail,,,,,,,,,,
,516,F516,H.E.A.T. Viper,,,2,,,H.E.A.T. Viper v2 ,,Anti-Tank Trooper,2,10,13,,,,,,,Retail,,,,,,,,,,
,517,F517,Headhunter Stormtroopers,,Headhunter Stormtrooper,1,,,Headhunter Stormtroopers v1 ,,,2,,13,,,,,,,Retail,,,,,,,,,,
,518,F518,Headhunters,,Headhunter,2,,,Headhunters v2 ,,,2,,13,,,,,,,Retail,,,,,,,,,,
,519,F519,Heavy Duty,,Armor-Tech Heavy Duty,2,,,Heavy Duty v2 ,"Morris, Lemont A.",Heavy Anti-Armor Weapons,1,,13,,,,,,,Retail,,,,,,,,,,
,520,F520,Iceberg,,,2,,,Iceberg v2 ,"Nash, Clifton L.",Cold Weather Survival Instructor,1,10,13,,,,,,,Retail,,,,,,,,,,
,521,F521,Interrogator,,,2,,,Interrogator v2 ,,,2,,13,,,,,,,Mail order,,1,Mail order,,,,,,,
,522,F522,Jinx,,Cobra Infiltrate Jinx or Undercover Jinx,2,A,Blue Cobra sigil,Jinx v2 A,,,2,,15,,,,,,,1993 G.I. Joe Convention,,,1993 G.I. Joe Convention,,,,,,,
,523,F523,Jinx,,Cobra Infiltrate Jinx or Undercover Jinx,2,B,Black Cobra sigil,Jinx v2 B,,,2,,15,,,,,,,1993 G.I. Joe Convention,,,1993 G.I. Joe Convention,,,,,,,
,524,F524,Keel-Haul,,,2,A,Large logo on back,Keel-Haul v2 A,"Colby, Everett P.",Naval Command General Staff,1,10,13,,,,,,,Retail,,,,,,,,,,
,525,F525,Keel-Haul,,,2,B,Small logo on back,Keel-Haul v2 B,"Colby, Everett P.",Naval Command General Staff,1,10,13,,,,,,,Retail,,,,,,,,,,
,526,F526,Ken Masters,,,1,,,Ken Masters v1 ,,,1,,13,,,,,,,Retail,,,,,,,,,,
,527,F527,Ken Masters,,Championship Edition Ken Masters,2,,,Ken Masters v2 ,,,1,,13,,,,,,,Retail,,,,1,Dragon Fortress,,,,,
,528,F528,Law,,Law & Order,3,,,Law v3 ,"Lavigne, Christopher M.",Military Policeman,1,10,13,,,,,,,Retail,,,,,,,,,,
,529,F529,Leatherneck,,,3,,,Leatherneck v3 ,"Metzger, Wendell A.",Marine Drill Sergeant,1,10,13,,,,,,,Retail,,,,,,,,,,
,530,F530,Long Arm,,,1,,,Long Arm v1 ,"Mangiaratti, Thomas P.",Initial Assault,1,10,13,,,,,,,Retail,,,,,,,,,,
,531,F531,Low-Light,,Dino Hunter Low-Light,4,,,Low-Light v4 ,"MacBride, Cooper G.",Night Spotter,1,,13,,,,,,,Toys R Us,,,Toys R Us,1,Dino-Hunter Mission Playset,,,,,
,532,F532,M. Bison,,,1,A,Shoulder pads,M. Bison v1 A,,,2,,13,,,,,,,Retail,,,,,,,,,,
,533,F533,M. Bison,,,1,B,No shoulder pads,M. Bison v1 B,,,2,,13,,,,,,,Retail,,,,,,,,,,
,534,F534,M. Bison,,Championship Edition M. Bison,2,A,Shoulder pads,M. Bison v2 A,,,2,,13,,,,,,,Retail,,,,1,Crimson Cruiser,,,,,
,535,F535,M. Bison,,Championship Edition M. Bison,2,B,No shoulder pads,M. Bison v2 B,,,2,,13,,,,,,,Retail,,,,1,Crimson Cruiser,,,,,
,536,F536,Mace,,,1,,,Mace v1 ,"Bowman, Thomas S.",Undercover Surveillance,1,10,13,,,,,,,Retail,,,,,,,,,,
,537,F537,Major Altitude,,,2,,,Major Altitude v2 ,"Owens, Robert D.",,1,,13,,,,,,,Mail order,,1,Mail order,,,,,,,
,538,F538,Mega-Vipers,,Mega-Viper,1,,,Mega-Vipers v1 ,,Mega-Monster Trainers/Handlers,2,,13,,,,,,,Retail,,,,,,,,,,
,539,F539,Mirage,,Mega Marine Mirage,1,,,Mirage v1 ,"Balkun, Joseph H.",Rocket-Fire Assaults,1,,13,,,,,,,Retail,,,,,,,,,,
,540,F540,Monstro-Vipers,,Monstro-Viper,1,,,Monstro-Vipers v1 ,,Bio-Genetic Mega-Marine Hunters,2,,13,,,,,,,Retail,,,,,,,,,,
,541,F541,Muskrat,,,3,,,Muskrat v3 ,"Williams, Ross A.",Infantry,1,10,13,,,,,,,Retail,,,,,,,,,,
,542,F542,Mutt & Junkyard,,Mutt,4,,,Mutt & Junkyard v4 ,"Perlmutter, Stanley G.",K-9 Officer,1,10,13,,,,,,,Retail,,,,,,,,,,
,543,F543,"Name Your Own ""Create a Cobra""",,Create-a-Cobra,1,,,"Name Your Own ""Create a Cobra"" v1 ",,Intelligence,2,,13,,,,,,,Mail order,,1,Mail order,,,,,,,
,544,F544,Night Creeper,,Night-Creeper or Ninja Force Night Creeper,2,,"""Banzai Bash"" action",Night Creeper v2 ,,Field Intelligence,2,6,13,,,,,,,Retail,,,,,,,,,,
,545,F545,Night Creeper Leader,,Cobra Night Creeper Leader,1,,,Night Creeper Leader v1 ,,,2,10,13,,,,,,,Retail,,,,,,,,,,
,546,F546,Nitro-Viper,,,1,,,Nitro-Viper v1 ,,DETONATOR Driver,2,10,13,,,,,,,Retail,,,,1,Detonator,,,,,
,547,F547,Outback,,Eco Warrior Outback,3,,,Outback v3 ,"Selkirk, Stuart R.",Infantry,1,10,13,,,,,,,Retail,,,,,,,,,,
,548,F548,Outback,,,4,,,Outback v4 ,"Selkirk, Stuart R.",Infantry,1,10,13,,,,,,,Retail,,,,,,,,,,
,549,F549,Ozone,,Star Brigade Ozone,2,,,Ozone v2 ,"Kunitz, David P.",Environmental Health Specialist,1,9,13,,,,,,,Retail,,,,,,,,,,
,550,F550,Ozone,,Star Brigade Ozone,3,,,Ozone v3 ,"Kunitz, David P.",Environmental Health Specialist,1,9,13,,,,,,,Retail,,,,,,,,,,
,551,F551,Payload,,Star Brigade Payload,3,,,Payload v3 ,"Morgan, Mark Jr.",Space Shuttle Astronaut,1,9,13,,,,,,,Retail,,,,,,,,,,
,552,F552,Red Ninjas,,Red Ninja,1,,"""Shogun Slice"" action",Red Ninjas v1 ,,Battle Ax Vehicle Operators,2,6,13,,,,,,,Retail,,,,1,Ninja Raider Battle Ax,,,,,
,553,F553,Roadblock,,,4,,,Roadblock v4 (post-recall),"Hinton, Marvin F.",Heavy Machine Gunner,1,,13,,,,,,,Retail,,,,,,,,,,
,554,F554,Roadblock,,,5,,,Roadblock v5 ,"Hinton, Marvin F.",Heavy Machine Gunner,1,10,13,,,,,,,Retail,,,,,,,,,,
,555,F555,Roadblock,,Star Brigade Roadblock,6,,,Roadblock v6 ,"Hinton, Marvin F.",Heavy Machine Gunner,1,9,13,,,,,,,Retail,,,,,,,,,,
,556,F556,Robo-J.O.E.,,Robo-JOE,1,,,Robo-J.O.E. v1 ,"Scott, Greg D.",Criminal Termination,1,,13,,,,,,,Retail,,,,,,,,,,
,557,F557,Rock 'N Roll,,Armor-Tech Rock 'N Roll,4,,,Rock 'N Roll v4 ,"McConnel, Craig S.",Cybernetic Heavy Weapons Specialist,1,,13,,,,,,,Retail,,,,,,,,,,
,558,F558,Ryu,,,1,,"""Dragon Punch"" action",Ryu v1 ,,,1,,13,,,,,,,Retail,,,,,,,,,,
,559,F559,Ryu,,Championship Edition Ryu,2,,"""Dragon Punch"" action",Ryu v2 ,,,1,,13,,,,,,,Retail,,,,1,Dragon Fortress,,,,,
,560,F560,Sagat,,,1,,"""Tai Chop"" action",Sagat v1 ,,,2,,13,,,,,,,Retail,,,,,,,,,,
,561,F561,Scarlett,,Ninja Force Scarlett,2,A,"""Kato Kick"" action, ball joint neck nods up and down",Scarlett v2 A,"O'Hara, Shana M.",Counter Intelligence,1,6,13,,,,,,,Retail,,,,,,,,,,
,562,F562,Scarlett,,Ninja Force Scarlett,2,B,"""Kato Kick"" action, neck only turns side-to-side",Scarlett v2 B,"O'Hara, Shana M.",Counter Intelligence,1,6,13,,,,,,,Retail,,,,,,,,,,
,563,F563,Sci-Fi,,Star Brigade Sci-Fi,3,,,Sci-Fi v3 ,"Pine, Seymour P.",Laser Weapons Systems Operator,1,9,13,,,,,,,Retail,,,,1,Starfighter,,,,,
,564,F564,Slice,,Ninja Force Slice,2,,"""Scorpion Slash"" action",Slice v2 ,,Cobra Ninja Swordsman,2,6,13,,,,,,,Retail,,,,,,,,,,
,565,F565,Snake-Eyes,,Snake Eyes or Ninja Force Snake -Eyes,5,,"""Basami Slice"" action",Snake-Eyes v5 ,Classified,Infantry,1,6,13,,,,,,,Retail,,,,,,,,,,
,566,F566,Snow Serpent,,Arctic Commando Snow Serpent,3,,,Snow Serpent v3 ,,,2,,13,,,,,,,Mail order,,1,Mail order,,,,,,,
,567,F567,Snow Storm,,Eco Warrior Snow Storm,1,,,Snow Storm v1 ,"Suarez, Guillermo",Arctic Warfare,1,10,13,,,,,,,Retail,,,,,,,,,,
,568,F568,Snow Storm,,,2,,,Snow Storm v2 ,"Suarez, Guillermo",Arctic Warfare,1,10,13,,,,,,,Retail,,,,,,,,,,
,569,F569,Spirit ,,,4,,,Spirit  v4 ,"Iron-Knife, Charlie",Infantry,1,,13,,,,,,,Mail order,,1,Mail order,,,,,,,
,570,F570,Stalker,,Arctic Commando Stalker,4,,,Stalker v4 ,"Wilkinson, Lonzo R.",Infantry,1,,13,,,,,,,Mail order,,1,Mail order,,,,,,,
,571,F571,Sub-Zero,,Arctic Commando Sub-Zero,2,,,Sub-Zero v2 ,"Habershaw, Mark",Winter Operations Specialist,1,,13,,,,,,,Mail order,,1,Mail order,,,,,,,
,572,F572,T.A.R.G.A.T. ,,Star Brigade T.A.R.G.A.T.,2,,,T.A.R.G.A.T.  V2,,,2,9,13,,,,,,,Retail,,,,,,,,,,
,573,F573,T'Gin-Zu,,,1,,"""Sampai Shave"" action",T'Gin-Zu v1 ,"Rainone, Joseph R.",Pile Driver Vehicle Operator,1,6,13,,,,,,,Retail,,,,1,Ninja Raider Pile Driver,,,,,
,574,F574,Vega,,,1,,"""Matador Mash"" action",Vega v1 ,,,2,,13,,,,,,,Retail,,,,,,,,,,
,575,F575,Wet-Suit,,,4,,,Wet-Suit v4 ,"Forrest, Brian M.",S.E.A.L.,1,10,13,,,,,,,Retail,,,,,,,,,,
,576,F576,Wild Bill,,,3,,,Wild Bill v3 ,"Hardy, William S.",Aero-Scout,1,10,13,,,,,,,Retail,,,,,,,,,,
,577,F577,Zangief,,,1,,,Zangief v1 ,,,1,,13,,,,,,,Retail,,,,,,,,,,
,578,F578,Zartan,,Ninja Force Zartan,2,,"""Moroto Chop"" action",Zartan v2 ,,Master of Disguise,4,6,13,,,,,,,Retail,,,,,,,,,,
,579,F579,Action Marine,,,1,,,Action Marine v1 ,,,1,,14,,,,,,,Retail,,,,,,,,,,
,580,F580,Action Pilot,,,1,,,Action Pilot v1 ,,,1,,14,,,,,,,Retail,,,,,,,,,,
,581,F581,Action Pilot,,,2,,,Action Pilot v2 ,,,1,,14,,,,,,,Retail,,,,,,,,,,
,582,F582,Action Pilot Astronaut,,,1,,,Action Pilot Astronaut v1 ,,,1,,14,,,,,,,Retail,,,,1,Action Space Capsule,,,,,
,583,F583,Action Sailor,,,1,,,Action Sailor v1 ,,,1,,14,,,,,,,Retail,,,,,,,,,,
,584,F584,Action Sailor,,,2,,,Action Sailor v2 ,,,1,,14,,,,,,,Retail,,,,,,,,,,
,585,F585,Action Soldier,,,1,,,Action Soldier v1 ,,,1,,14,,,,,,,Retail,,,,,,,,,,
,586,F586,Alley Viper,,,3,,,Alley Viper v3,,Urban Assault Trooper,2,10,14,,,,,,,Retail,,,,,,,,,,
,587,F587,Beach-Head,,Beach Head,3,,,Beach-Head v3,"Sneeden, Wayne R.",Small Arms Armorer,1,10,14,,,,,,,Retail,,,,,,,,,,
,588,F588,Blackstar,,Cobra Blackstar,1,,,Blackstar v1 ,,Elite Space Pilot,2,9,14,,,,,,,Retail,,,,,,,,,,
,589,F589,Bushido,,,2,,"""Teisho Punch"" action",Bushido v2 ,"Goldfine, Lloyd S.",Cold Weather Specialist,1,,14,,,,,,,Retail,,,,,,,,,,
,590,F590,Carcass,,,1,,,Carcass v1 A,,Mercenary Hunter,2,9,14,,,,,,,Retail,,,,,,,,,,
,591,F591,Cobra Commander,,Star Brigade Cobra Commander,7,,,Cobra Commander v7 ,Classified,,2,9,14,,,,,,,Retail,,,,,,,,,,
,592,F592,Countdown,,Star Brigade Countdown,3,,,Countdown v3 ,"Dubosky, David D.",Astronaut/Fighter Pilot,1,9,14,,,,,,,Retail,,,,,,,,,,
,593,F593,Dial-Tone,,,4,,,Dial-Tone v4,"Morelli, Jack S.",Radio Telecommunications,1,10,14,,,,,,,Retail,,,,,,,,,,
,594,F594,Duke,,Star Brigade Duke,6,,,Duke v6 ,"Hauser, Conrad S.",Battle Commander,1,9,14,,,,,,,Retail,,,,,,,,,,
,595,F595,Effects,,,1,,,Effects v1 ,"Beck, Aron",Explosives/Munitions Ordnance,1,9,14,,,,,,,Retail,,,,,,,,,,
,596,F596,Fighter Pilot,,,1,,,Fighter Pilot v1 ,,,1,,14,,,,,,,1994 G.I. Joe Convention,,,1994 G.I. Joe Convention,,,,,,,
,597,F597,Flint,,,4,,,Flint v4 A,"Fairborne, Dashiell R.",Paratrooper Operations,1,10,14,,,,,,,Retail,,,,,,,,,,
,598,F598,G.I. Joe,,Green Beret ,1,,,G.I. Joe v1 ,"Colton, Joseph B.",G.I. Joe X-O (Executive Officer),1,,14,,,,,,,Mail order,,1,Mail order,,,,,,,
,599,F599,Gears,,,1,,,Gears v1 ,"Morrone, Joseph A.",Chief Engineer (Special Projects),1,,14,,,,,,,Retail,,,,1,Power Fighter (Gears),,,,,
,600,F600,Ice Cream Soldier,,,1,,,Ice Cream Soldier v1,"Ragan, Tom-Henry",Fire Operations Expert,1,10,14,,,,,,,Retail,,,,,,,,,,
,601,F601,Lifeline,,,4,A,Removable microphone,Lifeline v4 A,"Steen, Edwin C.",Medic,1,10,14,,,,,,,Retail,,,,,,,,,,
,602,F602,Lifeline,,,4,B,Microphone glued to helmet,Lifeline v4 B,"Steen, Edwin C.",Medic,1,10,14,,,,,,,Retail,,,,,,,,,,
,603,F603,Lifeline,,,4,C,"Red vest with red T-shirt, no stripe, white pants",Lifeline v4 C,"Steen, Edwin C.",Medic,1,10,14,,,,,,,Retail,,,,,,,,,,
,604,F604,Lobotomaxx,,,1,,,Lobotomaxx v1 A,,Bounty Hunter,2,9,14,,,,,,,Retail,,,,,,,,,,
,605,F605,Major Bludd,,,3,,,Major Bludd v3,"Bludd, Sebastian",Terrorist,2,10,14,,,,,,,Retail,,,,,,,,,,
,606,F606,Metal-Head,,,2,,,Metal-Head v2 ,"Finlay, Stuart A.",Tank Destruction,2,10,14,,,,,,,Retail,,,,,,,,,,
,607,F607,Night Creeper,,Night-Creeper or Shadow Ninja Night Creeper,3,,"""Creeper Chop"" action",Night Creeper v3 ,,Field Intelligence,2,,14,,,,,,,Retail,,,,,,,,,,
,608,F608,Night Creeper Leader,,,2,,,Night Creeper Leader v2,,,2,10,14,,,,,,,Retail,,,,,,,,,,
,609,F609,Nunchuk,,Shadow Ninja Nunchuk,2,,"""Samurai Smash"" action",Nunchuk v2 ,"Badducci, Ralph",Self-Defense Instructor,1,,14,,,,,,,Retail,,,,,,,,,,
,610,F610,Ozone,,Star Brigade Ozone,4,,,Ozone v4 ,"Kunitz, David F.",Enviromental Health,1,9,14,,,,,,,Retail,,,,,,,,,,
,611,F611,Payload,,Star Brigade Payload,4,,,Payload v4 ,"Morgan, Mark Jr.",Space Shuttle Astronaut,1,9,14,,,,,,,Retail,,,,,,,,,,
,612,F612,Payload,,Star Brigade Payload,5,,,Payload v5 ,"Morgan, Mark Jr.",Space Shuttle Astronaut,1,9,14,,,,,,,Retail,,,,,,,,,,
,613,F613,Predacon,,,1,,,Predacon v1 A,,Alien Tracking,2,9,14,,,,,,,Retail,,,,,,,,,,
,614,F614,Roadblock,,Star Brigade Roadblock,7,A,Silver hand grenades on chest,Roadblock v7 A,"Hinton, Marvin F.",Heavy Machine Gunner,1,9,14,,,,,,,Retail,,,,,,,,,,
,615,F615,Roadblock,,Star Brigade Roadblock,7,B,Black hand grenades on chest,Roadblock v7 B,"Hinton, Marvin F.",Heavy Machine Gunner,1,9,14,,,,,,,Retail,,,,,,,,,,
,616,F616,Sci-Fi,,Star Brigade Sci-Fi,4,,,Sci-Fi v4 ,"Pine, Seymour P.",Space Fighter Pilot,1,9,14,,,,,,,Retail,,,,,,,,,,
,617,F617,Shipwreck,,,2,A,Black paint trim on upper arms,Shipwreck v2 A,"Delgado, Hector X.",Gunners Mate,1,10,14,,,,,,,Retail,,,,,,,,,,
,618,F618,Shipwreck,,,2,B,No black paint trim on upper arm,Shipwreck v2 B,"Delgado, Hector X.",Gunners Mate,1,10,14,,,,,,,Retail,,,,,,,,,,
,619,F619,Slice,,Shadow Ninja Slice,3,,,Slice v3 ,,Cobra Ninja Swordsman,2,,14,,,,,,,Retail,,,,,,,,,,
,620,F620,Snake-Eyes,,Snake Eyes or Shadow Ninja Snake-Eyes,6,,,Snake-Eyes v6 ,Top Secret,Infantry,1,,14,,,,,,,Retail,,,,,,,,,,
,621,F621,Snow Storm,,,3,,,Snow Storm v3,"Suarez, Guillermo",Arctic Warfare,1,10,14,,,,,,,Retail,,,,,,,,,,
,622,F622,Space Shot,,,1,,,Space Shot v1 ,"Roberts, George A.",Interstellar Pilot,1,9,14,,,,,,,Retail,,,,,,,,,,
,623,F623,Stalker,,,5,A,Yellow trim on shirt,Stalker v5 A,"Wilkinson, Lonzo R.",Infantry,1,10,14,,,,,,,Retail,,,,,,,,,,
,624,F624,Stalker,,,5,B,All black shirt,Stalker v5 B,"Wilkinson, Lonzo R.",Infantry,1,10,14,,,,,,,Retail,,,,,,,,,,
,625,F625,Storm Shadow,,Shadow Ninja Storm Shadow,4,,,Storm Shadow v4 ,"Arashikage, Thomas S.",Covert Operations,1,,14,,,,,,,Retail,,,,,,,,,,
,626,F626,Techno-Viper,,Star Brigade Techno-Viper,2,A,Gold chest,Techno-Viper v2 A,,,2,,14,,,,,,,Retail,,,,1,Power Fighter (Techno-Viper),,,,,
,627,F627,Techno-Viper,,Star Brigade Techno-Viper,2,B,Yellow chest,Techno-Viper v2 B,,,2,,14,,,,,,,Retail,,,,1,Power Fighter (Techno-Viper),,,,,
,628,F628,Viper,,,3,,,Viper v3,,,2,10,14,,,,,,,Retail,,,,,,,,,,
,629,F629,Windchill,WINDCHILL_2,,2,,,Windchill v2 ,"McDonald, Jim",Blockbuster Driver,1,10,14,,,,,,,Retail,,,,1,Blockbuster,,,,,
,700,F700,Falcon,,Lt. Falcon,1,,,,,,1,,15,,,,,,,1992 Convention,,,1992 Convention,,,,,,,
,701,F701,Flint,,,1,,,,,,1,,15,,,,,,,1992 Convention,,,1992 Convention,,,,,,,
,702,F702,Gung-Ho,,Dress Blues Gung-Ho,2,,,,,,1,,15,,,,,,,1992 Convention,,,1992 Convention,,,,,,,
,703,F703,Outback,,,1,,,,,,1,,15,,,,,,,1992 Convention,,,1992 Convention,,,,,,,
,704,F704,Python Officer,,Cobra Viper ,1,,,,,,2,11,15,,,,,,,1992 Convention,,,1992 Convention,,,,,,,
,705,F705,Python Tele-Viper,,Cobra Tele-Viper ,1,,,,,,2,11,15,,,,,,,1992 Convention,,,1992 Convention,,,,,,,
,706,F706,Heavy Metal,,Rampage,1,,,,,,1,,15,,,,,,,1992 Convention,,,1992 Convention,,,,,,,
,707,F707,Roadblock,,,2,,,,,,1,,15,,,,,,,1992 Convention,,,1992 Convention,,,,,,,
,708,F708,Shortfuse,,Moondancer or Short-Fuze ,,,,Shortfuse (convention),,,2,,15,,,,,,,1992 Convention,,,1992 Convention,,,,,,,
,709,F709,Snake Eyes,,Stalker ,,,,Snake Eyes (convention),,,1,,15,,,,,,,1992 Convention,,,1992 Convention,,,,,,,
,710,F710,Snow Serpent,,Cobra Snow Viper ,1,,,,,,2,,15,,,,,,,1992 Convention,,,1992 Convention,,,,,,,
,711,F711,Stalker,,,1.5,B,"Swivel-Arm, lighter flat green camo uniform",,,,1,,15,,,,,,,1992 Convention,,,1992 Convention,,,,,,,
,712,F712,Skystriker,,Tiger Force Skystriker or Thunder ,1,A,Map on right leg has grid pattern on right side,,,,1,1,15,,,,,,,1992 Convention,,,1992 Convention,,,,,,,
,713,F713,Skystriker,,Tiger Force Skystriker or Thunder ,1,B,Map on right leg has grid pattern on left side,,,,1,1,15,,,,,,,1992 Convention,,,1992 Convention,,,,,,,
,714,F714,Tripwire,,Blades ,,,,Tripwire (convention),,,1,,15,,,,,,,1992 Convention,,,1992 Convention,,,,,,,
,715,F715,Undercover Scarlett,,Scarlett or Quarrel ,,,,Undercover Scarlett (convention),,,1,,15,,,,,,,1992 Convention,,,1992 Convention,,,,,,,
,716,F716,Zarana,,,1,C,No earrings,,,,2,17,15,,,,,,,1992 Convention,,,1992 Convention,,,,,,,
,717,F717,Ice Viper,,,1,,,,,,2,,15,,,,,,,1993 Convention,,,1993 Convention,,,,,,,
,718,F718,Jinx,,Cobra Infiltrate Jinx or Undercover Jinx,2,A,Blue Cobra sigil,,,,2,,15,,,,,,,1993 Convention,,,1993 Convention,,,,,,,
,719,F719,Jinx,,Cobra Infiltrate Jinx or Undercover Jinx,2,B,Black Cobra sigil,,,,2,,15,,,,,,,1993 Convention,,,1993 Convention,,,,,,,
,720,F720,Motor Viper,,Motor-Viper,1,A,"Light blue helmet, pale blue neck joint",,,,2,,15,,,,,,,1993 Convention,,,1993 Convention,,,,,,,
,721,F721,Rumbler,,Footloose ,1,,,,,,1,,15,,,,,,,1992 Convention,,,1992 Convention,,,,,,,
,722,F722,Starduster,,Starduster [Version 1C],1,C,"Duke v1 torso, Iceberg v1 waist, pale blue uniform",,,,1,,15,,,,,,,Mail order,,,Mail order,,Pocket Patrol Pack,,,,,
,723,F723,Fighter Pilot,,,1,,,,,,1,,15,,,,,,,1994 FX Convention,,,1994 FX Convention,,,,,,,
,724,F724,Steeler,,,1.5,,Swivel-Arm,,,,1,,15,,,,,,,1992 Convention,,,1992 Convention,,,,,,,
