id,figure_id,code_name,character_key,alt_name,version,variant,variant_lookup,display_name,full_name,specialty,faction_id,sub_group_id,series_id,year_promoted,year_released,year_discontinued,release_context,is_mail_away,mail_in_notes,is_vehicle_driver,vehicle,notes,image_url_primary,image_url_detail,created_at,updated_at,master_target,master_notes
1,F001,Breaker,,,1,,,Breaker v1 A,"Kibbey, Alvin R.",Infantry,1,,1,,,,retail,0,,0,,,,,2026-07-10 21:49:12,2026-07-12 21:47:24,1,
2,F004,Clutch,,,1,,,Clutch v1 A,"Steinberg, Lance J.",Transportation,1,,1,,,,retail,0,,1,VAMP,,,,2026-07-10 21:49:12,2026-07-10 21:49:12,1,
3,F007,Cobra,,Cobra Soldier or Cobra Trooper,1,,,Cobra v1 A,,Infantry,2,,1,,,,retail,0,,1,Missile Command Headquarters,,,,2026-07-10 21:49:12,2026-07-10 21:49:12,1,
4,F009,Cobra Commander,,,1,,,Cobra Commander v1 A,Classified,Intelligence,2,,1,,,,mail_in,1,"Mail order, Sears",1,Missile Command Headquarters,"Mail order, Sears",,,2026-07-10 21:49:12,2026-07-10 21:49:12,1,
5,F011,Cobra Officer,,,1,,,Cobra Officer v1 A,,Infantry,2,,1,,,,retail,0,,1,Missile Command Headquarters,,,,2026-07-10 21:49:12,2026-07-10 21:49:12,1,
6,F013,Flash,,,1,,,Flash v1 A,"Gambello, Anthony S.",Infantry,1,,1,,,,retail,0,,0,,,,,2026-07-10 21:49:12,2026-07-10 21:49:12,1,
7,F016,Grand Slam,,,1,,,Grand Slam v1 A,"Barney, James J.",Artillery,1,,1,,,,retail,0,,1,HAL,,,,2026-07-10 21:49:12,2026-07-10 21:49:12,1,
8,F019,Grunt,,,1,,,Grunt v1 A,"Graves, Robert W.",Infantry,1,,1,,,,retail,0,,0,,,,,2026-07-10 21:49:12,2026-07-10 21:49:12,1,
9,F022,Hawk,,,1,,,Hawk v1 A,"Abernathy, Clayton M.",Artillery,1,,1,,,,retail,0,,1,MMS,,,,2026-07-10 21:49:12,2026-07-10 21:49:12,1,
10,F025,Rock 'N Roll,,Rock & Roll,1,,,Rock 'N Roll v1 A,"McConnel, Craig S.",Infantry,1,,1,,,,retail,0,,0,,,,,2026-07-10 21:49:12,2026-07-10 21:49:12,1,
11,F028,Scarlett,,,1,,,Scarlett v1 A,"O'Hara, Shana M.",Intelligence,1,,1,,,,retail,0,,0,,,,,2026-07-10 21:49:12,2026-07-10 21:49:12,1,
12,F030,Short-Fuze,,Short-Fuse or Shortfuse,1,,,Short-Fuze v1 A,"Freistadt, Eric W.",Artillery,1,,1,,,,retail,0,,0,,,,,2026-07-10 21:49:12,2026-07-10 21:49:12,1,
13,F033,Snake Eyes,,Snake-Eyes,1,,,Snake Eyes v1 A,Classified,Infantry,1,,1,,,,retail,0,,0,,,,,2026-07-10 21:49:12,2026-07-10 21:49:12,1,
14,F036,Stalker,,,1,,,Stalker v1 A,"Wilkinson, Lonzo R.",Infantry,1,,1,,,,retail,0,,0,,,,,2026-07-10 21:49:12,2026-07-10 21:49:12,1,
15,F039,Steeler,,,1,,,Steeler v1 A,"Pulaski, Ralph W.",Armor,1,,1,,,,retail,0,,1,MOBAT,,,,2026-07-10 21:49:12,2026-07-10 21:49:12,1,
16,F041,Zap,,,1,,,Zap v1 A,"Melendez, Rafael J.",Engineer,1,,1,,,,retail,0,,0,,,,,2026-07-10 21:49:12,2026-07-10 21:49:12,1,
17,F044,Ace,ACE_1,,1,,,Ace v1 ,"Armbruster, Brad J.","Fixed Wing Pilot, Single and Multiple Engine",1,,3,,,,retail,0,,1,Skystriker (XP-14F),,,,2026-07-10 21:49:12,2026-07-10 21:49:12,1,
18,F045,Airborne,AIRBORNE_1,,1,,,Airborne v1 A,"Talltree, Franklin E.",Airborne Infantryman,1,,3,,,,retail,0,,0,,,,,2026-07-10 21:49:12,2026-07-10 21:49:12,1,
19,F047,Breaker,,,1.5,,Swivel-Arm,Breaker v1.5 ,"Kibbey, Alvin R.",Infantry,1,,2,,,,retail,0,,0,,,,,2026-07-10 21:49:12,2026-07-12 21:47:24,1,
20,F048,Clutch,,,1.5,,Swivel-Arm,Clutch v1.5 ,"Steinberg, Lance J.",Transportation,1,,2,,,,retail,0,,1,VAMP,,,,2026-07-10 21:49:12,2026-07-10 21:49:12,1,
21,F049,Cobra,,Cobra Soldier or Cobra Trooper,1.5,,"Swivel-Arm, Black eyes",Cobra v1.5 ,,Infantry,2,,2,,,,retail,0,,1,Missile Command Headquarters,,,,2026-07-10 21:49:12,2026-07-10 21:49:12,1,
22,F050,Cobra Commander,,,1.5,,Swivel-Arm,Cobra Commander v1.5 ,Classified,Intelligence,2,,2,,,,retail,0,,0,,,,,2026-07-10 21:49:12,2026-07-10 21:49:12,1,
23,F051,Cobra Officer,,,1.5,,"Swivel-Arm, Black eyes",Cobra Officer v1.5 ,,Infantry,2,,2,,,,retail,0,,1,Missile Command Headquarters,,,,2026-07-10 21:49:12,2026-07-10 21:49:12,1,
24,F052,Cover Girl,,,1,,,Cover Girl v1 A,"Krieger, Courtney A.",Armor,1,,3,,,,retail,0,,1,Wolverine,,,,2026-07-10 21:49:12,2026-07-10 21:49:12,1,
25,F054,Destro,,,1,,,Destro v1 A,,Weapons Manufacturer,2,,3,,,,retail,0,,0,,,,,2026-07-10 21:49:12,2026-07-19 17:25:22,1,variants A/B are in collection. all accessories.
26,F056,Doc,,,1,,,Doc v1 ,"Greer, Carl W.",Medicial Doctor,1,,3,,,,retail,0,,0,,,,,2026-07-10 21:49:12,2026-07-10 21:49:12,1,
27,F057,Duke,,,1,,,Duke v1 A,"Hauser, Conrad S.",Airborne Infantryman,1,,3,,,,mail_in,1,Mail order,0,,Mail order,,,2026-07-10 21:49:12,2026-07-10 21:49:12,1,
28,F062,Flash,,,1.5,,Swivel-Arm,Flash v1.5 ,"Gambello, Anthony S.",Infantry,1,,2,,,,retail,0,,0,,,,,2026-07-10 21:49:12,2026-07-10 21:49:12,1,
29,F063,Grand Slam,,,1.5,,Swivel-Arm,Grand Slam v1.5 ,"Barney, James J.",Artillery,1,,2,,,,retail,0,,1,HAL,,,,2026-07-10 21:49:12,2026-07-10 21:49:12,1,
30,F064,Grand Slam,,Silver Pads Grand Slam,2,,,Grand Slam v2 ,"Barney, James J.",Artillery,1,,3,,,,retail,0,,1,JUMP,,,,2026-07-10 21:49:12,2026-07-10 21:49:12,1,
31,F065,Grunt,,,1.5,,"Swivel-Arm, green uniform",Grunt v1.5 ,"Graves, Robert W.",Infantry,1,,2,,,,retail,0,,0,,,,,2026-07-10 21:49:12,2026-07-10 21:49:12,1,
32,F066,Grunt,,Tan Grunt,2,,Tan uniform,Grunt v2 ,"Graves, Robert W.",Infantry,1,,3,,,,retail,0,,1,Falcon,,,,2026-07-10 21:49:12,2026-07-10 21:49:12,1,
33,F067,Gung-Ho,,,1,,,Gung-Ho v1 ,"La Fitte, Etienne R.",Recando,1,,3,,,,retail,0,,0,,,,,2026-07-10 21:49:12,2026-07-10 21:49:12,1,
34,F068,H.I.S.S. Driver,,Cobra H.I.S.S. Driver,1,,,H.I.S.S. Driver v1 ,,H.I.S.S. Driver,2,,3,,,,retail,0,,1,H.I.S.S.,,,,2026-07-10 21:49:12,2026-07-10 21:49:12,1,
35,F069,Hawk,,,1.5,,Swivel-Arm,Hawk v1.5 ,"Abernathy, Clayton M.",Artillery,1,,2,,,,retail,0,,1,MMS,,,,2026-07-10 21:49:12,2026-07-10 21:49:12,1,
36,F070,Major Bludd,,,1,,,Major Bludd v1 ,"Bludd, Sebastian",Terrorist,2,,3,,,,mail_in,1,Mail order,0,,Mail order,,,2026-07-10 21:49:12,2026-07-10 21:49:12,1,
37,F071,Rock 'N Roll,,,1.5,,Swivel-Arm,Rock 'N Roll v1.5 ,"McConnel, Craig S.",Infantry,1,,2,,,,retail,0,,0,,,,,2026-07-10 21:49:12,2026-07-10 21:49:12,1,
38,F072,Scarlett,,,1.5,,Swivel-Arm,Scarlett v1.5 ,"O'Hara, Shana M.",Intelligence,1,,2,,,,retail,0,,0,,,,,2026-07-10 21:49:12,2026-07-10 21:49:12,1,
39,F073,Short-Fuze,,Short-Fuse or Shortfuse,1.5,,Swivel-Arm,Short-Fuze v1.5 ,"Freistadt, Eric W.",Artillery,1,,2,,,,retail,0,,0,,,,,2026-07-10 21:49:12,2026-07-10 21:49:12,1,
40,F074,Snake Eyes,,Snake-Eyes,1.5,,Swivel-Arm,Snake Eyes v1.5 ,Classified,Infantry,1,,2,,,,retail,0,,0,,,,,2026-07-10 21:49:12,2026-07-10 21:49:12,1,
41,F075,Snow Job,,,1,,,Snow Job v1 ,"Moore, Harlan W.",Arctic Ski Patrol,1,,3,,,,retail,0,,0,,,,,2026-07-10 21:49:12,2026-07-10 21:49:12,1,
42,F076,Stalker,,,1.5,,,Stalker v1.5 A,"Wilkinson, Lonzo R.",Infantry,1,,2,,,,retail,0,,0,,,,,2026-07-10 21:49:12,2026-07-10 21:49:12,1,
43,F078,Steeler,,,1.5,,,Steeler v1.5 ,"Pulaski, Ralph W.",Armor,1,,2,,,,retail,0,,1,MOBAT,,,,2026-07-10 21:49:12,2026-07-10 21:49:12,1,
44,F079,Torpedo,,,1,,,Torpedo v1 ,"Leialoha, Edward W.",Navy SEAL,1,,3,,,,retail,0,,0,,,,,2026-07-10 21:49:12,2026-07-10 21:49:12,1,
45,F080,Tripwire,,,1,,,Tripwire v1 A,"Skoog, Tormod S.",Explosive Ordnance Disposal,1,,3,,,,retail,0,,0,,,,,2026-07-10 21:49:12,2026-07-19 23:46:27,1,still need A variant - thin chevron strips.
46,F082,Viper Pilot,,Cobra Viper Pilot,1,,,Viper Pilot v1 ,,Infantry,2,,3,,,,retail,0,,1,Viper,,,,2026-07-10 21:49:12,2026-07-19 17:24:05,1,"mark for upgrade, worn logo"
47,F083,Wild Bill,,,1,,,Wild Bill v1 ,"Hardy, William S.",Helicopter Pilot,1,,3,,,,retail,0,,1,Dragonfly (XH-1),,,,2026-07-10 21:49:12,2026-07-10 21:49:12,1,
48,F084,Zap,,,1.5,,Swivel-Arm,Zap v1.5 ,"Melendez, Rafael J.",Engineer,1,,2,,,,retail,0,,0,,,,,2026-07-10 21:49:12,2026-07-10 21:49:12,1,
49,F085,Baroness,,,1,,,Baroness v1 ,Classified,Intelligence,2,,4,,,,retail,0,,0,,,,,2026-07-10 21:49:12,2026-07-10 21:49:12,1,
50,F086,Blowtorch,,,1,,,Blowtorch v1 A,"Hanrahan, Timothy P.",Infantry Special Weapons,1,,4,,,,retail,0,,0,,,,,2026-07-10 21:49:12,2026-07-10 21:49:12,1,
51,F089,Clutch,,Tan Clutch,2,,,Clutch v2 ,"Steinberg, Lance J.",Transportation,1,,4,,,,retail,0,,1,VAMP Mark II,,,,2026-07-10 21:49:12,2026-07-10 21:49:12,1,
52,F090,Cobra Commander,,Hooded Cobra Commander,2,,,Cobra Commander v2 ,Classified,Intelligence,2,,4,,,,mail_in,1,Mail order,0,,Mail order,,,2026-07-10 21:49:12,2026-07-10 21:49:12,1,
53,F091,Copperhead,,,1,,,Copperhead v1 A,Classified,Air-Driver Swamp Vehicle Operator,2,,4,,,,retail,0,,1,Water Moccasin,,,,2026-07-10 21:49:12,2026-07-10 21:49:12,1,
54,F094,Cutter,,,1,,,Cutter v1 ,"Stone, Skip A.",Hovercraft Captain,1,,4,,,,retail,0,,1,Killer W.H.A.L.E.,,,,2026-07-10 21:49:12,2026-07-10 21:49:12,1,
55,F095,Deep Six,,,1,,,Deep Six v1 ,"Willoughby, Malcom R.",Driver,1,,4,,,,retail,0,,1,S.H.A.R.C.,,,,2026-07-10 21:49:12,2026-07-10 21:49:12,1,
56,F096,Firefly,,,1,,,Firefly v1 A,Classified,"Sabotage, Demolitions, and Terror",2,,4,,,,retail,0,,0,,,,,2026-07-10 21:49:12,2026-07-10 21:49:12,1,
57,F098,Mutt,,,1,,,Mutt v1 ,"Perlmutter, Stanley R.",Dog Handler,1,,4,,,,retail,0,,0,,,,,2026-07-10 21:49:12,2026-07-10 21:49:12,1,
58,F099,Recondo,,,1,,,Recondo v1 A,"LeClaire, Daniel M.",Infantry,1,,4,,,,retail,0,,0,,,,,2026-07-10 21:49:12,2026-07-10 21:49:12,1,
59,F101,Rip Cord,,Ripcord,1,,,Rip Cord v1 ,"Weems, Wallace A.",Airborne Infantry,1,,4,,,,retail,0,,0,,,,,2026-07-10 21:49:12,2026-07-10 21:49:12,1,
60,F102,Roadblock,,,1,,,Roadblock v1 ,"Hinton, Marvin F.",Infantry Heavy Weapons,1,,4,,,,retail,0,,0,,,,,2026-07-10 21:49:12,2026-07-10 21:49:12,1,
61,F103,Scrap-Iron,,,1,,,Scrap-Iron v1 ,Classified,Tank Destroyer,2,,4,,,,retail,0,,0,,,,,2026-07-10 21:49:12,2026-07-10 21:49:12,1,
62,F104,Spirit,,,1,,,Spirit v1 A,"Iron-Knife, Charlie",Infantry,1,,4,,,,retail,0,,0,,,,,2026-07-10 21:49:12,2026-07-10 21:49:12,1,
63,F106,Stinger Driver,,Cobra Stinger Driver,1,,,Stinger Driver v1 ,,"Stinger Driver, Infantry",2,,4,,,,retail,0,,1,Stinger,,,,2026-07-10 21:49:12,2026-07-10 21:49:12,1,
64,F107,Storm Shadow,,,1,,,Storm Shadow v1 ,Classified,Assassin,2,,4,,,,retail,0,,0,,,,,2026-07-10 21:49:12,2026-07-10 21:49:12,1,
65,F108,Thunder,,,1,,,Thunder v1 ,"Breckinridge, Matthew Harris",Artillery,1,,4,,,,retail,0,,1,Slugger,,,,2026-07-10 21:49:12,2026-07-10 21:49:12,1,
66,F109,Tollbooth,,,1,,,Tollbooth v1 ,"Goren, Chuck X.",Combat Engineer,1,,4,,,,retail,1,Sears,1,Toss 'N Cross,Sears exclusive,,,2026-07-10 21:49:12,2026-07-10 21:49:12,1,
67,F110,Wild Weasel,,,1,,,Wild Weasel v1 A,Classified,Ground Support Pilot,2,,4,,,,retail,0,,1,Rattler Jet,,,,2026-07-10 21:49:12,2026-07-10 21:49:12,1,
68,F112,Zartan,,,1,,,Zartan v1 ,,,4,17,4,,,,retail,0,,1,Chameleon,,,,2026-07-10 21:49:12,2026-07-10 21:49:12,1,
69,F113,Airtight,,,1,,,Airtight v1 ,"Schnurr, Kurt","Chemical, Biological and Radiological Warfare",1,,5,,,,retail,0,,0,,,,,2026-07-10 21:49:12,2026-07-10 21:49:12,1,
70,F114,Alpine,,,1,,,Alpine v1 ,"Pine, Albert M.",Mountain Trooper,1,,5,,,,retail,0,,0,,,,,2026-07-10 21:49:12,2026-07-10 21:49:12,1,
71,F115,Barbecue,,,1,,,Barbecue v1 ,"Kelly, Gabriel A.",Fireman,1,,5,,,,retail,0,,0,,,,,2026-07-10 21:49:12,2026-07-10 21:49:12,1,
72,F116,Bazooka,,,1,,,Bazooka v1 A,"Katzenbogen, David L.",Armor Defeating Weapons Systems,1,,5,,,,retail,0,,0,,,,,2026-07-10 21:49:12,2026-07-10 21:49:12,1,
73,F118,Buzzer,,,1,,,Buzzer v1 ,Richard Blinken-Smythe,,4,17,5,,,,retail,0,,0,,,,,2026-07-10 21:49:12,2026-07-10 21:49:12,1,
74,F119,Crankcase,,,1,,,Crankcase v1,"Indiana, Elwood G.",Motor Vehicle Driver,1,,5,,,,retail,0,,1,A.W.E. Striker,,,,2026-07-10 21:49:12,2026-07-10 21:49:12,1,
75,F120,Crimson Guard,,,1,,,Crimson Guard v1 A,Top Secret,Undercover Espionage,2,,5,,,,retail,0,,0,,,,,2026-07-10 21:49:12,2026-07-10 21:49:12,1,
76,F122,Dusty,,,1,,,Dusty v1 ,"Tadur, Ronald W.",Infantry,1,,5,,,,retail,0,,0,,,,,2026-07-10 21:49:12,2026-07-10 21:49:12,1,
77,F123,Eels,,Eel,1,,,Eels v1 A,Classified,Underwater Demolitions,2,,5,,,,retail,0,,0,,,,,2026-07-10 21:49:12,2026-07-10 21:49:12,1,
78,F125,Flint,,,1,,,Flint v1 ,"Faireborn, Dashiell R.",Infantry,1,,5,,,,retail,0,1992 Convention,0,,1992 Convention,,,2026-07-10 21:49:12,2026-07-16 02:21:15,1,
79,F126,Footloose,,,1,,,Footloose v1 ,"Meyers, Andrew D.",Infantry,1,,5,,,,retail,0,,0,,,,,2026-07-10 21:49:12,2026-07-10 21:49:12,1,
80,F127,Frostbite,,,1,,,Frostbite v1 A,"Seward, Farley S.",Motor Vehicle Driver,1,,5,,,,retail,0,,1,Snow Cat,,,,2026-07-10 21:49:12,2026-07-10 21:49:12,1,
81,F129,Heavy Metal,,Rampage,1,,,Heavy Metal v1 ,"Guderian, Sherman R.",Armor,1,,5,,,,convention,0,1992 Convention,1,Mauler M.B.T. Tank,1992 Convention,,,2026-07-10 21:49:12,2026-07-10 21:49:12,1,
82,F130,Keel-Haul,,Admiral Keel-Haul,1,,,Keel-Haul v1 A,"Colby, Everett P.",Command,1,,5,,,,retail,0,,1,U.S.S. Flagg,,,,2026-07-10 21:49:12,2026-07-10 21:49:12,1,
83,F131,Lady Jaye,,,1,,,Lady Jaye v1 ,"Hart-Burnett, Alison R.",Intelligence,1,,5,,,,retail,0,,0,,,,,2026-07-10 21:49:12,2026-07-10 21:49:12,1,
84,F132,Lampreys,,Lamprey,1,,,Lampreys v1 ,,Hydrofoil Pilot,2,,5,,,,retail,0,,1,Moray,,,,2026-07-10 21:49:12,2026-07-10 21:49:12,1,
85,F133,Quick Kick,,,1,A,,Quick Kick v1 A,"Ito, MacArthur S.",Infantry,1,,5,,,,retail,0,,0,,,,,2026-07-10 21:49:12,2026-07-12 15:06:56,1,
86,F134,Ripper,,,1,,,Ripper v1 ,Harry Nod,,4,17,5,,,,retail,0,,0,,,,,2026-07-10 21:49:12,2026-07-10 21:49:12,1,
87,F135,Shipwreck,,,1,,,Shipwreck v1 ,"Delgado, Hector X.",Gunners Mate,1,,5,,,,retail,0,,0,,,,,2026-07-10 21:49:12,2026-07-10 21:49:12,1,
88,F136,Snake Eyes,,Snake-Eyes,2,,,Snake Eyes v2 ,Classified,Infantry,1,,5,,,,retail,0,,0,,,,,2026-07-10 21:49:12,2026-07-10 21:49:12,1,
89,F137,Snow Serpent,,Cobra Snow Viper ,1,,,Snow Serpent v1 ,Classified,Arctic Operations,2,,5,,,,convention,0,1992 Convention,0,,1992 Convention,,,2026-07-10 21:49:12,2026-07-10 21:49:12,1,
90,F138,Starduster,,Starduster [Version 1A],1,,,Starduster v1 A,"Skylar, Edward J.",Infantry Transportable Air Recon,1,,5,,,,mail_in,1,Mail order,0,,Mail order,,,2026-07-10 21:49:12,2026-07-10 21:49:12,1,
91,F139,Tele-Vipers,,Tele-Viper,1,,,Tele-Vipers v1 ,Classified,Communications,2,,5,,,,retail,0,,0,,,,,2026-07-10 21:49:12,2026-07-10 21:49:12,1,
92,F140,Tomax,,,1,,"Red sash over right shoulder, large Cobra emblem on left side, no scar.",Tomax v1,Classified,"Infiltration, Espionage, Sabotage, Propaganda and Corporate Law.",2,,5,,,,retail,0,,0,,,,,2026-07-10 21:49:12,2026-07-10 21:49:12,1,
93,F141,Torch,,,1,,,Torch v1 ,Tom Winken,,4,17,5,,,,retail,0,,0,,,,,2026-07-10 21:49:12,2026-07-10 21:49:12,1,
94,F142,Tripwire,,Listen 'n Fun Tripwire,2,,,Tripwire v2 ,"Skoog, Tormod S.",Explosive Ordnance Disposal,1,,5,,,,retail,0,,0,,,,,2026-07-10 21:49:12,2026-07-10 21:49:12,1,
95,F143,Xamot,,,1,,,Xamot v1 A,Classified,"Infiltration, Espionage, Sabotage, Propaganda and Corporate Law.",2,,5,,,,retail,0,,0,,,,,2026-07-10 21:49:12,2026-07-10 21:49:12,1,
96,F145,A.V.A.C.,,,1,,,A.V.A.C. v1,,,2,,6,,,,retail,0,,1,Firebat,,,,2026-07-10 21:49:12,2026-07-19 23:45:30,2,still need China production. both styles of parachute packs have been collected.
97,F146,B.A.T.S.,,B.A.T.,1,,,B.A.T.S. v1 A,,,2,,6,,,,retail,0,,0,,,,,2026-07-10 21:49:12,2026-07-10 21:49:12,1,
98,F148,Beach Head,,Beach-Head,1,,,Beach Head v1 ,"Sneeden, Wayne, R.",Infantry,1,,6,,,,retail,0,,0,,,,,2026-07-10 21:49:12,2026-07-10 21:49:12,1,
99,F149,Claymore,,,1,,,Claymore v1 ,"Zullo, John",Anti-Terrorist Specialist,1,,6,,,,retail,0,Toys R Us,0,,Toys R Us exclusive,,,2026-07-10 21:49:12,2026-07-10 21:49:12,1,
100,F150,Cross-Country,,,1,,,Cross-Country v1 A,"Blais, Robert M.",Armor,1,,6,,,,retail,0,,1,H.A.V.O.C.,,,,2026-07-10 21:49:12,2026-07-19 17:25:10,1,variants A/B are in collection. no accessories.
101,F152,Dial-Tone,,,1,,,Dial-Tone v1 ,"Morelli, Jack S.",Radio Telecommunications,1,,6,,,,retail,0,,0,,,,,2026-07-10 21:49:12,2026-07-10 21:49:12,1,
102,F153,Dial-Tone,,,2,,,Dial-Tone v2 ,"Morelli, Jack S.",Radio Telecommunications,1,,6,,,,retail,0,Toys R Us,0,,Toys R Us exclusive,,,2026-07-10 21:49:12,2026-07-10 21:49:12,1,
103,F154,Dr. Mindbender,,,1,,,Dr. Mindbender v1 ,,,2,,6,,,,retail,0,,0,,,,,2026-07-10 21:49:12,2026-07-10 21:49:12,1,
104,F155,Hawk,,,2,,,Hawk v2 ,"Abernathy, Clayton M.",Artillery,1,,6,,,,retail,0,,0,,,,,2026-07-10 21:49:12,2026-07-10 21:49:12,1,
105,F156,Iceberg,,,1,,,Iceberg v1 ,"Nash, Clifton L.",Infantry,1,,6,,,,retail,0,,0,,,,,2026-07-10 21:49:12,2026-07-10 21:49:12,1,
106,F157,Leatherneck,,,1,,,Leatherneck v1 ,"Metzger, Wendell A.",Infantry,1,,6,,,,retail,0,,0,,,,,2026-07-10 21:49:12,2026-07-10 21:49:12,1,
107,F158,Leatherneck,,,2,,,Leatherneck v2 ,"Metzger, Wendell A.",Infantry,1,,6,,,,retail,0,Toys R Us,0,,Toys R Us exclusive,,,2026-07-10 21:49:12,2026-07-10 21:49:12,1,
108,F159,Lifeline,,,1,,,Lifeline v1 ,"Steen, Edwin C.",Medic,1,,6,,,,retail,0,,0,,,,,2026-07-10 21:49:12,2026-07-10 21:49:12,1,
109,F160,Lift-Ticket,,,1,,,Lift-Ticket v1 ,"Sikorski, Victor, W.",Rotary Wing Aircraft Pilot,1,,6,,,,retail,0,,1,Tomahawk,,,,2026-07-10 21:49:12,2026-07-10 21:49:12,1,
110,F161,Low-Light,,,1,,,Low-Light v1 ,"MacBride, Cooper G.",Infantry,1,,6,,,,retail,0,,0,,,,,2026-07-10 21:49:12,2026-07-10 21:49:12,1,
111,F162,Mainframe,,,1,,,Mainframe v1 ,"Parker, Blaine L.",Computer Technology,1,,6,,,,retail,0,,0,,,,,2026-07-10 21:49:12,2026-07-10 21:49:12,1,
112,F163,Mainframe,,,2,,,Mainframe v2 ,"Parker, Blaine L.",Computer Technology,1,,6,,,,retail,0,Toys R Us,0,,Toys R Us exclusive,,,2026-07-10 21:49:12,2026-07-10 21:49:12,1,
113,F164,Monkeywrench,,,1,,,Monkeywrench v1 ,Bill Winkie,,4,17,6,,,,retail,0,,0,,,,,2026-07-10 21:49:12,2026-07-10 21:49:12,1,
114,F165,Motor Viper,,Motor-Viper,1,,,Motor Viper v1 A,,,2,,6,,,,retail,0,,1,Stun,,,,2026-07-10 21:49:12,2026-07-10 21:49:12,1,
115,F167,Roadblock,,,2,,,Roadblock v2 ,"Hinton, Marvin F.",Infantry Heavy Weapons,1,,6,,,,convention,0,1992 Convention,0,,1992 Convention,,,2026-07-10 21:49:12,2026-07-10 21:49:12,1,
116,F168,Sci-Fi,,,1,,,Sci-Fi v1 ,"Fine, Seymour P.",Infantry,1,,6,,,,retail,0,,0,,,,,2026-07-10 21:49:12,2026-07-10 21:49:12,1,
117,F169,Serpentor,,,1,,,Serpentor v1 A,,,2,,6,,,,retail,0,,1,Air Chariot,,,,2026-07-10 21:49:12,2026-07-10 21:49:12,1,
118,F171,Sgt. Slaughter,,,1,,,Sgt. Slaughter v1 A,Classified Top Secret,Infantry/Drill Instructor,1,,6,,,,mail_in,1,Mail order,0,,Mail order,,,2026-07-10 21:49:12,2026-07-10 21:49:12,1,
119,F173,Sgt. Slaughter,,,2,,,Sgt. Slaughter v2 ,Classified Top Secret,Infantry/Drill Instructor,1,,6,,,,retail,0,,1,Triple 'T',,,,2026-07-10 21:49:12,2026-07-10 21:49:12,1,
120,F174,Slip-Stream,,,1,,,Slip-Stream v1 A,"Boyajian, Gregory B.",Fighter Pilot,1,,6,,,,retail,0,,1,Conquest X-30,,,,2026-07-10 21:49:12,2026-07-10 21:49:12,1,
121,F176,Strato-Viper,,,1,,,Strato-Viper v1,,,2,,6,,,,retail,0,,1,Night Raven S3P,,,,2026-07-10 21:49:12,2026-07-10 21:49:12,1,
122,F177,Thrasher,,,1,,,Thrasher v1,,,4,17,6,,,,retail,0,,1,Dreadnok Thunder Machine,,,,2026-07-10 21:49:12,2026-07-10 21:49:12,1,
123,F178,Vipers,,Viper,1,,,Vipers v1,,,2,,6,,,,retail,0,,0,,,,,2026-07-10 21:49:12,2026-07-10 21:49:12,1,
124,F179,Wet-Suit,,,1,,,Wet-Suit v1 ,"Forrest, Brian M.",SEAL,1,,6,,,,retail,0,,0,,,,,2026-07-10 21:49:12,2026-07-10 21:49:12,1,
125,F180,Wet-Suit,,,2,,,Wet-Suit v2 ,"Forrest, Brian M.",SEAL,1,,6,,,,retail,0,Toys R Us,0,,Toys R Us exclusive,,,2026-07-10 21:49:12,2026-07-10 21:49:12,1,
126,F181,Zandar,,,1,,,Zandar v1 ,,,4,17,6,,,,retail,0,,0,,,,,2026-07-10 21:49:12,2026-07-10 21:49:12,1,
127,F182,Zarana,,,1,,,Zarana v1 A,,,4,17,6,,,,retail,0,,0,,,,,2026-07-10 21:49:12,2026-07-10 21:49:12,1,
128,F185,Avalanche,,,1,,,Avalanche v1 A,"Costello, Ian M.",Armored Vehicle Driver,1,8,7,,,,retail,0,,0,,,,,2026-07-10 21:49:12,2026-07-10 21:49:12,1,
129,F187,Back-Stop,,,1,,,Back-Stop v1 ,"Levin, Robert A.",Armor,1,,7,,,,retail,0,,1,Persuader,,,,2026-07-10 21:49:12,2026-07-10 21:49:12,1,
130,F188,Big Boa,,,1,,,Big Boa v1 ,,,2,,7,,,,retail,0,,0,,,,,2026-07-10 21:49:12,2026-07-10 21:49:12,1,
131,F189,Blaster,,,1,,,Blaster v1 ,"Davis, Brian R.",Ground-Effect Vehicle Operator,1,8,7,,,,retail,0,,0,,,,,2026-07-10 21:49:12,2026-07-10 21:49:12,1,
132,F190,Blocker,,,1,,,Blocker v1 A,"McCarthy, David B.",Mechanized Recon,1,8,7,,,,retail,0,,0,,,,,2026-07-10 21:49:12,2026-07-10 21:49:12,1,
133,F192,Chuckles,,,1,,,Chuckles v1 ,"Provost, Philip M.",Criminal Investigations Division,1,,7,,,,retail,0,,0,,,,,2026-07-10 21:49:12,2026-07-10 21:49:12,1,
134,F193,Cobra Commander,,Battle Armor Cobra Commander,3,,,Cobra Commander v3 A,Classified,Intelligence,2,,7,,,,retail,0,,0,,,,,2026-07-10 21:49:12,2026-07-10 21:49:12,1,
135,F195,Crazylegs,,,1,,,Crazylegs v1 ,"Thomas, David O.",Infantry,1,,7,,,,retail,0,,0,,,,,2026-07-10 21:49:12,2026-07-10 21:49:12,1,
136,F196,Croc Master,,,1,,,Croc Master v1 ,,,2,,7,,,,retail,0,,0,,,,,2026-07-10 21:49:12,2026-07-10 21:49:12,1,
137,F197,Crystal Ball,,,1,,,Crystal Ball v1 ,,,2,,7,,,,retail,0,,0,,,,,2026-07-10 21:49:12,2026-07-10 21:49:12,1,
138,F198,Dodger,,,1,,,Dodger v1 ,"Renwick, Richard",Armored Vehicle Maintenance,1,8,7,,,,retail,0,,0,,,,,2026-07-10 21:49:12,2026-07-10 21:49:12,1,
139,F199,Falcon,,Lt. Falcon,1,,,Falcon v1 ,"Falcone, Vincent R.",Infantry,1,,7,,,,convention,0,1992 Convention,0,,1992 Convention,,,2026-07-10 21:49:12,2026-07-10 21:49:12,1,
140,F200,Fast Draw,,,1,,,Fast Draw v1 ,"Brown, Eliot",Ordnance,1,,7,,,,retail,0,,0,,,,,2026-07-10 21:49:12,2026-07-10 21:49:12,1,
141,F201,Golobulus,,,1,,,Golobulus v1 A,,,2,,7,,,,retail,0,,0,,,,,2026-07-10 21:49:12,2026-07-10 21:49:12,1,
142,F203,Gung-Ho,,Dress Blues Gung-Ho,2,,,Gung-Ho v2 ,"La Fitte, Etienne R.",Recondo Instructor,1,,7,,,,convention,0,1992 Convention,0,,1992 Convention,,,2026-07-10 21:49:12,2026-07-10 21:49:12,1,
143,F204,Gyro-Viper,,,1,,,Gyro-Viper v1 ,,,2,,7,,,,retail,0,,1,Mamba,,,,2026-07-10 21:49:12,2026-07-10 21:49:12,1,
144,F205,Hardtop,,,1,,,Hardtop v1 ,"Klas, Nicholas D.",Heavy Equipment Operator,1,,7,,,,retail,0,,1,Defiant,,,,2026-07-10 21:49:12,2026-07-10 21:49:12,1,
145,F206,Ice Viper,,,1,,,Ice Viper v1 ,,,2,,7,,,,retail,0,,1,WOLF,,,,2026-07-10 21:49:12,2026-07-10 21:49:12,1,
146,F207,Jinx,,,1,,,Jinx v1 ,Top Secret,Intelligence,1,,7,,,,retail,0,,0,,,,,2026-07-10 21:49:12,2026-07-10 21:49:12,1,
147,F208,Knockdown,,,1,,,Knockdown v1 ,"Gonsalves, Blaine M.",Infantry,1,8,7,,,,retail,0,,0,,,,,2026-07-10 21:49:12,2026-07-10 21:49:12,1,
148,F209,Law & Order,,Law,1,,,Law & Order v1 ,"Lavigne, Christopher M.",Military Police,1,,7,,,,retail,0,,0,,,,,2026-07-10 21:49:12,2026-07-10 21:49:12,1,
149,F210,Maverick,,,1,,,Maverick v1 ,"Kiley, Thomas P.",Pilot,1,8,7,,,,retail,0,,0,,,,,2026-07-10 21:49:12,2026-07-10 21:49:12,1,
150,F211,Mercer,MERCER_1,,1,,,Mercer v1 ,"Stratton, Felix P.",Small Arms Armorer,1,,7,,,,retail,0,,0,,,,,2026-07-10 21:49:12,2026-07-10 21:49:12,1,
151,F212,Nemesis Enforcer,,,1,,,Nemesis Enforcer v1 ,,,2,,7,,,,retail,0,,0,,,,,2026-07-10 21:49:12,2026-07-10 21:49:12,1,
152,F213,Outback,,,1,,,Outback v1 ,"Selkirk, Stuart R.",Infantry,1,,7,,,,convention,0,1992 Convention,0,,1992 Convention,,,2026-07-10 21:49:12,2026-07-10 21:49:12,1,
153,F214,Payload,,,1,,,Payload v1 ,"Morgan, Mark Jr.",Astronaut,1,,7,,,,retail,0,,1,Defiant,,,,2026-07-10 21:49:12,2026-07-10 21:49:12,1,
154,F215,Psyche-Out,,,1,,,Psyche-Out v1 ,"Rich, Kenneth D.",Psy-Ops,1,,7,,,,retail,0,,0,,,,,2026-07-10 21:49:12,2026-07-10 21:49:12,1,
155,F216,Raptor,,,1,,,Raptor v1 ,,,2,,7,,,,retail,0,,0,,,,,2026-07-10 21:49:12,2026-07-10 21:49:12,1,
156,F217,Red Dog,,,1,,,Red Dog v1 ,"Taputapu, David",Infantry,1,,7,,,,retail,0,,0,,,,,2026-07-10 21:49:12,2026-07-10 21:49:12,1,
157,F218,Royal Guard,,,1,,,Royal Guard v1 ,,,2,,7,,,,retail,0,,0,,,,,2026-07-10 21:49:12,2026-07-10 21:49:12,1,
158,F219,Rumbler,,Footloose ,1,,,Rumbler v1 ,"Swilley, Earl-Bob",Fast Attack Vehicle Driver,1,,7,,,,convention,0,1992 Convention,1,Crossfire,1992 Convention,,,2026-07-10 21:49:12,2026-07-10 21:49:12,1,
159,F220,Sea Slug,,,1,,,Sea Slug v1 ,,,2,,7,,,,retail,0,,1,Sea Ray,,,,2026-07-10 21:49:12,2026-07-10 21:49:12,1,
160,F221,Sneak Peek,,,1,,,Sneak Peek v1 ,"King, Owen",Infantry,1,,7,,,,retail,0,,0,,,,,2026-07-10 21:49:12,2026-07-10 21:49:12,1,
161,F222,Steam-Roller,,,1,,,Steam-Roller v1 A,"Whitcomb, Averill B.",Heavy Equipment Operator,1,,7,,,,retail,0,,1,Mobile Command Center,,,,2026-07-10 21:49:12,2026-07-10 21:49:12,1,
162,F224,Steel Brigade,,Steel Brigade [Version 1A],1,,,Steel Brigade v1 A,,,1,,7,,,,mail_in,1,Mail order,0,,Mail order,,,2026-07-10 21:49:12,2026-07-10 21:49:12,1,
163,F225,Taurus,,,1,,,Taurus v1 ,"Ayvazyan, Varujan",Demolitions,1,,7,,,,retail,0,,0,,,,,2026-07-10 21:49:12,2026-07-10 21:49:12,1,
164,F226,Techno-Viper,,,1,,,Techno-Viper v1 ,,,2,,7,,,,retail,0,,0,,,,,2026-07-10 21:49:12,2026-07-10 21:49:12,1,
165,F227,The Fridge,,Fridge,1,,,The Fridge v1 A,"Perry, William",Physical Training Instructor,1,,7,,,,mail_in,1,Mail order,0,,Mail order,,,2026-07-10 21:49:12,2026-07-10 21:49:12,1,
166,F230,Tunnel Rat,,,1,,,Tunnel Rat v1 ,"Lee, Nicky",Explosive Ordnance Disposal,1,,7,,,,retail,0,,0,,,,,2026-07-10 21:49:12,2026-07-10 21:49:12,1,
167,F231,W.O.R.M.S.,,,1,,,W.O.R.M.S. v1 ,,,2,,7,,,,retail,0,,1,Maggot,,,,2026-07-10 21:49:12,2026-07-10 21:49:12,1,
168,F232,Zanzibar,,,1,,,Zanzibar v1 A,,,4,17,7,,,,retail,0,,1,Air Skiff,,,,2026-07-10 21:49:12,2026-07-10 21:49:12,1,
169,F234,Armadillo,,,1,,,Armadillo v1 A,"Makepeace, Philo R.",Armored Assault Vehicle Driver,1,,8,,,,retail,0,,1,Rolling Thunder,,,,2026-07-10 21:49:12,2026-07-10 21:49:12,1,
170,F236,Astro-Viper,,,1,,,Astro-Viper v1,,,2,,8,,,,retail,0,,0,,,,,2026-07-10 21:49:12,2026-07-10 21:49:12,1,
171,F237,Bazooka,,Tiger Force Bazooka,2,,,Bazooka v2 ,"Katzenbogen, David L.",Armor Defeating Weapons Systems,1,1,8,,,,retail,0,,0,,,,,2026-07-10 21:49:12,2026-07-10 21:49:12,1,
172,F238,Blizzard,,,1,,,Blizzard v1 A,"Natale, Gregory M.",Arctic Warfare Training Instructor,1,,8,,,,retail,0,,0,,,,,2026-07-10 21:49:12,2026-07-10 21:49:12,1,
173,F240,Budo,,,1,,,Budo v1,"Jesso, Kyle A.",Infantry,1,,8,,,,retail,0,,0,,,,,2026-07-10 21:49:12,2026-07-10 21:49:12,1,
174,F241,Charbroil,,,1,,,Charbroil v1 A,"Shannon, Carl G.",Flame Weapon Specialist,1,,8,,,,retail,0,,0,,,,,2026-07-10 21:49:12,2026-07-10 21:49:12,1,
175,F243,Crazylegs,,Night Force Crazylegs,2,,,Crazylegs v2,"Thomas, David O.",Infantry,1,2,8,,,,retail,0,Toys R Us,0,,Toys R Us exclusive,,,2026-07-10 21:49:12,2026-07-10 21:49:12,1,
176,F244,Destro,,,2,,,Destro v2 ,James McCullen Destro,Leader of the Iron Grenadiers & Weapons Manufacturer,2,13,8,,,,retail,0,,1,Destro's Despoiler,,,,2026-07-10 21:49:12,2026-07-10 21:49:12,1,
177,F245,Duke,,Tiger Force Duke,2,,,Duke v2 ,"Hauser, Conrad S.",Airborne Infantryman,1,1,8,,,,retail,0,,0,,,,,2026-07-10 21:49:12,2026-07-10 21:49:12,1,
178,F246,Dusty,,Tiger Force Dusty,2,,,Dusty v2 ,"Tadur, Ronald W.",Infantry,1,1,8,,,,retail,0,,0,,,,,2026-07-10 21:49:12,2026-07-10 21:49:12,1,
179,F247,Ferret,,,1,,,Ferret v1 ,,,2,13,8,,,,retail,0,,1,D.E.M.O.N.,,,,2026-07-10 21:49:12,2026-07-10 21:49:12,1,
180,F248,Flint,,Tiger Force Flint,2,,,Flint v2 ,"Faireborn, Dashiell R.",Infantry,1,1,8,,,,retail,0,,0,,,,,2026-07-10 21:49:12,2026-07-10 21:49:12,1,
181,F249,Frostbite,,Tiger Force Frostbite,2,,,Frostbite v2 A,"Seward, Farley S.",Tiger Cat Driver,1,1,8,,,,retail,0,,1,Tiger Cat,,,,2026-07-10 21:49:12,2026-07-10 21:49:12,1,
182,F252,Ghostrider,,,1,,,Ghostrider v1 ,"Jeffries, Jonas S.",Stealth Fighter pilot,1,,8,,,,retail,0,,1,Phantom X-19,,,,2026-07-10 21:49:12,2026-07-10 21:49:12,1,
183,F253,Hardball,,,1,,,Hardball v1,"Duggleby, Wilmer S.",Infantry,1,,8,,,,retail,0,,0,,,,,2026-07-10 21:49:12,2026-07-10 21:49:12,1,
184,F254,Hit & Run,,,1,,,Hit & Run v1,"Scott, Brent",Infantry,1,,8,,,,retail,0,Target,0,,Target exclusive,,,2026-07-10 21:49:12,2026-07-10 21:49:12,1,
185,F255,Hydro-Vipers (Demon of the Deep),,Hydro-Viper,1,,,Hydro-Vipers (Demon of the Deep) v1,,,2,,8,,,,retail,0,,0,,,,,2026-07-10 21:49:12,2026-07-10 21:49:12,1,
186,F256,Iron Grenadiers,,Iron Grenadier,1,,,Iron Grenadiers v1,,"Terrorism, Sales, Marketing Development",2,13,8,,,,retail,0,,0,,,,,2026-07-10 21:49:12,2026-07-10 21:49:12,1,
187,F257,Lifeline,,Tiger Force Lifeline,2,,,Lifeline v2 ,"Steen, Edwin C.",Medic,1,1,8,,,,retail,0,,0,,,,,2026-07-10 21:49:12,2026-07-10 21:49:12,1,
188,F258,Lightfoot,,,1,,,Lightfoot v1,"Owens, Cory R.",Demolitions,1,,8,,,,retail,0,,0,,,,,2026-07-10 21:49:12,2026-07-10 21:49:12,1,
189,F259,Lt. Falcon,,"Falcon, Lt. Falcon v1, or Night Force Falcon",2,,,Lt. Falcon v2,"Falcone, Vincent R.",Infantry,1,2,8,,,,retail,0,Toys R Us,0,,Toys R Us exclusive,,,2026-07-10 21:49:12,2026-07-10 21:49:12,1,
190,F260,Muskrat,,,1,,,Muskrat v1,"Williams, Ross A.",Infantry,1,,8,,,,retail,0,,0,,,,,2026-07-10 21:49:12,2026-07-10 21:49:12,1,
191,F261,Nullifier,,,1,,,Nullifier v1 ,,,2,13,8,,,,retail,0,,1,A.G.P.,,,,2026-07-10 21:49:12,2026-07-10 21:49:12,1,
192,F262,Outback,,Night Force Outback,2,,,Outback v2,"Selkirk, Stuart R.",Infantry,1,2,8,,,,retail,0,Toys R Us,0,,Toys R Us exclusive,,,2026-07-10 21:49:12,2026-07-10 21:49:12,1,
193,F263,Psyche-Out,,Night Force Psyche-Out,2,,,Psyche-Out v2,"Rich, Kenneth D.",Psy-Ops,1,2,8,,,,retail,0,Toys R Us,0,,Toys R Us exclusive,,,2026-07-10 21:49:12,2026-07-10 21:49:12,1,
194,F264,Recondo,,Tiger Force Recondo,2,,,Recondo v2 ,"LeClaire, Daniel M.",Tiger Fly Pilot,1,1,8,,,,retail,0,,1,Tiger Fly,,,,2026-07-10 21:49:12,2026-07-10 21:49:12,1,
195,F265,Repeater,,,1,,,Repeater v1,"Therien, Jeffrey R.",Infantry,1,,8,,,,retail,0,,0,,,,,2026-07-10 21:49:12,2026-07-10 21:49:12,1,
196,F266,Road Pig,,,1,,,Road Pig v1,"DeLuca, Donald",,2,17,8,,,,retail,0,,0,,,,,2026-07-10 21:49:12,2026-07-10 21:49:12,1,
197,F267,Roadblock,,Tiger Force Roadblock,3,,,Roadblock v3 ,"Hinton, Marvin F.",Heavy Machine Gunner,1,1,8,,,,retail,0,,0,,,,,2026-07-10 21:49:12,2026-07-10 21:49:12,1,
198,F268,Secto-Viper,,,1,,,Secto-Viper v1 ,,,2,,8,,,,retail,0,,1,BUGG,,,,2026-07-10 21:49:12,2026-07-10 21:49:12,1,
199,F269,Sgt. Slaughter,,,3,,,Sgt. Slaughter v3 ,Classified Top Secret,Infantry/Drill Instructor,1,,8,,,,retail,0,,1,Warthog A.I.F.V.,,,,2026-07-10 21:49:12,2026-07-10 21:49:12,1,
200,F270,Shockwave,,,1,,,Shockwave v1,"Faria, Jason A.",Special Weapons and Tactics,1,,8,,,,retail,0,,0,,,,,2026-07-10 21:49:12,2026-07-10 21:49:12,1,
201,F271,Skidmark,,,1,,,Skidmark v1 ,"Colombani, Cyril",Fast Attack Vehicle Driver,1,,8,,,,retail,0,,1,Desert Fox 6 W.D.,,,,2026-07-10 21:49:12,2026-07-10 21:49:12,1,
202,F272,Skystriker,,Tiger Force Skystriker or Thunder ,1,,,Skystriker v1 A,"Russo, Alexander P.",Tiger Rat Pilot,1,1,8,,,,convention,0,1992 Convention,0,Tiger Rat,1992 Convention,,,2026-07-10 21:49:12,2026-07-10 21:49:12,1,
203,F274,Sneak Peek,,Night Force Sneak Peek,2,,,Sneak Peek v2,"King, Owen",Infantry,1,2,8,,,,retail,0,Toys R Us,0,,Toys R Us exclusive,,,2026-07-10 21:49:12,2026-07-10 21:49:12,1,
204,F275,Spearhead & Max,,Spearhead,1,,,Spearhead & Max v1,"Millman, Peter R.",Infantry,1,,8,,,,retail,0,,0,,,,,2026-07-10 21:49:12,2026-07-10 21:49:12,1,
205,F277,Star-Viper,,,1,,,Star-Viper v1 ,,,2,,8,,,,retail,0,,1,Stellar Stiletto,,,,2026-07-10 21:49:12,2026-07-10 21:49:12,1,
206,F280,Storm Shadow,,,2,,,Storm Shadow v2,Classified,Covert Operations,1,,8,,,,retail,0,,0,,,,,2026-07-10 21:49:12,2026-07-10 21:49:12,1,
207,F281,Super Trooper,,,1,,,Super Trooper v1,,,1,,8,,,,mail_in,1,Mail order,0,,Mail order,,,2026-07-10 21:49:12,2026-07-10 21:49:12,1,
208,F282,Toxo-Viper,,,1,,,Toxo-Viper v1,,,2,,8,,,,retail,0,,0,,,,,2026-07-10 21:49:12,2026-07-10 21:49:12,1,
209,F283,Tripwire,,Tiger Force Tripwire,3,,,Tripwire v3 ,"Skoog, Tormod S.",Explosive Ordnance Disposal,1,1,8,,,,retail,0,,0,,,,,2026-07-10 21:49:12,2026-07-10 21:49:12,1,
210,F284,Tunnel Rat,,Night Force Tunnel Rat,2,,,Tunnel Rat v2,"Lee, Nicky",Explosive Ordnance Disposal,1,2,8,,,,retail,0,Toys R Us,0,,Toys R Us exclusive,,,2026-07-10 21:49:12,2026-07-10 21:49:12,1,
211,F285,Voltar,,,1,,,Voltar v1,,,2,13,8,,,,retail,0,,0,,,,,2026-07-10 21:49:12,2026-07-10 21:49:12,1,
212,F286,Wildcard,,,1,,,Wildcard v1 ,"Scott, Eric U.",Armored Vehicle Operator,1,,8,,,,retail,0,,1,Mean Dog,,,,2026-07-10 21:49:12,2026-07-10 21:49:12,1,
213,F287,Windmill,,,1,,,Windmill v1 ,"Roth, Edward J.",Stopped-Rotor Aircraft Operator,1,,8,,,,retail,0,,1,Skystorm,,,,2026-07-10 21:49:12,2026-07-10 21:49:12,1,
214,F288,Aero-Viper,,,1,,,Aero-Viper v1 ,,,2,,9,,,,retail,0,,1,Condor Z25,,,,2026-07-10 21:49:12,2026-07-10 21:49:12,1,
215,F289,Alley Viper,,,1,,,Alley Viper v1,,,2,,9,,,,retail,0,,0,,,,,2026-07-10 21:49:12,2026-07-10 21:49:12,1,
216,F290,Annihilator,,,1,,,Annihilator v1,,,2,13,9,,,,retail,0,,0,,,,,2026-07-10 21:49:12,2026-07-10 21:49:12,1,
217,F291,Backblast,,,1,,,Backblast v1,"Menninger, Edward J.",Air Defense Artillery,1,,9,,,,retail,0,,0,,,,,2026-07-10 21:49:12,2026-07-10 21:49:12,1,
218,F292,Barbecue,,Slaughter's Marauders Barbecue,2,,,Barbecue v2 ,"Kelly, Gabriel A.",Firefighter,1,3,9,,,,retail,0,,0,,,,,2026-07-10 21:49:12,2026-07-10 21:49:12,1,
219,F293,Charbroil,,Night Force Charbroil,2,,,Charbroil v2 ,"Shannon, Carl G.",Flame Weapon Specialist,1,2,9,,,,retail,0,Toys R Us,0,,Toys R Us exclusive,,,2026-07-10 21:49:12,2026-07-10 21:49:12,1,
220,F294,Countdown,,,1,,,Countdown v1,"Dubosky, David D.",Astronaut/Fighter Pilot,1,,9,,,,retail,0,,0,,,,,2026-07-10 21:49:12,2026-07-10 21:49:12,1,
221,F295,Darklon,,,1,,,Darklon v1 ,,,2,13,9,,,,retail,0,,1,Evader,,,,2026-07-10 21:49:12,2026-07-10 21:49:12,1,
222,F296,Dee-Jay,,,1,,,Dee-Jay v1,"Rossi III, Thomas R.",Radio Telephone Operator,1,8,9,,,,retail,0,,0,,,,,2026-07-10 21:49:12,2026-07-10 21:49:12,1,
223,F297,Deep Six,,,2,,,Deep Six v2,"Willoughby, Malcom R.",NEC: Dive Master,1,,9,,,,retail,0,,0,,,,,2026-07-10 21:49:12,2026-07-10 21:49:12,1,
224,F298,Dogfight,,,1,,,Dogfight v1 ,"King, James R.",Mudfighter Pilot,1,,9,,,,retail,0,,1,Mudfighter,,,,2026-07-10 21:49:12,2026-07-10 21:49:12,1,
225,F299,Downtown,,,1,,,Downtown v1 A," Riley, Thomas P.",Infantry,1,,9,,,,retail,0,,0,,,,,2026-07-10 21:49:12,2026-07-10 21:49:12,1,
226,F301,Footloose,,Slaughter's Marauders Footloose,2,,,Footloose v2 ,"Meyers, Andrew D.",Infantry,1,3,9,,,,retail,0,,0,,,,,2026-07-10 21:49:12,2026-07-10 21:49:12,1,
227,F302,Frag-Viper,,,1,,,Frag-Viper v1,,,2,,9,,,,retail,0,,0,,,,,2026-07-10 21:49:12,2026-07-10 21:49:12,1,
228,F303,Gnawgahyde,,,1,,,Gnawgahyde v1,,,4,17,9,,,,retail,0,,0,,,,,2026-07-10 21:49:12,2026-07-10 21:49:12,1,
229,F304,H.E.A.T. Viper,,,1,,,H.E.A.T. Viper v1,,,2,,9,,,,retail,0,,0,,,,,2026-07-10 21:49:12,2026-07-10 21:49:12,1,
230,F305,Hot Seat,,,1,,,Hot Seat v1 ,"Provost, Michael A.",Raider Driver,1,,9,,,,retail,0,,1,Raider,,,,2026-07-10 21:49:12,2026-07-10 21:49:12,1,
231,F307,Lightfoot,,Night Force Lightfoot,2,,,Lightfoot v2 ,"Owens, Corey R.",Demolitions,1,2,9,,,,retail,0,Toys R Us,0,,Toys R Us exclusive,,,2026-07-10 21:49:12,2026-07-10 21:49:12,1,
232,F308,Long Range,,,1,,,Long Range v1 ,"Fritz, Karl W.",Thunderclap Driver,1,,9,,,,retail,0,,1,Thunderclap,,,,2026-07-10 21:49:12,2026-07-10 21:49:12,1,
233,F309,Low-Light,,Slaughter's Marauders Low-Light,2,,,Low-Light v2 ,"MacBride, Cooper",Night Spotter,1,3,9,,,,retail,0,,0,,,,,2026-07-10 21:49:12,2026-07-10 21:49:12,1,
234,F310,Muskrat,,Night Force Muskrat,2,,,Muskrat v2 ,"Williams, Ross A.",Infantry,1,2,9,,,,retail,0,Toys R Us,0,,Toys R Us exclusive,,,2026-07-10 21:49:12,2026-07-10 21:49:12,1,
235,F311,Mutt,,Slaughter's Marauders Mutt,2,,,Mutt v2 ,"Perlmutter, Stanley G.",Animal Control/Utilization Technician,1,3,9,,,,retail,0,,0,,,,,2026-07-10 21:49:12,2026-07-10 21:49:12,1,
236,F312,Night-Viper,,,1,,,Night-Viper v1,,,2,,9,,,,retail,0,,0,,,,,2026-07-10 21:49:12,2026-07-10 21:49:12,1,
237,F313,Payload,,,2,,,Payload v2 ,"Morgan, Mark Jr.",Astronaut,1,,9,,,,retail,0,,1,Crusader,,,,2026-07-10 21:49:12,2026-07-10 21:49:12,1,
238,F314,Python Copperhead,,Copperhead ,2,,,Python Copperhead v2 ,,Swamp Fighter,2,11,9,,,,retail,0,,0,,,,,2026-07-10 21:49:12,2026-07-10 21:49:12,1,
239,F315,Python Crimson Guard,,,1,,,Python Crimson Guard v1 ,,,2,11,9,,,,retail,0,,0,,,,,2026-07-10 21:49:12,2026-07-10 21:49:12,1,
240,F316,Python Officer,,Cobra Viper ,1,,,Python Officer v1 ,,,2,11,9,,,,retail,0,,0,,,,,2026-07-10 21:49:12,2026-07-10 21:49:12,1,
241,F317,Python Tele-Viper,,Cobra Tele-Viper ,1,,,Python Tele-Viper v1 ,,,2,11,9,,,,retail,0,,0,,,,,2026-07-10 21:49:12,2026-07-10 21:49:12,1,
242,F318,Python Trooper,,,1,,,Python Trooper v1 ,,,2,11,9,,,,retail,0,,0,,,,,2026-07-10 21:49:12,2026-07-10 21:49:12,1,
243,F319,Python Viper,,,1,,,Python Viper v1 ,,,2,11,9,,,,retail,0,,0,,,,,2026-07-10 21:49:12,2026-07-10 21:49:12,1,
244,F320,Rampage,,Heavy Metal ,1,,,Rampage v1 ,"Guderian, Sherman R.",Armor,1,,9,,,,mail_in,1,Mail order,0,,Mail order,,,2026-07-10 21:49:12,2026-07-10 21:49:12,1,
245,F321,Recoil,,,1,,,Recoil v1,"Felton, Joseph",Infantry,1,,9,,,,retail,0,,0,,,,,2026-07-10 21:49:12,2026-07-10 21:49:12,1,
246,F322,Repeater,,Night Force Repeater,2,,,Repeater v2 ,"Therien, Jeffrey R.",Infantry,1,,9,,,,retail,0,Toys R Us,0,,Toys R Us exclusive,,,2026-07-10 21:49:12,2026-07-10 21:49:12,1,
247,F323,Rock & Roll,,Rock 'N Roll,2,,,Rock & Roll v2,"McConnel, Craig S.",Infantry,1,,9,,,,retail,0,,0,,,,,2026-07-10 21:49:12,2026-07-10 21:49:12,1,
248,F324,Scoop,,,1,,,Scoop v1,"Michaels, Leonard",Journalist,1,,9,,,,retail,0,,0,,,,,2026-07-10 21:49:12,2026-07-10 21:49:12,1,
249,F325,Sgt. Slaughter,,Slaughter's Marauders Sgt. Slaughter,4,,,Sgt. Slaughter v4 ,Classified Top Secret,"Commander, Slaughter's Marauders",1,3,9,,,,retail,0,,0,,,,,2026-07-10 21:49:12,2026-07-10 21:49:12,1,
250,F326,Shockwave,,Night Force Shockwave,2,,,Shockwave v2 ,"Faria, Jason A.",Special Weapons and Tactics,1,,9,,,,retail,0,Toys R Us,0,,Toys R Us exclusive,,,2026-07-10 21:49:12,2026-07-10 21:49:12,1,
251,F327,Snake Eyes,,Snake-Eyes,3,,,Snake Eyes v3,Classified,Infantry,1,,9,,,,retail,0,,0,,,,,2026-07-10 21:49:12,2026-07-10 21:49:12,1,
252,F328,Spearhead & Max,,Night Force Spearhead,2,,,Spearhead & Max v2 ,"Millman, Peter R.",Infantry,1,2,9,,,,retail,0,Toys R Us,0,,Toys R Us exclusive,,,2026-07-10 21:49:12,2026-07-10 21:49:12,1,
253,F329,Spirit,,Slaughter's Marauders Spirit,2,,,Spirit v2 ,"Iron-Knife, Charlie",Tracker,1,3,9,,,,retail,0,,0,,,,,2026-07-10 21:49:12,2026-07-10 21:49:12,1,
254,F330,Stalker,,,2,,,Stalker v2,"Wilkinson, Lonzo R.",Infantry,1,,9,,,,retail,0,,0,,,,,2026-07-10 21:49:12,2026-07-10 21:49:12,1,
255,F335,T.A.R.G.A.T. ,,,1,,,T.A.R.G.A.T.  v1,,,2,13,9,,,,retail,0,,0,,,,,2026-07-10 21:49:12,2026-07-10 21:49:12,1,
256,F336,Track Viper,,,1,,,Track Viper v1 ,,,2,,9,,,,retail,0,,1,H.I.S.S. II,,,,2026-07-10 21:49:12,2026-07-10 21:49:12,1,
257,F337,Wild Boar,,,1,,,Wild Boar v1 ,,,2,13,9,,,,retail,0,,1,Destro's Razorback,,,,2026-07-10 21:49:12,2026-07-10 21:49:12,1,
258,F338,Windchill,WINDCHILL_1,,1,,,Windchill v1 ,"Steel, Jim",Arctic Blast Driver,1,,9,,,,retail,0,,1,Arctic Blast,,,,2026-07-10 21:49:12,2026-07-10 21:49:12,1,
259,F339,Airborne,AIRBORNE_2,Airborne [2] ,1,,,Airborne v1 ,"Six, Robert M.",Sky Patrol Parachute Assembler,1,4,10,,,,retail,0,,0,,,,,2026-07-10 21:49:12,2026-07-10 21:49:12,1,
260,F340,Airwave,,,1,,,Airwave v1 ,"Mewett, Cliff V.",Sky Patrol Audible Frequency Specialist,1,4,10,,,,retail,0,,0,,,,,2026-07-10 21:49:12,2026-07-10 21:49:12,1,
261,F341,Altitude,,,1,,,Altitude v1 ,"Jones, John-Edward O.",Sky Patrol Recon Scout,1,4,10,,,,retail,0,,0,,,,,2026-07-10 21:49:12,2026-07-10 21:49:12,1,
262,F342,Ambush,,,1,,,Ambush v1 A,"McMahon, Aaron",Concealment Specialist,1,,10,,,,retail,0,,0,,,,,2026-07-10 21:49:12,2026-07-10 21:49:12,1,
263,F344,Bullhorn,,,1,,,Bullhorn v1 ,"Ferreira, Stephen A.",Intervention Specialist,1,,10,,,,retail,0,,0,,,,,2026-07-10 21:49:12,2026-07-10 21:49:12,1,
264,F345,Capt. Grid-Iron,,Grid-Iron,1,,,Capt. Grid-Iron v1 ,"Lydon, Terrence",Hand-To-Hand Combat Specialist,1,,10,,1990,,retail,0,,0,,,,,2026-07-10 21:49:12,2026-07-15 18:09:42,1,
265,F346,Cold Front,,,1,,,Cold Front v1 ,"Donahue, Charles",Avalanche Driver,1,,10,,,,retail,0,,1,Avalanche,,,,2026-07-10 21:49:12,2026-07-10 21:49:12,1,
266,F347,Dial-Tone,,Sonic Fighter Dial-Tone,3,,,Dial-Tone v3 ,"Morelli, Jack S.",Radio Communications,1,,10,,,,retail,0,,0,,,,,2026-07-10 21:49:12,2026-07-10 21:49:12,1,
267,F348,Decimator,,,1,,,Decimator v1 ,,,2,,10,,,,retail,0,,1,Hammerhead,,,,2026-07-10 21:49:12,2026-07-10 21:49:12,1,
268,F349,Dodger,,Sonic Fighter Dodger,2,,,Dodger v2 ,"Renwick, Richard",Laser Demolitions,1,,10,,,,retail,0,,0,,,,,2026-07-10 21:49:12,2026-07-10 21:49:12,1,
269,F350,Drop Zone,,,1,,,Drop Zone v1 ,"Delisi, Samuel C.",Sky Patrol Weapons Specialist,1,4,10,,,,retail,0,,0,,,,,2026-07-10 21:49:12,2026-07-10 21:49:12,1,
270,F351,Free Fall,,,1,,,Free Fall v1 ,"Arndt, Phillip W.",Paratrooper,1,,10,,,,retail,0,,0,,,,,2026-07-10 21:49:12,2026-07-10 21:49:12,1,
271,F352,Lampreys,,Lamprey or Sonic Fighter Lamprey,2,,,Lampreys v2 ,,,2,,10,,,,retail,0,,0,,,,,2026-07-10 21:49:12,2026-07-10 21:49:12,1,
272,F353,Laser-Viper,,,1,,,Laser-Viper v1 ,,,2,,10,,,,retail,0,,0,,,,,2026-07-10 21:49:12,2026-07-10 21:49:12,1,
273,F354,Law,,Law & Order or Sonic Fighter Law,2,,,Law v2 ,"Lavigne, Christopher M.",Military Police,1,,10,,,,retail,0,,0,,,,,2026-07-10 21:49:12,2026-07-10 21:49:12,1,
274,F355,Major Storm,,,1,,,Major Storm v1 ,"Swanson, Robert G.",General Commander,1,,10,,,,retail,0,,1,General,,,,2026-07-10 21:49:12,2026-07-10 21:49:12,1,
275,F356,Metal-Head,,,1,,,Metal-Head v1 A,,,2,13,10,,1990,,retail,0,,0,,,,,2026-07-10 21:49:12,2026-07-15 18:09:42,1,
276,F358,Night-Creeper,,Night Creeper,1,,,Night-Creeper v1 ,,,2,,10,,,,retail,0,,0,,,,,2026-07-10 21:49:12,2026-07-10 21:49:12,1,
277,F359,Overlord,,,1,,,Overlord v1 ,,,2,,10,,,,retail,0,,1,Dictator,,,,2026-07-10 21:49:12,2026-07-10 21:49:12,1,
278,F360,Pathfinder,,,1,,,Pathfinder v1 ,"Iannotti, William V.",Jungle Assault Specialist,1,,10,,,,retail,0,,0,,,,,2026-07-10 21:49:12,2026-07-10 21:49:12,1,
279,F361,Rampart,,,1,,,Rampart v1 ,"Felix, Dwayne A.",Shoreline Defender,1,,10,,,,retail,0,,0,,,,,2026-07-10 21:49:12,2026-07-10 21:49:12,1,
280,F362,Range-Vipers,,Range-Viper,1,,,Range-Vipers v1 ,,,2,,10,,,,retail,0,,0,,,,,2026-07-10 21:49:12,2026-07-10 21:49:12,1,
281,F363,Rapid-Fire,,Rapid Fire,1,,,Rapid-Fire v1 ,"London, Robbie",Fast Attack Expert,1,,10,,,,retail,0,,0,,,,,2026-07-10 21:49:12,2026-07-10 21:49:12,1,
282,F364,Rock-Viper,,Rock Viper,1,,,Rock-Viper v1 ,,,2,,10,,,,retail,0,,0,,,,,2026-07-10 21:49:12,2026-07-10 21:49:12,1,
283,F365,S.A.W.-Viper,,S.A.W. Viper,1,,,S.A.W.-Viper v1 ,,,2,,10,,,,retail,0,,0,,,,,2026-07-10 21:49:12,2026-07-10 21:49:12,1,
284,F366,Salvo,,,1,,,Salvo v1 ,"Hasle, David K.",Anti-Armor Trooper,1,,10,,,,retail,1,,0,,,,,2026-07-10 21:49:12,2026-07-10 21:49:12,1,
285,F368,Skydive,,,1,,,Skydive v1 ,"Felix, Lynton N.",Sky Patrol Leader,1,4,10,,,,retail,0,,0,,,,,2026-07-10 21:49:12,2026-07-10 21:49:12,1,
286,F369,Static Line,,,1,,,Static Line v1 ,"Badducci, Wallace J.",Sky Patrol Demolitions Expert,1,4,10,,,,retail,0,,0,,,,,2026-07-10 21:49:12,2026-07-10 21:49:12,1,
287,F370,Stretcher,,,1,,,Stretcher v1 ,"Larivee, Thomas J.",Medical Specialist,1,,10,,,,retail,0,,0,,,,,2026-07-10 21:49:12,2026-07-10 21:49:12,1,
288,F371,Sub-Zero,,,1,,,Sub-Zero v1 ,"Habershaw, Mark",Winter Operations Specialist,1,,10,,,,retail,0,,0,,,,,2026-07-10 21:49:12,2026-07-10 21:49:12,1,
289,F372,Topside,,,1,,,Topside v1 ,"Blanchet, John",Navy Assault Seaman,1,,10,,,,retail,0,,0,,,,,2026-07-10 21:49:12,2026-07-10 21:49:12,1,
290,F373,Tunnel Rat,,Sonic Fighter Tunnel Rat,3,,,Tunnel Rat v3 ,"Lee, Nicky",Explosive Ordnance Disposal,1,,10,,,,retail,0,,0,,,,,2026-07-10 21:49:12,2026-07-10 21:49:12,1,
291,F374,Undertow,,,1,,,Undertow v1 ,,,2,13,10,,,,retail,0,,0,,,,,2026-07-10 21:49:12,2026-07-10 21:49:12,1,
292,F375,Updraft,,,1,,,Updraft v1 ,"Smithers, Matthew W.",Retaliator Pilot,1,,10,,,,retail,0,,1,Retaliator,,,,2026-07-10 21:49:12,2026-07-10 21:49:12,1,
293,F376,Vapor,,,1,,,Vapor v1 ,,,2,,10,,,,retail,0,,1,Hurricane VTOL,,,,2026-07-10 21:49:12,2026-07-10 21:49:12,1,
294,F377,Viper,,Sonic Fighter Viper,2,,,Viper v2 ,,,2,,10,,,,retail,0,,0,,,,,2026-07-10 21:49:12,2026-07-10 21:49:12,1,
295,F378,B.A.T.,,,2,,,B.A.T. v2 ,,,2,,11,,,,retail,0,,0,,,,,2026-07-10 21:49:12,2026-07-10 21:49:12,1,
296,F379,Big Ben,,,1,,,Big Ben v1 ,"Bennet, David J.",Infantry,1,,11,,,,retail,0,,0,,,,,2026-07-10 21:49:12,2026-07-10 21:49:12,1,
297,F380,Cesspool,,,1,,,Cesspool v1 ,"D'Alleva, Vincent A.",,2,5,11,,,,retail,0,,0,,,,,2026-07-10 21:49:12,2026-07-10 21:49:12,1,
298,F381,Clean-Sweep,,,1,,,Clean-Sweep v1 ,"Price, Daniel W.",Chemical Operations Specialist,1,5,11,,,,retail,0,,0,,,,,2026-07-10 21:49:12,2026-07-10 21:49:12,1,
299,F382,Cloudburst,,,1,,,Cloudburst v1 ,"Ram, Chuck",Aeronautics,1,,11,,,,retail,0,,1,Air Commandos (Cloudburst),,,,2026-07-10 21:49:12,2026-07-10 21:49:12,1,
300,F383,Cobra Commander,,,4,,,Cobra Commander v4 A,,,2,,11,,,,retail,0,,0,,,,,2026-07-10 21:49:12,2026-07-10 21:49:12,1,
301,F385,Crimson Guard Immortal,,,1,,,Crimson Guard Immortal v1 ,,,2,,11,,,,retail,0,,0,,,,,2026-07-10 21:49:12,2026-07-10 21:49:12,1,
302,F386,Desert Scorpion,,,1,,,Desert Scorpion v1 A,,,2,,11,,,,retail,0,,0,,,,,2026-07-10 21:49:12,2026-07-10 21:49:12,1,
303,F388,Dusty & Sandstorm,,Dusty,3,,,Dusty & Sandstorm v3 ,"Tadur, Ronald W.",Infantry,1,,11,,,,retail,0,,0,,,,,2026-07-10 21:49:12,2026-07-10 21:49:12,1,
304,F389,Flint,,Eco Warrior Flint,3,,,Flint v3 ,"Faireborne, Dashiell R.",Infantry,1,5,11,,,,retail,0,,0,,,,,2026-07-10 21:49:12,2026-07-10 21:49:12,1,
305,F390,General Hawk,,Hawk or General Hawk v1,3,,,General Hawk v3 ,"Abernathy, Clayton M.",,1,,11,,,,retail,0,,0,,,,,2026-07-10 21:49:12,2026-07-10 21:49:12,1,
306,F391,Grunt,,,3,,,Grunt v3 ,"Graves, Robert W.",Infantry Squad Leader,1,,11,,,,retail,0,,0,,,,,2026-07-10 21:49:12,2026-07-10 21:49:12,1,
307,F392,Heavy Duty,,,1,,,Heavy Duty v1 ,"Morris, Lamont A.",Laser Weapons Systems Operator (11H),1,,11,,,,retail,0,,0,,,,,2026-07-10 21:49:12,2026-07-10 21:49:12,1,
308,F393,Incinerators,,Incinerator,1,,,Incinerators v1 ,,,2,,11,,,,retail,0,,0,,,,,2026-07-10 21:49:12,2026-07-10 21:49:12,1,
309,F394,Interrogator,,,1,,,Interrogator v1 ,,,2,,11,,,,retail,0,,1,Battle Copter (Interrogator),,,,2026-07-10 21:49:12,2026-07-10 21:49:12,1,
310,F395,Lifeline,,,3,,,Lifeline v3 ,"Steen, Edwin C.",Medic,1,,11,,,,mail_in,1,Kellog's cereal Mail order,0,,Kellog's cereal Mail order,,,2026-07-10 21:49:12,2026-07-10 21:49:12,1,
311,F396,Low-Light,,,3,,,Low-Light v3 ,"MacBride, Cooper G.",Infantry (11B),1,,11,,,,retail,0,,0,,,,,2026-07-10 21:49:12,2026-07-10 21:49:12,1,
312,F397,Lt. Falcon,,"Falcon, Lt. Falcon v2, or Sonic Fighter Falcon",3,,,Lt. Falcon v3 ,"Falcon, Vincent R.",Infantry,1,,11,,,,retail,0,,0,,,,,2026-07-10 21:49:12,2026-07-10 21:49:12,1,
313,F398,Major Altitude,,,1,,,Major Altitude v1 ,"Owens, Robert D.",Battle Copter Pilot,1,,11,,,,retail,0,,1,Battle Copter (Major Altitude),,,,2026-07-10 21:49:12,2026-07-10 21:49:12,1,
314,F399,Major Bludd,,Sonic Fighter Major Bludd,2,,,Major Bludd v2 ,"Bludd, Sebastian",Terrorist,2,,11,,,,retail,0,,0,,,,,2026-07-10 21:49:12,2026-07-10 21:49:12,1,
315,F400,Mercer,MERCER_2,,2,,,Mercer v2 ,"Cecil, Richard S.",Mercenary,1,,11,,,,retail,0,,0,,,,,2026-07-10 21:49:12,2026-07-10 21:49:12,1,
316,F401,Night Vulture,,,1,,,Night Vulture v1 ,,,2,,11,,,,retail,0,,1,Air Commandos (Night Vulture),,,,2026-07-10 21:49:12,2026-07-10 21:49:12,1,
317,F402,Ozone,,Eco Warrior Ozone,1,,,Ozone v1 ,"Kunitz, David P.",Environmental Health Specialist,1,5,11,,,,retail,0,,0,,,,,2026-07-10 21:49:12,2026-07-10 21:49:12,1,
318,F403,Psyche-Out,,Sonic Fighter Psyche-Out,3,,,Psyche-Out v3 ,"Rich, Kenneth D.",Psy-Ops,1,,11,,,,retail,0,,0,,,,,2026-07-10 21:49:12,2026-07-10 21:49:12,1,
319,F405,Red Star,,,1,,,Red Star v1 ,"Krimov, Anatoly Fyodorovich",Commando Operations (Naval Infantry),3,,11,,,,retail,0,,0,,,,,2026-07-10 21:49:12,2026-07-10 21:49:12,1,
320,F406,Road Pig,,Sonic Fighter Road Pig,2,,,Road Pig v2 ,"DeLuca, Donald",,4,,11,,,,retail,0,,0,,,,,2026-07-10 21:49:12,2026-07-10 21:49:12,1,
321,F407,Rock 'N Roll,,Rock & Roll or Sonic Fighter Rock 'N Roll,3,,,Rock 'N Roll v3 ,"McConnel, Craig S.",Infantry,1,,11,,,,retail,0,,0,,,,,2026-07-10 21:49:12,2026-07-10 21:49:12,1,
322,F408,Sci-Fi,,,2,,,Sci-Fi v2 ,"Pine, Seymour P.",Laser Weapons Systems Operator,1,,11,,,,retail,0,,0,,,,,2026-07-10 21:49:12,2026-07-10 21:49:12,1,
323,F409,Sky Creeper,,,1,,,Sky Creeper v1 ,,,2,,11,,,,retail,0,,1,Air Commandos (Sky Creeper),,,,2026-07-10 21:49:12,2026-07-10 21:49:12,1,
324,F410,Skymate,,,1,,,Skymate v1 ,"Toner, Daniel T.",,1,,11,,,,retail,0,,1,Air Commandos (Skymate),,,,2026-07-10 21:49:12,2026-07-10 21:49:12,1,
325,F411,Sludge Viper,,,1,,,Sludge Viper v1 ,,,2,5,11,,,,retail,0,,0,,,,,2026-07-10 21:49:12,2026-07-10 21:49:12,1,
326,F412,Snake Eyes,,Snake-Eyes,4,,,Snake Eyes v4 ,Classified,Infantry,1,,11,,,,retail,0,,0,,,,,2026-07-10 21:49:12,2026-07-10 21:49:12,1,
327,F413,Snow Serpent,,,2,,,Snow Serpent v2 ,,,2,,11,,,,retail,0,,0,,,,,2026-07-10 21:49:12,2026-07-10 21:49:12,1,
328,F414,Toxo-Viper,,Eco Warrior Toxo-Viper,2,,,Toxo-Viper v2 ,,,2,5,11,,,,retail,0,,0,,,,,2026-07-10 21:49:12,2026-07-10 21:49:12,1,
329,F415,Tracker,,,1,,,Tracker v1 ,"Groen, Christopher R.",Navy S.E.A.L.,1,,11,,,,retail,0,,0,,,,,2026-07-10 21:49:12,2026-07-10 21:49:12,1,
330,F416,Zap,,Sonic Fighter Zap,2,,,Zap v2 ,"Melendez, Rafael J.",Combat Engineer,1,,11,,,,retail,0,,0,,,,,2026-07-10 21:49:12,2026-07-10 21:49:12,1,
331,F417,Ace,ACE_2,,2,,,Ace v2 ,"Armbruster, Wendall L.",Battle Copter Pilot,1,,12,,,,retail,0,,1,Battle Copter (Ace),,,,2026-07-10 21:49:12,2026-07-10 21:49:12,1,
332,F418,Air Devil,,Cobra Air Devil,1,,,Air Devil v1 ,,,2,,12,,,,retail,0,,1,Air Commandos (Cobra Air Devil),,,,2026-07-10 21:49:12,2026-07-10 21:49:12,1,
333,F419,Barbecue,,Eco Warrior Barbecue,3,,,Barbecue v3 ,"Kelly, Gabriel A.",Firefighter,1,5,12,,,,retail,0,,0,,,,,2026-07-10 21:49:12,2026-07-10 21:49:12,1,
334,F420,Barricade,,,1,,,Barricade v1 ,"Holsinger, Philip M.",Bunker Buster,1,,12,,,,retail,0,,0,,,,,2026-07-10 21:49:12,2026-07-10 21:49:12,1,
335,F421,Big Bear,,,1,,,Big Bear v1 ,"Rostoff, Grigori Ivanovich",Air Assault,3,,12,,,,retail,0,,0,,,,,2026-07-10 21:49:12,2026-07-10 21:49:12,1,
336,F422,Bullet-Proof,,D.E.F. Bullet-Proof,1,,,Bullet-Proof v1 ,"Morris, Earl S.",D.E.F. Leader,1,,12,,,,retail,0,,0,,,,,2026-07-10 21:49:12,2026-07-10 21:49:12,1,
337,F423,Cobra Commander,,Talking Cobra Commander,5,,,Cobra Commander v5 ,,,2,,12,,,,retail,0,,0,,,,,2026-07-10 21:49:12,2026-07-10 21:49:12,1,
338,F424,Cutter,,D.E.F. Cutter,2,,,Cutter v2 ,"Stone, Skip A.",Vehicle Operations Specialist,1,,12,,,,retail,0,,0,,,,,2026-07-10 21:49:12,2026-07-10 21:49:12,1,
339,F425,Deep Six,,Eco Warrior Deep Six,3,,,Deep Six v3 ,"Willoughby, Malcom R.",NEC: Master Diver,1,5,12,,,,retail,0,,0,,,,,2026-07-10 21:49:12,2026-07-10 21:49:12,1,
340,F426,Destro,,,3,,,Destro v3 ,,,2,,12,,,,retail,0,,0,,,,,2026-07-10 21:49:12,2026-07-10 21:49:12,1,
341,F427,Dice,,,1,,"""Flying Dragon"" action",Dice v1 ,,,2,6,12,,,,retail,0,,0,,,,,2026-07-10 21:49:12,2026-07-10 21:49:12,1,
342,F428,Dojo,,,1,,,Dojo v1 A,"Russo, Michael P.",Martial Arts Weapons Specialist,1,6,12,,,,retail,0,,0,,,,,2026-07-10 21:49:12,2026-07-10 21:49:12,1,
343,F430,Duke,,,3,,,Duke v3 ,"Hauser, Conrad S.",Ranger,1,,12,,,,retail,0,,0,,,,,2026-07-10 21:49:12,2026-07-10 21:49:12,1,
344,F431,Eels,,"Eel, Cobra Eel, or Cobra Eels",2,,,Eels v2 ,,Underwater Demolitions,2,,12,,,,retail,0,,0,,,,,2026-07-10 21:49:12,2026-07-10 21:49:12,1,
345,F432,Firefly,,,2,,,Firefly v2 ,Classified,Cobra Paralyzer Driver,2,,12,,,,retail,0,,0,,,,,2026-07-10 21:49:12,2026-07-10 21:49:12,1,
346,F433,Flak-Viper,,,1,,,Flak-Viper v1 ,,,2,,12,,,,retail,0,,0,,,,,2026-07-10 21:49:12,2026-07-10 21:49:12,1,
347,F434,General Flagg,,,1,,,General Flagg v1 ,"Flagg III, James Longstreet",Chief Strategic Commander,1,,12,,,,retail,0,,0,,,,,2026-07-10 21:49:12,2026-07-10 21:49:12,1,
348,F435,General Hawk,,"Hawk, General Hawk v2, or Talking Hawk",4,,,General Hawk v4 ,"Abernathy, Clayton M.",,1,,12,,,,retail,0,,0,,,,,2026-07-10 21:49:12,2026-07-10 21:49:12,1,
349,F436,Gung-Ho,,,3,,,Gung-Ho v3 ,"LaFitte, Ettiene R.",Reconnaissance,1,,12,,,,retail,0,,0,,,,,2026-07-10 21:49:12,2026-07-10 21:49:12,1,
350,F437,Headhunters,,Headhunter,1,,,Headhunters v1 ,,,2,,12,,,,retail,0,,0,,,,,2026-07-10 21:49:12,2026-07-10 21:49:12,1,
351,F438,Headman,,,1,,,Headman v1 ,,,2,,12,,,,retail,0,,0,,,,,2026-07-10 21:49:12,2026-07-10 21:49:12,1,
352,F439,Heli-Vipers,,Heli-Viper,1,,,Heli-Vipers v1 ,,,2,,12,,,,retail,0,,1,Battle Copter (Heli-Vipers),,,,2026-07-10 21:49:12,2026-07-10 21:49:12,1,
353,F440,Mutt & Junkyard,,Mutt or D.E.F. Mutt,3,,,Mutt & Junkyard v3 ,"Perlmutter, Stanley G.",K-9 Officer,1,,12,,,,retail,0,,0,,,,,2026-07-10 21:49:12,2026-07-10 21:49:12,1,
354,F441,Ninja Viper,,Cobra Ninja Viper,1,,,Ninja Viper v1 A,,,2,,12,,,,mail_in,1,Mail order,0,,Mail order,,,2026-07-10 21:49:12,2026-07-10 21:49:12,1,
355,F444,Nunchuk,,,1,,,Nunchuk v1 A,"Badducci, Ralph",Self-Defense Instructor,1,6,12,,,,retail,0,,0,,,,,2026-07-10 21:49:12,2026-07-10 21:49:12,1,
356,F446,Overkill,,Talking Overkill,1,,,Overkill v1 ,,,2,,12,,,,retail,0,,0,,,,,2026-07-10 21:49:12,2026-07-10 21:49:12,1,
357,F447,Roadblock,,,4,,,Roadblock v4 (recall),"Hinton, Marvin F.",Heavy Machine Gunner,1,,12,,,,retail,0,,0,,,,,2026-07-10 21:49:12,2026-07-10 21:49:12,1,
358,F448,Shockwave,,D.E.F. Shockwave,3,,,Shockwave v3 ,"Faria, Jason A.",Special Weapons and Tactics,1,,12,,,,retail,0,,0,,,,,2026-07-10 21:49:12,2026-07-10 21:49:12,1,
359,F449,Shortfuse,,Moondancer or Short-Fuze ,,,,Shortfuse (convention),,,1,,12,,,,convention,0,1992 Convention,0,,1992 Convention,,,2026-07-10 21:49:12,2026-07-10 21:49:12,1,
360,F450,Slice,,,1,,,Slice v1 A,,,2,6,12,,,,retail,0,,0,,,,,2026-07-10 21:49:12,2026-07-10 21:49:12,1,
361,F452,Snake Eyes,,Stalker,,,,Snake Eyes (convention),,,1,,12,,,,convention,0,1992 Convention,0,,1992 Convention,,,2026-07-10 21:49:12,2026-07-10 21:49:12,1,
362,F453,Spirit ,,Air Commando Spirit,3,,,Spirit  v3 ,"Iron-Knife, Charlie NMI",Infantry Tracker,1,,12,,,,retail,0,,1,Air Commandos (Spirit),,,,2026-07-10 21:49:12,2026-07-10 21:49:12,1,
363,F454,Stalker,,Talking Stalker,3,,,Stalker v3 ,"Wilkinson, Lonzo R.",Infantry,1,,12,,,,retail,0,,0,,,,,2026-07-10 21:49:12,2026-07-10 21:49:12,1,
364,F455,Steel Brigade,,Steel Brigade [Version 2] or Gold Head Steel Brigade,2,,"Dark blue arms & legs, gold helmet, Duke v1 chest, Airborne v1 legs",Steel Brigade v2 ,,,1,,12,,,,mail_in,1,Mail order,0,,Mail order,,,2026-07-10 21:49:12,2026-07-10 21:49:12,1,
365,F456,Storm Shadow,,Ninja Force Storm Shadow,3,,,Storm Shadow v3 A,"Arashikage, Thomas S.",Covert Operations,1,6,12,,,,retail,0,,0,,,,,2026-07-10 21:49:12,2026-07-10 21:49:12,1,
366,F458,T'Jbang,,,1,,"""Silent Backslash"" action",T'Jbang v1 ,"LaQuale, Sam",Martial Arts Swordsman,1,6,12,,,,retail,0,,0,,,,,2026-07-10 21:49:12,2026-07-10 21:49:12,1,
367,F459,Toxo-Zombie,,,1,,,Toxo-Zombie v1 ,,,2,5,12,,,,retail,0,,0,,,,,2026-07-10 21:49:12,2026-07-10 21:49:12,1,
368,F460,Tripwire,,Blades ,,,,Tripwire (convention),,,1,,12,,,,convention,0,1992 Convention,0,,1992 Convention,,,2026-07-10 21:49:12,2026-07-10 21:49:12,1,
369,F461,Undercover Scarlett,,Scarlett or Quarrel ,,,,Undercover Scarlett (convention),,,1,,12,,,,convention,0,1992 Convention,0,,1992 Convention,,,2026-07-10 21:49:12,2026-07-10 21:49:12,1,
370,F462,Wet-Suit,,,3,,,Wet-Suit v3 ,"Forrest, Brian M.",UDT (Underwater Demolitions),1,,12,,,,retail,0,,0,,,,,2026-07-10 21:49:12,2026-07-10 21:49:12,1,
371,F463,Wild Bill,,,2,,,Wild Bill v2 ,"Hardy, William S.",Air Cavalry Scout,1,,12,,,,retail,0,,0,,,,,2026-07-10 21:49:12,2026-07-10 21:49:12,1,
372,F464,Ace,ACE_1,,3,,,Ace v3 ,"Armbruster, Brad J.",Fixed Wing Pilot,1,10,13,,,,retail,0,,1,Ghoststriker X-16,,,,2026-07-10 21:49:12,2026-07-10 21:49:12,1,
373,F465,Alley Viper,,,2,,,Alley Viper v2 ,,Urban Assault Trooper,2,10,13,,,,retail,0,,0,,,,,2026-07-10 21:49:12,2026-07-10 21:49:12,1,
374,F466,Ambush,,Dino Hunter Ambush,2,,,Ambush v2 ,"McMahon, Aaron",Camouflage Specialist,1,,13,,,,retail,0,Toys R Us,1,Dino-Hunter Mission Playset,Toys R Us exclusive,,,2026-07-10 21:49:12,2026-07-10 21:49:12,1,
375,F467,Astro Viper,,Astro-Viper or Star Brigade Astro Viper,2,,,Astro Viper v2,,,2,9,13,,,,retail,0,,0,,,,,2026-07-10 21:49:12,2026-07-10 21:49:12,1,
376,F468,B.A.A.T.,,Cobra B.A.A.T. or Armor-Tech B.A.A.T.,1,,,B.A.A.T. v1 ,,,2,,13,,,,retail,0,,0,,,,,2026-07-10 21:49:12,2026-07-10 21:49:12,1,
377,F469,Backblast,,,2,,,Backblast v2 A,"Menninger, Edward J.",Air Defense Artillery,1,10,13,,,,retail,0,,0,,,,,2026-07-10 21:49:12,2026-07-10 21:49:12,1,
378,F471,Balrog,,,1,,,Balrog v1 ,,,2,,13,,,,retail,0,,0,,,,,2026-07-10 21:49:12,2026-07-10 21:49:12,1,
379,F472,Banzai,,,1,,"""Suzushi Slam"" action",Banzai v1 ,"Traavano, Robert J.",First-Strike Commando,1,6,13,,,,retail,0,,0,,,,,2026-07-10 21:49:12,2026-07-10 21:49:12,1,
380,F473,Barricade,,,2,,,Barricade v2 ,"Holsinger, Philip M.",Bunker Buster,1,10,13,,,,retail,0,,0,,,,,2026-07-10 21:49:12,2026-07-10 21:49:12,1,
381,F474,Bazooka,,,3,,,Bazooka v3 ,"Katzenbogen, David L.",Heavy Weapons Specialist,1,10,13,,,,retail,0,,0,,,,,2026-07-10 21:49:12,2026-07-10 21:49:12,1,
382,F475,Beach-Head,,Beach Head,2,,,Beach-Head v2 ,"Sneeden, Wayne R.",Small Arms Armorer,1,10,13,,,,retail,0,,0,,,,,2026-07-10 21:49:12,2026-07-10 21:49:12,1,
383,F476,Big Bear,,,2,,,Big Bear v2 ,"Rostoff, Grigori Ivanovich",Air Assault,3,,13,,,,mail_in,1,Mail order,0,,Mail order,,,2026-07-10 21:49:12,2026-07-10 21:49:12,1,
384,F477,Big Ben,,,2,,,Big Ben v2 ,"Bennet, David J.",Infantry,1,,13,,,,mail_in,1,Mail order,0,,Mail order,,,2026-07-10 21:49:12,2026-07-10 21:49:12,1,
385,F478,Bio-Vipers,,Bio-Viper,1,,,Bio-Vipers v1 ,,Bio-Genetic Mega-Marine Hunters,2,,13,,,,retail,0,,0,,,,,2026-07-10 21:49:12,2026-07-10 21:49:12,1,
386,F479,Blanka,,,1,,,Blanka v1 ,,,1,,13,,,,retail,0,,0,,,,,2026-07-10 21:49:12,2026-07-10 21:49:12,1,
387,F480,Blanka,,Championship Edition Blanka,2,,,Blanka v2 ,,,1,,13,,,,retail,0,,1,Beast Blaster,,,,2026-07-10 21:49:12,2026-07-10 21:49:12,1,
388,F481,Blast-Off,,,1,,,Blast-Off v1 ,"Thompson, Jeffrey D.",Flame Thrower,1,,13,,,,retail,0,,0,,,,,2026-07-10 21:49:12,2026-07-10 21:49:12,1,
389,F482,Budo,,,2,,,Budo v2 ,"Jesso, Kyle A.",Infantry,1,,13,,,,mail_in,1,Mail order,0,,Mail order,,,2026-07-10 21:49:12,2026-07-10 21:49:12,1,
390,F483,Bullet-Proof,,,2,,,Bullet-Proof v2 ,"Morris, Earl S.",Battle Corps Leader,1,10,13,,,,retail,0,,0,,,,,2026-07-10 21:49:12,2026-07-10 21:49:12,1,
391,F484,Bushido,,,1,,,Bushido v1 ,"Goldfine, Lloyd S.",Cold Weather Specialist,1,6,13,,,,retail,0,,0,,,,,2026-07-10 21:49:12,2026-07-10 21:49:12,1,
392,F485,Chun Li,,,1,,,Chun Li v1 ,,,1,,13,,,,retail,0,,0,,,,,2026-07-10 21:49:12,2026-07-10 21:49:12,1,
393,F486,Chun Li,,Championship Edition Chun Li,2,,,Chun Li v2 ,,,1,,13,,,,retail,0,,1,Beast Blaster,,,,2026-07-10 21:49:12,2026-07-10 21:49:12,1,
394,F487,Clutch,,Mega Marine Clutch,3,,,Clutch v3 A,"Steinberg, Lance J.",Transportation Engineer,1,,13,,,,retail,0,,0,,,,,2026-07-10 21:49:12,2026-07-10 21:49:12,1,
395,F489,Cobra Commander,,,6,,,Cobra Commander v6 ,,,2,10,13,,,,retail,0,,0,,,,,2026-07-10 21:49:12,2026-07-10 21:49:12,1,
396,F490,Colonel Courage,,,1,,,Colonel Courage v1 ,"Mewett, Cliff V.",Administrative Strategist,1,10,13,,,,retail,0,,0,,,,,2026-07-10 21:49:12,2026-07-10 21:49:12,1,
397,F491,Countdown,,Star Brigade Countdown,2,,,Countdown v2 ,"Dubosky, David D.",Astronaut/Fighter Pilot,1,9,13,,,,retail,0,,0,,,,,2026-07-10 21:49:12,2026-07-10 21:49:12,1,
398,F492,Crimson Guard Commander,,,1,,,Crimson Guard Commander v1 ,,,2,10,13,,,,retail,0,,0,,,,,2026-07-10 21:49:12,2026-07-10 21:49:12,1,
399,F493,Cross-Country,,,2,,,Cross-Country v2 ,"Blais, Robert M.",Battle Wagon Driver,2,10,13,,,,retail,0,,0,,,,,2026-07-10 21:49:12,2026-07-10 21:49:12,1,
400,F494,Cutter,,,3,,,Cutter v3 ,"Stone, Skip A.",Vehicle Operations Specialist,1,10,13,,,,retail,0,,1,Shark 9000,,,,2026-07-10 21:49:12,2026-07-10 21:49:12,1,
401,F495,Cyber-Vipers,,Cyber-Viper,1,,,Cyber-Vipers v1 ,,Cybernetic Operations,2,,13,,,,retail,0,,0,,,,,2026-07-10 21:49:12,2026-07-10 21:49:12,1,
402,F496,Dee-Jay,,Arctic Commando Dee-Jay,2,,,Dee-Jay v2 ,"Rossi III, Thomas R.",Radio Telephone Operator,1,,13,,,,mail_in,1,Mail order,0,,Mail order,,,2026-07-10 21:49:12,2026-07-10 21:49:12,1,
403,F497,Deep Six,,,4,,,Deep Six v4 ,"Willoughby, Malcom R.",NEC: Master Diver,1,,13,,,,mail_in,1,Mail order,0,,Mail order,,,2026-07-10 21:49:12,2026-07-10 21:49:12,1,
404,F498,Destro,,Armor-Tech Destro,4,,,Destro v4 ,James McCullen Destro,Cyber Tech Weapons Dealer,2,,13,,,,retail,0,,0,,,,,2026-07-10 21:49:12,2026-07-10 21:49:12,1,
405,F499,Dhalsim,,,1,,"""Fire Fist"" action",Dhalsim v1 ,,,1,,13,,,,retail,0,,0,,,,,2026-07-10 21:49:12,2026-07-10 21:49:12,1,
406,F500,Dr. Mindbender,,,2,,,Dr. Mindbender v2 ,,,2,10,13,,,,retail,0,,0,,,,,2026-07-10 21:49:12,2026-07-10 21:49:12,1,
407,F501,Duke,,,4,,,Duke v4 ,"Hauser, Conrad S.",Ranger,1,10,13,,,,retail,0,,0,,,,,2026-07-10 21:49:12,2026-07-10 21:49:12,1,
408,F502,Duke,,Armor-Tech Duke,5,,,Duke v5 ,"Hauser, Conrad S.",Ranger,1,,13,,,,retail,0,,0,,,,,2026-07-10 21:49:12,2026-07-10 21:49:12,1,
409,F503,Edmond Honda,,,1,,"""Hundred Hand Slap"" action",Edmond Honda v1 ,,,1,,13,,,,retail,0,,0,,,,,2026-07-10 21:49:12,2026-07-10 21:49:12,1,
410,F504,Eel,,"Eels, Cobra Eel, or Cobra Eels",3,,,Eel v3 ,,Underwater Demolitions,2,10,13,,,,retail,0,,0,,,,,2026-07-10 21:49:12,2026-07-10 21:49:12,1,
411,F505,Firefly,,,3,,,Firefly v3 ,Classified,Saboteur,2,10,13,,,,retail,0,,0,,,,,2026-07-10 21:49:12,2026-07-10 21:49:12,1,
412,F506,Flak-Viper,,Cobra Flak-Viper,2,,,Flak-Viper v2 ,,Anti-Tank Trooper,2,10,13,,,,retail,0,,0,,,,,2026-07-10 21:49:12,2026-07-10 21:49:12,1,
413,F507,Frostbite,,,3,,,Frostbite v3 ,"Seward, Farley S.",Arctic Special Operations,1,10,13,,,,retail,0,,0,,,,,2026-07-10 21:49:12,2026-07-10 21:49:12,1,
414,F508,General Flagg,,,2,,,General Flagg v2 ,"Flagg III, James L.",Chief Strategic Commander,1,10,13,,,,retail,0,,0,,,,,2026-07-10 21:49:12,2026-07-10 21:49:12,1,
415,F509,General Hawk,,Hawk or General Hawk v3,5,,,General Hawk v5 ,"Abernathy, Clayton M.",,1,,13,,,,mail_in,1,Mail order,0,,Mail order,,,2026-07-10 21:49:12,2026-07-10 21:49:12,1,
416,F510,General Hawk,,"Hawk, General Hawk v4, or Armor-Tech Hawk",6,,,General Hawk v6 ,"Abernathy, Clayton M.",Strategic Command Operations,1,,13,,,,retail,0,,1,Armor-Bot,,,,2026-07-10 21:49:12,2026-07-10 21:49:12,1,
417,F511,Gristle,,,1,,,Gristle v1 ,"Rogers, Danimal J.",,2,,13,,,,retail,0,,0,,,,,2026-07-10 21:49:12,2026-07-10 21:49:12,1,
418,F512,Guile,,,1,,,Guile v1 ,,,1,,13,,,,retail,0,,0,,,,,2026-07-10 21:49:12,2026-07-10 21:49:12,1,
419,F513,Guile,,Championship Edition Guile,2,,,Guile v2 ,,,1,,13,,,,retail,0,,1,Sonic Boom Tank,,,,2026-07-10 21:49:12,2026-07-10 21:49:12,1,
420,F514,Gung-Ho,,,4,,,Gung-Ho v4 ,"LaFitte, Ettiene R.",Reconnaissance,1,10,13,,,,retail,0,,0,,,,,2026-07-10 21:49:12,2026-07-10 21:49:12,1,
421,F515,Gung-Ho,,Mega Marine Gung-Ho,5,,,Gung-Ho v5 ,"LaFitte, Ettiene R.",Bio-Military Expert,1,,13,,,,retail,0,,0,,,,,2026-07-10 21:49:12,2026-07-10 21:49:12,1,
422,F516,H.E.A.T. Viper,,,2,,,H.E.A.T. Viper v2 ,,Anti-Tank Trooper,2,10,13,,,,retail,0,,0,,,,,2026-07-10 21:49:12,2026-07-10 21:49:12,1,
423,F517,Headhunter Stormtroopers,,Headhunter Stormtrooper,1,,,Headhunter Stormtroopers v1 ,,,2,,13,,,,retail,0,,0,,,,,2026-07-10 21:49:12,2026-07-10 21:49:12,1,
424,F518,Headhunters,,Headhunter,2,,,Headhunters v2 ,,,2,,13,,,,retail,0,,0,,,,,2026-07-10 21:49:12,2026-07-10 21:49:12,1,
425,F519,Heavy Duty,,Armor-Tech Heavy Duty,2,,,Heavy Duty v2 ,"Morris, Lemont A.",Heavy Anti-Armor Weapons,1,,13,,,,retail,0,,0,,,,,2026-07-10 21:49:12,2026-07-10 21:49:12,1,
426,F520,Iceberg,,,2,,,Iceberg v2 ,"Nash, Clifton L.",Cold Weather Survival Instructor,1,10,13,,,,retail,0,,0,,,,,2026-07-10 21:49:12,2026-07-10 21:49:12,1,
427,F521,Interrogator,,,2,,,Interrogator v2 ,,,2,,13,,,,mail_in,1,Mail order,0,,Mail order,,,2026-07-10 21:49:12,2026-07-10 21:49:12,1,
428,F522,Jinx,,Cobra Infiltrate Jinx or Undercover Jinx,2,,,Jinx v2 A,,,2,,15,,,,convention,0,1993 G.I. Joe Convention,0,,1993 G.I. Joe Convention,,,2026-07-10 21:49:12,2026-07-10 21:49:12,1,
429,F524,Keel-Haul,,,2,,,Keel-Haul v2 A,"Colby, Everett P.",Naval Command General Staff,1,10,13,,,,retail,0,,0,,,,,2026-07-10 21:49:12,2026-07-10 21:49:12,1,
430,F526,Ken Masters,,,1,,,Ken Masters v1 ,,,1,,13,,,,retail,0,,0,,,,,2026-07-10 21:49:12,2026-07-10 21:49:12,1,
431,F527,Ken Masters,,Championship Edition Ken Masters,2,,,Ken Masters v2 ,,,1,,13,,,,retail,0,,1,Dragon Fortress,,,,2026-07-10 21:49:12,2026-07-10 21:49:12,1,
432,F528,Law,,Law & Order,3,,,Law v3 ,"Lavigne, Christopher M.",Military Policeman,1,10,13,,,,retail,0,,0,,,,,2026-07-10 21:49:12,2026-07-10 21:49:12,1,
433,F529,Leatherneck,,,3,,,Leatherneck v3 ,"Metzger, Wendell A.",Marine Drill Sergeant,1,10,13,,,,retail,0,,0,,,,,2026-07-10 21:49:12,2026-07-10 21:49:12,1,
434,F530,Long Arm,,,1,,,Long Arm v1 ,"Mangiaratti, Thomas P.",Initial Assault,1,10,13,,,,retail,0,,0,,,,,2026-07-10 21:49:12,2026-07-10 21:49:12,1,
435,F531,Low-Light,,Dino Hunter Low-Light,4,,,Low-Light v4 ,"MacBride, Cooper G.",Night Spotter,1,,13,,,,retail,0,Toys R Us,1,Dino-Hunter Mission Playset,Toys R Us exclusive,,,2026-07-10 21:49:12,2026-07-10 21:49:12,1,
436,F532,M. Bison,,,1,,,M. Bison v1 A,,,2,,13,,,,retail,0,,0,,,,,2026-07-10 21:49:12,2026-07-10 21:49:12,1,
437,F534,M. Bison,,Championship Edition M. Bison,2,,,M. Bison v2 A,,,2,,13,,,,retail,0,,1,Crimson Cruiser,,,,2026-07-10 21:49:12,2026-07-10 21:49:12,1,
438,F536,Mace,,,1,,,Mace v1 ,"Bowman, Thomas S.",Undercover Surveillance,1,10,13,,,,retail,0,,0,,,,,2026-07-10 21:49:12,2026-07-10 21:49:12,1,
439,F537,Major Altitude,,,2,,,Major Altitude v2 ,"Owens, Robert D.",,1,,13,,,,mail_in,1,Mail order,0,,Mail order,,,2026-07-10 21:49:12,2026-07-10 21:49:12,1,
440,F538,Mega-Vipers,,Mega-Viper,1,,,Mega-Vipers v1 ,,Mega-Monster Trainers/Handlers,2,,13,,,,retail,0,,0,,,,,2026-07-10 21:49:12,2026-07-10 21:49:12,1,
441,F539,Mirage,,Mega Marine Mirage,1,,,Mirage v1 ,"Balkun, Joseph H.",Rocket-Fire Assaults,1,,13,,,,retail,0,,0,,,,,2026-07-10 21:49:12,2026-07-10 21:49:12,1,
442,F540,Monstro-Vipers,,Monstro-Viper,1,,,Monstro-Vipers v1 ,,Bio-Genetic Mega-Marine Hunters,2,,13,,,,retail,0,,0,,,,,2026-07-10 21:49:12,2026-07-10 21:49:12,1,
443,F541,Muskrat,,,3,,,Muskrat v3 ,"Williams, Ross A.",Infantry,1,10,13,,,,retail,0,,0,,,,,2026-07-10 21:49:12,2026-07-10 21:49:12,1,
444,F542,Mutt & Junkyard,,Mutt,4,,,Mutt & Junkyard v4 ,"Perlmutter, Stanley G.",K-9 Officer,1,10,13,,,,retail,0,,0,,,,,2026-07-10 21:49:12,2026-07-10 21:49:12,1,
445,F543,"Name Your Own ""Create a Cobra""",,Create-a-Cobra,1,,,"Name Your Own ""Create a Cobra"" v1 ",,Intelligence,2,,13,,,,mail_in,1,Mail order,0,,Mail order,,,2026-07-10 21:49:12,2026-07-10 21:49:12,1,
446,F544,Night Creeper,,Night-Creeper or Ninja Force Night Creeper,2,,"""Banzai Bash"" action",Night Creeper v2 ,,Field Intelligence,2,6,13,,,,retail,0,,0,,,,,2026-07-10 21:49:12,2026-07-10 21:49:12,1,
447,F545,Night Creeper Leader,,Cobra Night Creeper Leader,1,,,Night Creeper Leader v1 ,,,2,10,13,,,,retail,0,,0,,,,,2026-07-10 21:49:12,2026-07-10 21:49:12,1,
448,F546,Nitro-Viper,,,1,,,Nitro-Viper v1 ,,DETONATOR Driver,2,10,13,,,,retail,0,,1,Detonator,,,,2026-07-10 21:49:12,2026-07-10 21:49:12,1,
449,F547,Outback,,Eco Warrior Outback,3,,,Outback v3 ,"Selkirk, Stuart R.",Infantry,1,10,13,,,,retail,0,,0,,,,,2026-07-10 21:49:12,2026-07-10 21:49:12,1,
450,F548,Outback,,,4,,,Outback v4 ,"Selkirk, Stuart R.",Infantry,1,10,13,,,,retail,0,,0,,,,,2026-07-10 21:49:12,2026-07-10 21:49:12,1,
451,F549,Ozone,,Star Brigade Ozone,2,,,Ozone v2 ,"Kunitz, David P.",Environmental Health Specialist,1,9,13,,,,retail,0,,0,,,,,2026-07-10 21:49:12,2026-07-10 21:49:12,1,
452,F550,Ozone,,Star Brigade Ozone,3,,,Ozone v3 ,"Kunitz, David P.",Environmental Health Specialist,1,9,13,,,,retail,0,,0,,,,,2026-07-10 21:49:12,2026-07-10 21:49:12,1,
453,F551,Payload,,Star Brigade Payload,3,,,Payload v3 ,"Morgan, Mark Jr.",Space Shuttle Astronaut,1,9,13,,,,retail,0,,0,,,,,2026-07-10 21:49:12,2026-07-10 21:49:12,1,
454,F552,Red Ninjas,,Red Ninja,1,,"""Shogun Slice"" action",Red Ninjas v1 ,,Battle Ax Vehicle Operators,2,6,13,,,,retail,0,,1,Ninja Raider Battle Ax,,,,2026-07-10 21:49:12,2026-07-10 21:49:12,1,
455,F554,Roadblock,,,5,,,Roadblock v5 ,"Hinton, Marvin F.",Heavy Machine Gunner,1,10,13,,,,retail,0,,0,,,,,2026-07-10 21:49:12,2026-07-10 21:49:12,1,
456,F555,Roadblock,,Star Brigade Roadblock,6,,,Roadblock v6 ,"Hinton, Marvin F.",Heavy Machine Gunner,1,9,13,,,,retail,0,,0,,,,,2026-07-10 21:49:12,2026-07-10 21:49:12,1,
457,F556,Robo-J.O.E.,,Robo-JOE,1,,,Robo-J.O.E. v1 ,"Scott, Greg D.",Criminal Termination,1,,13,,,,retail,0,,0,,,,,2026-07-10 21:49:12,2026-07-10 21:49:12,1,
458,F557,Rock 'N Roll,,Armor-Tech Rock 'N Roll,4,,,Rock 'N Roll v4 ,"McConnel, Craig S.",Cybernetic Heavy Weapons Specialist,1,,13,,,,retail,0,,0,,,,,2026-07-10 21:49:12,2026-07-10 21:49:12,1,
459,F558,Ryu,,,1,,"""Dragon Punch"" action",Ryu v1 ,,,1,,13,,,,retail,0,,0,,,,,2026-07-10 21:49:12,2026-07-10 21:49:12,1,
460,F559,Ryu,,Championship Edition Ryu,2,,"""Dragon Punch"" action",Ryu v2 ,,,1,,13,,,,retail,0,,1,Dragon Fortress,,,,2026-07-10 21:49:12,2026-07-10 21:49:12,1,
461,F560,Sagat,,,1,,"""Tai Chop"" action",Sagat v1 ,,,2,,13,,,,retail,0,,0,,,,,2026-07-10 21:49:12,2026-07-10 21:49:12,1,
462,F561,Scarlett,,Ninja Force Scarlett,2,,,Scarlett v2 A,"O'Hara, Shana M.",Counter Intelligence,1,6,13,,,,retail,0,,0,,,,,2026-07-10 21:49:12,2026-07-10 21:49:12,1,
463,F563,Sci-Fi,,Star Brigade Sci-Fi,3,,,Sci-Fi v3 ,"Pine, Seymour P.",Laser Weapons Systems Operator,1,9,13,,,,retail,0,,1,Starfighter,,,,2026-07-10 21:49:12,2026-07-10 21:49:12,1,
464,F564,Slice,,Ninja Force Slice,2,,"""Scorpion Slash"" action",Slice v2 ,,Cobra Ninja Swordsman,2,6,13,,,,retail,0,,0,,,,,2026-07-10 21:49:12,2026-07-10 21:49:12,1,
465,F565,Snake-Eyes,,Snake Eyes or Ninja Force Snake -Eyes,5,,"""Basami Slice"" action",Snake-Eyes v5 ,Classified,Infantry,1,6,13,,,,retail,0,,0,,,,,2026-07-10 21:49:12,2026-07-10 21:49:12,1,
466,F566,Snow Serpent,,Arctic Commando Snow Serpent,3,,,Snow Serpent v3 ,,,2,,13,,,,mail_in,1,Mail order,0,,Mail order,,,2026-07-10 21:49:12,2026-07-10 21:49:12,1,
467,F567,Snow Storm,,Eco Warrior Snow Storm,1,,,Snow Storm v1 ,"Suarez, Guillermo",Arctic Warfare,1,10,13,,,,retail,0,,0,,,,,2026-07-10 21:49:12,2026-07-10 21:49:12,1,
468,F568,Snow Storm,,,2,,,Snow Storm v2 ,"Suarez, Guillermo",Arctic Warfare,1,10,13,,,,retail,0,,0,,,,,2026-07-10 21:49:12,2026-07-10 21:49:12,1,
469,F569,Spirit ,,,4,,,Spirit  v4 ,"Iron-Knife, Charlie",Infantry,1,,13,,,,mail_in,1,Mail order,0,,Mail order,,,2026-07-10 21:49:12,2026-07-10 21:49:12,1,
470,F570,Stalker,,Arctic Commando Stalker,4,,,Stalker v4 ,"Wilkinson, Lonzo R.",Infantry,1,,13,,,,mail_in,1,Mail order,0,,Mail order,,,2026-07-10 21:49:12,2026-07-10 21:49:12,1,
471,F571,Sub-Zero,,Arctic Commando Sub-Zero,2,,,Sub-Zero v2 ,"Habershaw, Mark",Winter Operations Specialist,1,,13,,,,mail_in,1,Mail order,0,,Mail order,,,2026-07-10 21:49:12,2026-07-10 21:49:12,1,
472,F572,T.A.R.G.A.T. ,,Star Brigade T.A.R.G.A.T.,2,,,T.A.R.G.A.T.  V2,,,2,9,13,,,,retail,0,,0,,,,,2026-07-10 21:49:12,2026-07-10 21:49:12,1,
473,F573,T'Gin-Zu,,,1,,"""Sampai Shave"" action",T'Gin-Zu v1 ,"Rainone, Joseph R.",Pile Driver Vehicle Operator,1,6,13,,,,retail,0,,1,Ninja Raider Pile Driver,,,,2026-07-10 21:49:12,2026-07-10 21:49:12,1,
474,F574,Vega,,,1,,"""Matador Mash"" action",Vega v1 ,,,2,,13,,,,retail,0,,0,,,,,2026-07-10 21:49:12,2026-07-10 21:49:12,1,
475,F575,Wet-Suit,,,4,,,Wet-Suit v4 ,"Forrest, Brian M.",S.E.A.L.,1,10,13,,,,retail,0,,0,,,,,2026-07-10 21:49:12,2026-07-10 21:49:12,1,
476,F576,Wild Bill,,,3,,,Wild Bill v3 ,"Hardy, William S.",Aero-Scout,1,10,13,,,,retail,0,,0,,,,,2026-07-10 21:49:12,2026-07-10 21:49:12,1,
477,F577,Zangief,,,1,,,Zangief v1 ,,,1,,13,,,,retail,0,,0,,,,,2026-07-10 21:49:12,2026-07-10 21:49:12,1,
478,F578,Zartan,,Ninja Force Zartan,2,,"""Moroto Chop"" action",Zartan v2 ,,Master of Disguise,4,6,13,,,,retail,0,,0,,,,,2026-07-10 21:49:12,2026-07-10 21:49:12,1,
479,F579,Action Marine,,,1,,,Action Marine v1 ,,,1,,14,,,,retail,0,,0,,,,,2026-07-10 21:49:12,2026-07-10 21:49:12,1,
480,F580,Action Pilot,,,1,,,Action Pilot v1 ,,,1,,14,,,,retail,0,,0,,,,,2026-07-10 21:49:12,2026-07-10 21:49:12,1,
481,F581,Action Pilot,,,2,,,Action Pilot v2 ,,,1,,14,,,,retail,0,,0,,,,,2026-07-10 21:49:12,2026-07-10 21:49:12,1,
482,F582,Action Pilot Astronaut,,,1,,,Action Pilot Astronaut v1 ,,,1,,14,,,,retail,0,,1,Action Space Capsule,,,,2026-07-10 21:49:12,2026-07-10 21:49:12,1,
483,F583,Action Sailor,,,1,,,Action Sailor v1 ,,,1,,14,,,,retail,0,,0,,,,,2026-07-10 21:49:12,2026-07-10 21:49:12,1,
484,F584,Action Sailor,,,2,,,Action Sailor v2 ,,,1,,14,,,,retail,0,,0,,,,,2026-07-10 21:49:12,2026-07-10 21:49:12,1,
485,F585,Action Soldier,,,1,,,Action Soldier v1 ,,,1,,14,,,,retail,0,,0,,,,,2026-07-10 21:49:12,2026-07-10 21:49:12,1,
486,F586,Alley Viper,,,3,,,Alley Viper v3,,Urban Assault Trooper,2,10,14,,,,retail,0,,0,,,,,2026-07-10 21:49:12,2026-07-10 21:49:12,1,
487,F587,Beach-Head,,Beach Head,3,,,Beach-Head v3,"Sneeden, Wayne R.",Small Arms Armorer,1,10,14,,,,retail,0,,0,,,,,2026-07-10 21:49:12,2026-07-10 21:49:12,1,
488,F588,Blackstar,,Cobra Blackstar,1,,,Blackstar v1 ,,Elite Space Pilot,2,9,14,,,,retail,0,,0,,,,,2026-07-10 21:49:12,2026-07-10 21:49:12,1,
489,F589,Bushido,,,2,,"""Teisho Punch"" action",Bushido v2 ,"Goldfine, Lloyd S.",Cold Weather Specialist,1,,14,,,,retail,0,,0,,,,,2026-07-10 21:49:12,2026-07-10 21:49:12,1,
490,F590,Carcass,,,1,,,Carcass v1 A,,Mercenary Hunter,2,9,14,,,,retail,0,,0,,,,,2026-07-10 21:49:12,2026-07-10 21:49:12,1,
491,F591,Cobra Commander,,Star Brigade Cobra Commander,7,,,Cobra Commander v7 ,Classified,,2,9,14,,,,retail,0,,0,,,,,2026-07-10 21:49:12,2026-07-10 21:49:12,1,
492,F592,Countdown,,Star Brigade Countdown,3,,,Countdown v3 ,"Dubosky, David D.",Astronaut/Fighter Pilot,1,9,14,,,,retail,0,,0,,,,,2026-07-10 21:49:12,2026-07-10 21:49:12,1,
493,F593,Dial-Tone,,,4,,,Dial-Tone v4,"Morelli, Jack S.",Radio Telecommunications,1,10,14,,,,retail,0,,0,,,,,2026-07-10 21:49:12,2026-07-10 21:49:12,1,
494,F594,Duke,,Star Brigade Duke,6,,,Duke v6 ,"Hauser, Conrad S.",Battle Commander,1,9,14,,,,retail,0,,0,,,,,2026-07-10 21:49:12,2026-07-10 21:49:12,1,
495,F595,Effects,,,1,,,Effects v1 ,"Beck, Aron",Explosives/Munitions Ordnance,1,9,14,,,,retail,0,,0,,,,,2026-07-10 21:49:12,2026-07-10 21:49:12,1,
496,F596,Fighter Pilot,,,1,,,Fighter Pilot v1 ,,,1,,14,,,,convention,0,1994 G.I. Joe Convention,0,,1994 G.I. Joe Convention,,,2026-07-10 21:49:12,2026-07-10 21:49:12,1,
497,F597,Flint,,,4,,,Flint v4 A,"Fairborne, Dashiell R.",Paratrooper Operations,1,10,14,,,,retail,0,,0,,,,,2026-07-10 21:49:12,2026-07-10 21:49:12,1,
498,F598,G.I. Joe,,Green Beret ,1,,,G.I. Joe v1 ,"Colton, Joseph B.",G.I. Joe X-O (Executive Officer),1,,14,,,,mail_in,1,Mail order,0,,Mail order,,,2026-07-10 21:49:12,2026-07-10 21:49:12,1,
499,F599,Gears,,,1,,,Gears v1 ,"Morrone, Joseph A.",Chief Engineer (Special Projects),1,,14,,,,retail,0,,1,Power Fighter (Gears),,,,2026-07-10 21:49:12,2026-07-10 21:49:12,1,
500,F600,Ice Cream Soldier,,,1,,,Ice Cream Soldier v1,"Ragan, Tom-Henry",Fire Operations Expert,1,10,14,,,,retail,0,,0,,,,,2026-07-10 21:49:12,2026-07-10 21:49:12,1,
501,F601,Lifeline,,,4,,,Lifeline v4 A,"Steen, Edwin C.",Medic,1,10,14,,,,retail,0,,0,,,,,2026-07-10 21:49:12,2026-07-10 21:49:12,1,
502,F604,Lobotomaxx,,,1,,,Lobotomaxx v1 A,,Bounty Hunter,2,9,14,,,,retail,0,,0,,,,,2026-07-10 21:49:12,2026-07-10 21:49:12,1,
503,F605,Major Bludd,,,3,,,Major Bludd v3,"Bludd, Sebastian",Terrorist,2,10,14,,,,retail,0,,0,,,,,2026-07-10 21:49:12,2026-07-10 21:49:12,1,
504,F606,Metal-Head,,,2,,,Metal-Head v2 ,"Finlay, Stuart A.",Tank Destruction,2,10,14,,,,retail,0,,0,,,,,2026-07-10 21:49:12,2026-07-10 21:49:12,1,
505,F607,Night Creeper,,Night-Creeper or Shadow Ninja Night Creeper,3,,"""Creeper Chop"" action",Night Creeper v3 ,,Field Intelligence,2,,14,,,,retail,0,,0,,,,,2026-07-10 21:49:12,2026-07-10 21:49:12,1,
506,F608,Night Creeper Leader,,,2,,,Night Creeper Leader v2,,,2,10,14,,,,retail,0,,0,,,,,2026-07-10 21:49:12,2026-07-10 21:49:12,1,
507,F609,Nunchuk,,Shadow Ninja Nunchuk,2,,"""Samurai Smash"" action",Nunchuk v2 ,"Badducci, Ralph",Self-Defense Instructor,1,,14,,,,retail,0,,0,,,,,2026-07-10 21:49:12,2026-07-10 21:49:12,1,
508,F610,Ozone,,Star Brigade Ozone,4,,,Ozone v4 ,"Kunitz, David F.",Enviromental Health,1,9,14,,,,retail,0,,0,,,,,2026-07-10 21:49:12,2026-07-10 21:49:12,1,
509,F611,Payload,,Star Brigade Payload,4,,,Payload v4 ,"Morgan, Mark Jr.",Space Shuttle Astronaut,1,9,14,,,,retail,0,,0,,,,,2026-07-10 21:49:12,2026-07-10 21:49:12,1,
510,F612,Payload,,Star Brigade Payload,5,,,Payload v5 ,"Morgan, Mark Jr.",Space Shuttle Astronaut,1,9,14,,,,retail,0,,0,,,,,2026-07-10 21:49:12,2026-07-10 21:49:12,1,
511,F613,Predacon,,,1,,,Predacon v1 A,,Alien Tracking,2,9,14,,,,retail,0,,0,,,,,2026-07-10 21:49:12,2026-07-10 21:49:12,1,
512,F614,Roadblock,,Star Brigade Roadblock,7,,,Roadblock v7 A,"Hinton, Marvin F.",Heavy Machine Gunner,1,9,14,,,,retail,0,,0,,,,,2026-07-10 21:49:12,2026-07-10 21:49:12,1,
513,F616,Sci-Fi,,Star Brigade Sci-Fi,4,,,Sci-Fi v4 ,"Pine, Seymour P.",Space Fighter Pilot,1,9,14,,,,retail,0,,0,,,,,2026-07-10 21:49:12,2026-07-10 21:49:12,1,
514,F617,Shipwreck,,,2,,,Shipwreck v2 A,"Delgado, Hector X.",Gunners Mate,1,10,14,,,,retail,0,,0,,,,,2026-07-10 21:49:12,2026-07-10 21:49:12,1,
515,F619,Slice,,Shadow Ninja Slice,3,,,Slice v3 ,,Cobra Ninja Swordsman,2,,14,,,,retail,0,,0,,,,,2026-07-10 21:49:12,2026-07-10 21:49:12,1,
516,F620,Snake-Eyes,,Snake Eyes or Shadow Ninja Snake-Eyes,6,,,Snake-Eyes v6 ,Top Secret,Infantry,1,,14,,,,retail,0,,0,,,,,2026-07-10 21:49:12,2026-07-10 21:49:12,1,
517,F621,Snow Storm,,,3,,,Snow Storm v3,"Suarez, Guillermo",Arctic Warfare,1,10,14,,,,retail,0,,0,,,,,2026-07-10 21:49:12,2026-07-10 21:49:12,1,
518,F622,Space Shot,,,1,,,Space Shot v1 ,"Roberts, George A.",Interstellar Pilot,1,9,14,,,,retail,0,,0,,,,,2026-07-10 21:49:12,2026-07-10 21:49:12,1,
519,F623,Stalker,,,5,,,Stalker v5 A,"Wilkinson, Lonzo R.",Infantry,1,10,14,,,,retail,0,,0,,,,,2026-07-10 21:49:12,2026-07-10 21:49:12,1,
520,F625,Storm Shadow,,Shadow Ninja Storm Shadow,4,,,Storm Shadow v4 ,"Arashikage, Thomas S.",Covert Operations,1,,14,,,,retail,0,,0,,,,,2026-07-10 21:49:12,2026-07-10 21:49:12,1,
521,F626,Techno-Viper,,Star Brigade Techno-Viper,2,,,Techno-Viper v2 A,,,2,,14,,,,retail,0,,1,Power Fighter (Techno-Viper),,,,2026-07-10 21:49:12,2026-07-10 21:49:12,1,
522,F628,Viper,,,3,,,Viper v3,,,2,10,14,,,,retail,0,,0,,,,,2026-07-10 21:49:12,2026-07-10 21:49:12,1,
523,F629,Windchill,WINDCHILL_2,,2,,,Windchill v2 ,"McDonald, Jim",Blockbuster Driver,1,10,14,,,,retail,0,,1,Blockbuster,,,,2026-07-10 21:49:12,2026-07-10 21:49:12,1,
524,F404,Quick Kick,,,,,Peach-colored skin,Quick Kick (convention),"Ito, MacArthur S.",Infantry,1,,15,,,,convention,0,,0,,Convention,,,2026-07-12 15:06:56,2026-07-12 15:06:56,1,
525,F701,Flint,,,,,,Flint (convention),"Faireborn, Dashiell R.",Infantry,1,,15,,,,convention,0,,0,,Convention,,,2026-07-16 02:21:15,2026-07-16 02:21:15,1,
