figure_id,accessory_id,group_id,release_context,is_original,is_shared,quantity_required,notes,match_key,variant_id
1,1,,retail,1,0,1,,,
1,2,,retail,1,0,1,,,
1,3,,retail,1,0,1,,,
2,1,,retail,1,0,1,,,
3,4,,retail,1,0,1,,,
3,13,,retailer_exclusive,1,0,1,,,
3,14,,retailer_exclusive,1,0,1,,,
3,28,,retailer_exclusive,1,0,1,,,
3,29,,retailer_exclusive,1,0,1,,,
4,5,,retail,1,0,1,,,
5,6,,retail,1,0,1,,,
5,18,,retail,1,0,1,,,
5,20,,retail,1,0,1,,,
6,1,,retail,1,0,1,,,
6,7,,retail,1,0,1,,,
6,8,,retail,1,0,1,,,
6,9,,retail,1,0,1,,,
7,10,,retail,1,0,1,,,
7,7,,retail,1,0,1,,,
8,1,,retail,1,0,1,,,
8,11,,retail,1,0,1,,,
8,12,,retail,1,0,1,,,
9,1,,retail,1,0,1,,,
9,7,,retail,1,0,1,,,
10,10,,retail,1,0,1,,,
10,13,,retail,1,0,1,,,
10,14,,retail,1,0,1,,,
11,15,,retail,1,0,1,,,
12,1,,retail,1,0,1,,,
12,7,,retail,1,0,1,,,
12,16,,retail,1,0,1,,,
12,17,,retail,1,0,1,,,
12,18,,retail,1,0,1,,,
12,19,,retail,1,0,1,,,
12,20,,retail,1,0,1,,,
13,21,,retail,1,0,1,,,
13,22,,retail,1,0,1,,,
14,23,,retail,1,0,1,,,
15,25,,retail,1,0,1,,,
15,21,,retail,1,0,1,,,
15,26,,retail,1,0,1,,,
16,25,,retail,1,0,1,,,
16,27,,retail,1,0,1,,,
16,28,,retail,1,0,1,,,
16,29,,retail,1,0,1,,,
17,30,,retail,1,0,1,,,
18,31,,retail,1,0,1,,,
18,32,,retail,1,0,1,,,
18,33,,retail,1,0,1,,,
19,1,,retail,1,0,1,,,
19,2,,retail,1,0,1,,,
19,3,,retail,1,0,1,,,
20,1,,retail,1,0,1,,,
21,4,,retail,1,0,1,,,
22,5,,retail,1,0,1,,,
23,6,,retail,1,0,1,,,
25,34,,retail,1,0,1,,,
25,35,,retail,1,0,1,,,
26,36,,retail,1,0,1,,,
26,37,,retail,1,0,1,,,
26,38,,retail,1,0,1,,,
27,39,13,retail,1,0,1,,A,
27,24,13,retail,1,0,1,,A,
27,40,13,retail,1,0,1,,B,
27,32,,retail,1,0,1,,,
27,41,14,retail,1,0,1,,A,
27,42,14,retail,1,0,1,,B,
27,43,,retail,1,0,1,,,
27,44,,bonus,1,0,1,,,
28,1,,retail,1,0,1,,,
28,7,,retail,1,0,1,,,
28,8,,retail,1,0,1,,,
28,9,,retail,1,0,1,,,
29,10,,retail,1,0,1,,,
29,7,,retail,1,0,1,,,
30,10,,retail,1,0,1,,,
30,7,,retail,1,0,1,,,
30,45,,retail,1,0,1,,,
30,46,,retail,1,0,1,,,
30,47,,retail,1,0,1,,,
31,1,,retail,1,0,1,,,
31,11,,retail,1,0,1,,,
31,12,,retail,1,0,1,,,
32,48,,retail,1,0,1,,,
33,49,,retail,1,0,1,,,
33,50,,retail,1,0,1,,,
35,1,,retail,1,0,1,,,
35,7,,retail,1,0,1,,,
36,51,,retail,1,0,1,,,
36,52,,retail,1,0,1,,,
37,10,,retail,1,0,1,,,
37,13,,retail,1,0,1,,,
37,14,,retail,1,0,1,,,
38,15,,retail,1,0,1,,,
39,1,,retail,1,0,1,,,
39,7,,retail,1,0,1,,,
39,16,,retail,1,0,1,,,
39,17,,retail,1,0,1,,,
39,18,,retail,1,0,1,,,
39,19,,retail,1,0,1,,,
39,20,,retail,1,0,1,,,
40,21,,retail,1,0,1,,,
40,22,,retail,1,0,1,,,
41,53,,retail,1,0,1,,,
41,54,,retail,1,0,1,,,
41,55,,retail,1,0,2,,,
41,56,,retail,1,0,2,,,
42,23,,retail,1,0,1,,,
43,24,,retail,1,0,1,,,
43,25,,retail,1,0,1,,,
43,21,,retail,1,0,1,,,
44,57,,retail,1,0,1,,,
44,58,,retail,1,0,1,,,
44,59,,retail,1,0,2,,,
45,60,,retail,1,0,1,,,
45,61,,retail,1,0,1,,,
45,62,,retail,1,0,3,,,
48,25,,retail,1,0,1,,,
48,27,,retail,1,0,1,,,
48,28,,retail,1,0,1,,,
48,29,,retail,1,0,1,,,
49,63,,retail,1,0,1,,,
49,64,,retail,1,0,1,,,
50,65,1,retail,1,0,1,,,
50,66,1,retail,1,0,1,,,
50,67,,retail,1,0,1,,,
50,68,,retail,1,0,1,,,
50,69,2,retail,1,0,1,,,
50,70,2,retail,1,0,1,,,
51,71,,retail,1,0,1,,,
52,5,,retail,1,0,1,,,
55,72,,retail,1,0,1,,,
55,73,,retail,1,0,1,,,
55,74,,retail,1,0,1,,,
55,75,,retail,1,0,1,,,
55,1796,,retail,1,0,1,,,
56,76,,retail,1,0,1,,,
56,77,,retail,1,0,1,,,
56,78,11,retail,1,0,1,,A,
56,79,11,retail,1,0,1,,B,
56,80,12,retail,1,0,1,,A,
56,81,12,retail,1,0,1,,B,
57,82,3,retail,1,0,1,,,
57,83,3,retail,1,0,1,,,
57,84,,retail,1,0,1,,,
57,85,,retail,1,0,1,,,
57,86,,retail,1,0,1,,,
57,87,,retail,1,0,1,,,
57,88,,retail,1,0,1,,,
58,89,15,retail,1,0,1,,A,
58,90,15,retail,1,0,1,,B,
58,91,16,retail,1,0,1,,A,
58,92,16,retail,1,0,1,,B,
59,93,4,retail,1,0,1,,,
59,94,4,retail,1,0,1,,,
59,95,,retail,1,0,1,,,
59,96,,retail,1,0,1,,,
59,97,5,retail,1,0,1,,,
59,98,5,retail,1,0,1,,,
60,39,,retail,1,0,1,,,
60,99,,retail,1,0,1,,,
60,100,,retail,1,0,1,,,
60,101,24,retail,1,0,1,,A,
60,102,24,retail,1,0,1,,B,
60,103,25,retail,1,0,1,,A,
60,104,25,retail,1,0,1,,B,
61,105,,retail,1,0,1,,,
61,106,,retail,1,0,1,,,
61,107,,retail,1,0,1,,,
61,108,,retail,1,0,1,,,
61,109,,retail,1,0,2,,,
61,110,,retail,1,0,2,,,
61,111,6,retail,1,0,1,,,
61,112,6,retail,1,0,1,,,
62,113,17,retail,1,0,1,,A,
62,114,17,retail,1,0,1,,B,
62,115,18,retail,1,0,1,,A,
62,116,18,retail,1,0,1,,B,
62,117,,retail,1,0,1,,,
62,118,,retail,1,0,1,,,
62,119,,retail,1,0,1,,,
65,125,8,retail,1,0,1,,,
65,126,8,retail,1,0,1,,,
65,127,,retail,1,0,1,,,
65,128,,retail,1,0,1,,,
66,129,,retail,1,0,1,,,
68,130,,retail,1,0,1,,,
68,131,,retail,1,0,1,,,
68,132,,retail,1,0,1,,,
68,133,,retail,1,0,1,,,
68,134,,retail,1,0,1,,,
68,135,,retail,1,0,1,,,
68,136,19,bonus,1,0,1,,A,
68,137,20,bonus,1,0,2,,A,
68,138,19,bonus,1,0,2,,B,
68,139,20,bonus,1,0,1,,B,
69,140,,retail,1,0,1,,,
69,141,,retail,1,0,1,,,
69,142,,retail,1,0,1,,,
69,1793,,retail,1,0,1,,,
70,143,,retail,1,0,1,,,
70,144,,retail,1,0,1,,,
70,145,,retail,1,0,1,,,
70,146,,retail,1,0,1,,,
70,147,,retail,1,0,2,,,
70,1796,,retail,1,0,1,,,
71,148,,retail,1,0,1,,,
71,149,,retail,1,0,1,,,
71,150,,retail,1,0,1,,,
71,151,,retail,1,0,1,,,
71,1793,,retail,1,0,1,,,
72,152,,retail,1,0,1,,,
72,153,,retail,1,0,1,,,
72,154,,retail,1,0,1,,,
73,155,,retail,1,0,1,,,
73,156,,retail,1,0,1,,,
73,157,,retail,1,0,1,,,
73,158,,retail,1,0,1,,,
74,159,,retail,1,0,1,,,
74,160,,retail,1,0,1,,,
75,161,10,retail,1,0,1,,,
75,162,10,retail,1,0,1,,,
75,163,10,retail,1,0,1,,,
75,164,,retail,1,0,1,,,
76,165,,retail,1,0,1,,,
76,166,,retail,1,0,1,,,
76,167,,retail,1,0,1,,,
77,168,,retail,1,0,1,,,
77,169,,retail,1,0,1,,,
77,170,,retail,1,0,1,,,
77,171,,retail,1,0,1,,,
77,172,,retail,1,0,2,,,
78,173,,retail,1,0,1,,,
78,174,,retail,1,0,1,,,
79,175,,retail,1,0,1,,,
79,176,,retail,1,0,1,,,
79,177,,retail,1,0,1,,,
79,178,,retail,1,0,1,,,
80,179,,retail,1,0,1,,,
81,180,,retail,1,0,1,,,
81,181,,retail,1,0,1,,,
82,182,,retail,1,0,1,,,
83,183,,retail,1,0,1,,,
83,184,,retail,1,0,1,,,
83,185,,retail,1,0,1,,,
84,186,,retail,1,0,1,,,
85,187,,retail,1,0,1,,,
85,189,,retail,1,0,1,,,
85,191,,retail,1,0,1,,,
86,193,,retail,1,0,1,,,
86,194,,retail,1,0,1,,,
86,195,,retail,1,0,1,,,
86,196,,retail,1,0,1,,,
86,1793,,retail,1,0,1,,,
87,197,,retail,1,0,1,,,
87,198,,retail,1,0,2,,,
87,199,,retail,1,0,1,,,
87,1796,,retail,1,0,1,,,
87,200,,retail,1,0,1,,,
87,201,,retail,1,0,1,,,
88,202,,retail,1,0,1,,,
88,203,,retail,1,0,1,,,
88,204,,retail,1,0,1,,,
88,205,,retail,1,0,1,,,
89,206,,retail,1,0,1,,,
89,207,,retail,1,0,1,,,
89,208,,retail,1,0,1,,,
89,209,,retail,1,0,2,,,
89,210,,retail,1,0,1,,,
89,211,,retail,1,0,1,,,
90,212,,retail,1,0,1,,,
90,213,,retail,1,0,1,,,
90,45,,retail,1,0,1,,,
90,214,,retail,1,0,1,,,
91,215,,retail,1,0,1,,,
91,216,,retail,1,0,1,,,
91,1793,,retail,1,0,1,,,
92,217,,retail,1,0,1,,,
92,218,,retail,1,0,1,,,
92,1796,,retail,1,0,1,,,
93,219,,retail,1,0,1,,,
93,220,,retail,1,0,1,,,
94,221,,retail,1,0,1,,,
94,222,,retail,1,0,1,,,
94,223,,retail,1,0,3,,,
94,224,,bonus,1,0,1,,,
95,217,,retail,1,0,1,,,
95,218,,retail,1,0,1,,,
95,1796,,retail,1,0,1,,,
96,225,9,retail,1,0,1,,,
96,226,9,retail,1,0,1,,,
97,227,,retail,1,0,1,,,
97,228,,retail,1,0,1,,,
97,229,,retail,1,0,1,,,
97,230,,retail,1,0,1,,,
97,231,,retail,1,0,1,,,
98,232,,retail,1,0,1,,,
98,233,,retail,1,0,1,,,
98,234,,retail,1,0,1,,,
99,235,,retail,1,0,1,,,
99,21,,retail,1,0,1,,,
99,236,,bonus,1,0,1,,,
101,237,,retail,1,0,1,,,
101,238,,retail,1,0,1,,,
101,239,,retail,1,0,1,,,
102,237,,retail,1,0,1,,,
102,238,,retail,1,0,1,,,
102,239,,retail,1,0,1,,,
102,236,,bonus,1,0,1,,,
103,240,,retail,1,0,1,,,
103,241,,retail,1,0,1,,,
103,242,,retail,1,0,1,,,
103,1793,,retail,1,0,1,,,
103,243,22,retail,1,0,1,,,
103,244,22,retail,1,0,1,,,
104,245,,retail,1,0,1,,,
104,246,,retail,1,0,1,,,
104,247,,retail,1,0,1,,,
105,248,,retail,1,0,1,,,
106,249,,retail,1,0,1,,,
106,250,,retail,1,0,1,,,
107,249,,retail,1,0,1,,,
107,250,,retail,1,0,1,,,
107,236,,bonus,1,0,1,,,
108,251,,retail,1,0,1,,,
108,252,,retail,1,0,1,,,
108,253,,retail,1,0,1,,,
108,254,,retail,1,0,1,,,
109,255,,retail,1,0,1,,,
110,256,,retail,1,0,1,,,
110,257,,retail,1,0,1,,,
110,258,,retail,1,0,1,,,
110,259,,retail,1,0,1,,,
111,260,,retail,1,0,1,,,
111,261,,retail,1,0,1,,,
111,262,,retail,1,0,1,,,
111,1793,,retail,1,0,1,,,
112,260,,retail,1,0,1,,,
112,261,,retail,1,0,1,,,
112,262,,retail,1,0,1,,,
112,1793,,retail,1,0,1,,,
112,236,,bonus,1,0,1,,,
113,263,,retail,1,0,1,,,
115,264,,retail,1,0,1,,,
115,265,,retail,1,0,1,,,
116,266,,retail,1,0,1,,,
116,267,,retail,1,0,1,,,
116,1793,,retail,1,0,1,,,
117,268,,retail,1,0,1,,,
117,269,,retail,1,0,1,,,
117,270,,retail,1,0,1,,,
117,271,23,retail,1,0,1,,,
117,272,23,retail,1,0,1,,,
117,273,23,retail,1,0,1,,,
117,274,23,retail,1,0,1,,,
117,275,23,retail,1,0,1,,,
118,276,,retail,1,0,1,,,
119,276,,retail,1,0,1,,,
122,277,,retail,1,0,1,,,
123,278,,retail,1,0,1,,,
123,279,,retail,1,0,1,,,
124,280,,retail,1,0,1,,,
124,281,,retail,1,0,1,,,
124,282,,retail,1,0,1,,,
124,283,,retail,1,0,1,,,
124,172,,retail,1,0,2,,,
125,280,,retail,1,0,1,,,
125,281,,retail,1,0,1,,,
125,282,,retail,1,0,1,,,
125,283,,retail,1,0,1,,,
125,172,,retail,1,0,2,,,
125,236,,bonus,1,0,1,,,
126,284,,retail,1,0,1,,,
126,285,,retail,1,0,1,,,
127,286,,retail,1,0,1,,,
127,287,,retail,1,0,1,,,
128,288,,retail,1,0,1,,,
128,289,,retail,1,0,1,,,
129,290,,retail,1,0,1,,,
129,291,,retail,1,0,1,,,
130,292,,retail,1,0,1,,,
130,293,,retail,1,0,1,,,
130,294,,retail,1,0,1,,,
130,295,,retail,1,0,1,,,
130,296,,retail,1,0,1,,,
131,297,,retail,1,0,1,,,
131,298,,retail,1,0,1,,,
132,299,,retail,1,0,1,,,109
132,300,,retail,1,0,1,,,
133,301,,retail,1,0,1,,,
133,302,,retail,1,0,1,,,
134,303,,retail,1,0,1,,,
134,304,,retail,1,0,1,,,
134,305,,retail,1,0,1,,,
135,306,,retail,1,0,1,,,
135,307,,retail,1,0,1,,,
135,308,,retail,1,0,1,,,
136,309,,retail,1,0,1,,,
136,310,,retail,1,0,1,,,
136,311,,retail,1,0,1,,,
136,312,,retail,1,0,1,,,
137,313,,retail,1,0,1,,,
138,314,,retail,1,0,1,,,
138,315,26,retail,1,0,1,,,
138,316,26,retail,1,0,1,,,
139,317,,retail,1,0,1,,,
139,318,,retail,1,0,1,,,
139,319,,retail,1,0,1,,,
139,320,,retail,1,0,1,,,
140,321,,retail,1,0,1,,,
140,322,,retail,1,0,1,,,
140,323,,retail,1,0,1,,,
140,324,,retail,1,0,2,,,
140,325,,retail,1,0,2,,,
140,1793,,retail,1,0,2,,,
141,326,,retail,1,0,1,,,
142,327,,retail,1,0,1,,,
142,328,,bonus,1,0,1,,,
143,329,,retail,1,0,1,,,
144,330,,retail,1,0,1,,,
144,331,,retail,1,0,1,,,
145,332,,retail,1,0,1,,,
145,333,,retail,1,0,2,,,
146,334,,retail,1,0,1,,,
146,335,,retail,1,0,2,,,
146,336,,retail,1,0,1,,,
147,337,,retail,1,0,1,,,
147,338,,retail,1,0,1,,,
148,339,,retail,1,0,1,,,
148,257,,retail,1,0,1,,,
148,340,,retail,1,0,1,,,
148,341,,retail,1,0,1,,,
148,342,,retail,1,0,1,,,
149,343,,retail,1,0,1,,,
149,344,,retail,1,0,1,,,
150,345,,retail,1,0,1,,,
150,346,,retail,1,0,1,,,
151,347,,retail,1,0,1,,,
151,348,,retail,1,0,1,,,
152,349,,retail,1,0,1,,,
152,350,,retail,1,0,1,,,
152,351,,retail,1,0,1,,,
152,352,,retail,1,0,1,,,
153,353,,retail,1,0,1,,,
153,354,,retail,1,0,1,,,
153,355,,retail,1,0,2,,,
154,356,,retail,1,0,1,,,
154,357,,retail,1,0,1,,,
154,358,,retail,1,0,1,,,
154,359,,retail,1,0,1,,,
154,360,,retail,1,0,1,,,
154,361,,retail,1,0,2,,,
154,362,,retail,1,0,2,,,
155,363,,retail,1,0,1,,,
155,364,,retail,1,0,1,,,
155,365,,retail,1,0,1,,,
156,366,,retail,1,0,1,,,
156,367,,retail,1,0,1,,,
157,368,,retail,1,0,1,,,
157,369,,retail,1,0,1,,,
157,370,,retail,1,0,1,,,
158,371,,retail,1,0,1,,,
158,372,,retail,1,0,1,,,
159,373,,retail,1,0,1,,,
160,374,,retail,1,0,1,,,
160,177,,retail,1,0,1,,,
160,375,,retail,1,0,1,,,
160,376,,retail,1,0,1,,,
160,377,,retail,1,0,1,,,
160,378,,retail,1,0,1,,,
160,379,,retail,1,0,1,,,
161,380,,retail,1,0,1,,,
162,381,,retail,1,0,1,,,
162,382,,retail,1,0,1,,,
163,384,,retail,1,0,1,,,
163,385,,retail,1,0,1,,,
164,386,,retail,1,0,1,,,
164,387,,retail,1,0,1,,,
164,388,,retail,1,0,1,,,
164,389,,retail,1,0,1,,,
164,390,,retail,1,0,1,,,
164,1793,,retail,1,0,2,,,
165,391,,retail,1,0,1,,,
166,392,,retail,1,0,1,,,
166,393,,retail,1,0,1,,,
166,394,,retail,1,0,1,,,
166,395,,retail,1,0,2,,,
167,396,,retail,1,0,1,,,
167,397,,retail,1,0,1,,,
168,398,,retail,1,0,1,,,
168,399,,retail,1,0,1,,,
168,400,,retail,1,0,1,,,
170,401,,retail,1,0,1,,,
170,402,,retail,1,0,1,,,
170,403,,retail,1,0,2,,,
170,404,,retail,1,0,2,,,
170,1791,,retail,1,0,1,,,
171,405,,retail,1,0,1,,,
171,406,,retail,1,0,1,,,
171,154,,retail,1,0,1,,,
172,407,,retail,1,0,1,,,
172,408,,retail,1,0,1,,,
172,409,,retail,1,0,2,,,
172,410,,retail,1,0,1,,,
172,411,,retail,1,0,1,,,
172,412,,retail,1,0,2,,,
172,413,,retail,1,0,2,,,
173,414,,retail,1,0,1,,,
173,415,,retail,1,0,1,,,
173,416,,retail,1,0,1,,,
173,417,,retail,1,0,1,,,
173,418,,retail,1,0,1,,,
174,419,,retail,1,0,1,,,
174,420,,retail,1,0,1,,,
174,421,,retail,1,0,1,,,
174,422,,retail,1,0,1,,,
175,423,,retail,1,0,1,,,
175,307,,retail,1,0,1,,,
175,308,,retail,1,0,1,,,
176,424,,retail,1,0,1,,,
177,48,,retail,1,0,1,,,
177,381,,retail,1,0,1,,,
177,23,,retail,1,0,1,,,
177,43,,retail,1,0,1,,,
178,425,,retail,1,0,1,,,
178,166,,retail,1,0,1,,,
178,167,,retail,1,0,1,,,
180,426,,retail,1,0,1,,,
180,427,,retail,1,0,1,,,
181,179,,retail,1,0,1,,,
182,428,,retail,1,0,1,,,
183,429,,retail,1,0,1,,,
183,430,,retail,1,0,1,,,
183,431,,retail,1,0,1,,,
184,432,,retail,1,0,1,,,
184,433,,retail,1,0,1,,,
184,434,,retail,1,0,1,,,
184,435,,retail,1,0,1,,,
184,436,,retail,1,0,1,,,
184,437,,retail,1,0,1,,,
184,1796,,retail,1,0,1,,,
185,438,,retail,1,0,1,,,
185,439,,retail,1,0,1,,,
185,440,,retail,1,0,1,,,
185,441,,retail,1,0,1,,,
185,442,,retail,1,0,2,,,
185,1791,,retail,1,0,1,,,
185,443,,retail,1,0,1,,,
186,444,,retail,1,0,1,,,
186,445,,retail,1,0,1,,,
186,446,,retail,1,0,1,,,
187,251,,retail,1,0,1,,,
187,447,,retail,1,0,1,,,
187,448,,retail,1,0,1,,,
187,449,,retail,1,0,1,,,
188,450,,retail,1,0,1,,,
188,451,,retail,1,0,1,,,
188,452,,retail,1,0,1,,,
188,453,,retail,1,0,1,,,
188,454,,retail,1,0,1,,,
189,455,,retail,1,0,1,,,
189,456,,retail,1,0,1,,,
189,319,,retail,1,0,1,,,
189,320,,retail,1,0,1,,,
190,457,,retail,1,0,1,,,
190,458,,retail,1,0,1,,,
190,459,,retail,1,0,1,,,
191,460,,retail,1,0,1,,,
192,461,,retail,1,0,1,,,
192,350,,retail,1,0,1,,,
192,462,,retail,1,0,1,,,
192,463,,retail,1,0,1,,,
193,356,,retail,1,0,1,,,
193,464,,retail,1,0,1,,,
193,358,,retail,1,0,1,,,
193,465,,retail,1,0,1,,,
193,466,,retail,1,0,1,,,
193,467,,retail,1,0,2,,,
193,468,,retail,1,0,2,,,
194,469,,retail,1,0,1,,,
194,470,,retail,1,0,1,,,
195,471,,retail,1,0,1,,,
195,472,,retail,1,0,1,,,
195,473,,retail,1,0,1,,,
196,474,,retail,1,0,1,,,
196,475,,retail,1,0,1,,,
196,476,,retail,1,0,1,,,
196,477,,retail,1,0,1,,,
197,478,,retail,1,0,1,,,
197,479,,retail,1,0,1,,,
197,480,,retail,1,0,1,,,
197,481,,retail,1,0,1,,,
197,482,,retail,1,0,1,,,
198,483,,retail,1,0,1,,,
198,484,,retail,1,0,1,,,
199,485,,retail,1,0,1,,,
200,486,,retail,1,0,1,,,
200,487,,retail,1,0,1,,,
200,488,,retail,1,0,1,,,
200,489,,retail,1,0,1,,,
202,490,,retail,1,0,1,,,
202,491,,retail,1,0,1,,,
202,492,,retail,1,0,1,,,
203,374,,retail,1,0,1,,,
203,177,,retail,1,0,1,,,
203,375,,retail,1,0,1,,,
203,493,,retail,1,0,1,,,
203,494,,retail,1,0,1,,,
203,495,,retail,1,0,1,,,
203,379,,retail,1,0,1,,,
204,496,,retail,1,0,1,,,
204,497,,retail,1,0,1,,,
204,498,,retail,1,0,1,,,
204,499,,retail,1,0,1,,,
204,500,,retail,1,0,1,,,
162,383,,retail,1,0,1,,,
206,501,,retail,1,0,1,,,
206,502,,retail,1,0,1,,,
206,503,,retail,1,0,1,,,
206,504,,retail,1,0,1,,,
207,505,,retail,1,0,1,,,
207,506,,retail,1,0,1,,,
207,507,,retail,1,0,1,,,
208,508,,retail,1,0,1,,,
208,509,,retail,1,0,1,,,
208,510,,retail,1,0,1,,,
208,1793,,retail,1,0,1,,,
209,511,,retail,1,0,1,,,
209,61,,retail,1,0,1,,,
209,512,,retail,1,0,3,,,
210,513,,retail,1,0,1,,,
210,393,,retail,1,0,1,,,
210,514,,retail,1,0,1,,,
210,515,,retail,1,0,2,,,
211,516,,retail,1,0,1,,,
211,517,,retail,1,0,1,,,
211,518,,retail,1,0,1,,,
211,519,,retail,1,0,1,,,
212,520,,retail,1,0,1,,,
212,521,,retail,1,0,1,,,
212,522,,retail,1,0,1,,,
213,523,,retail,1,0,1,,,
214,524,,retail,1,0,1,,,
215,525,,retail,1,0,1,,,
215,526,,retail,1,0,1,,,
215,527,,retail,1,0,1,,,
215,528,,retail,1,0,1,,,
215,529,,retail,1,0,1,,,
216,530,,retail,1,0,1,,,
216,531,,retail,1,0,1,,,
216,532,,retail,1,0,1,,,
216,533,,retail,1,0,1,,,
216,534,,retail,1,0,1,,,
216,535,,retail,1,0,1,,,
217,536,,retail,1,0,1,,,
217,537,,retail,1,0,1,,,
217,538,,retail,1,0,1,,,
217,539,,retail,1,0,3,,,
217,540,,retail,1,0,1,,,
217,541,,retail,1,0,1,,,
218,148,,retail,1,0,1,,,
218,542,,retail,1,0,1,,,
218,150,,retail,1,0,1,,,
218,544,,retail,1,0,1,,,
218,1793,,retail,1,0,1,,,
219,544,,retail,1,0,1,,,
219,545,,retail,1,0,1,,,
219,546,,retail,1,0,1,,,
219,422,,retail,1,0,1,,,
220,547,27,retail,1,0,1,,,
220,548,27,retail,1,0,1,,,
220,549,,retail,1,0,1,,,
220,550,,retail,1,0,1,,,
220,551,,retail,1,0,1,,,
220,552,,retail,1,0,1,,,
220,1796,,retail,1,0,1,,,
221,553,,retail,1,0,1,,,
222,554,,retail,1,0,1,,,
222,555,,retail,1,0,1,,,
222,556,,retail,1,0,1,,,
222,557,,retail,1,0,2,,,
222,1791,,retail,1,0,1,,,
223,558,,retail,1,0,1,,,
223,559,,retail,1,0,1,,,
223,560,,retail,1,0,1,,,
223,561,,retail,1,0,1,,,
223,1793,,retail,1,0,1,,,
224,562,,retail,1,0,1,,,
225,563,,retail,1,0,1,,,
225,564,,retail,1,0,1,,,
225,565,,retail,1,0,1,,,
225,566,,retail,1,0,1,,,
225,567,,retail,1,0,1,,,
225,568,,retail,1,0,1,,,
225,569,,retail,1,0,6,,,
226,570,,retail,1,0,1,,,
226,345,,retail,1,0,1,,,
226,177,,retail,1,0,1,,,
226,178,,retail,1,0,1,,,
227,571,,retail,1,0,1,,,
227,572,,retail,1,0,1,,,
227,573,,retail,1,0,1,,,
227,574,,retail,1,0,3,,,
227,575,,retail,1,0,1,,,
227,1792,,retail,1,0,1,,,
228,576,,retail,1,0,1,,,
228,577,,retail,1,0,1,,,
228,578,,retail,1,0,1,,,
228,579,,retail,1,0,1,,,
228,580,,retail,1,0,1,,,
228,581,,retail,1,0,1,,,
228,582,,retail,1,0,1,,,
228,583,,retail,1,0,1,,,
229,584,,retail,1,0,1,,,
229,585,,retail,1,0,1,,,
229,586,,retail,1,0,1,,,
229,587,,retail,1,0,6,,,
229,1792,,retail,1,0,1,,,
230,588,,retail,1,0,1,,,
231,589,,retail,1,0,1,,,
231,590,,retail,1,0,1,,,
231,591,,retail,1,0,1,,,
231,592,,retail,1,0,1,,,
231,593,,retail,1,0,1,,,
232,594,,retail,1,0,1,,,
232,595,,retail,1,0,1,,,
233,256,,retail,1,0,1,,,
233,257,,retail,1,0,1,,,
233,258,,retail,1,0,1,,,
233,259,,retail,1,0,1,,,
234,457,,retail,1,0,1,,,
234,596,,retail,1,0,1,,,
234,597,,retail,1,0,1,,,
235,598,,retail,1,0,1,,,
235,84,,retail,1,0,1,,,
235,85,,retail,1,0,1,,,
235,86,,retail,1,0,1,,,
235,87,,retail,1,0,1,,,
235,599,,retail,1,0,1,,,
236,600,,retail,1,0,1,,,
236,601,,retail,1,0,1,,,
236,602,,retail,1,0,1,,,
236,603,,retail,1,0,1,,,
237,604,,retail,1,0,1,,,
237,605,,retail,1,0,1,,,
237,606,,retail,1,0,2,,,
238,607,,retail,1,0,1,,,
238,608,,retail,1,0,1,,,
239,164,,retail,1,0,1,,,
239,609,,retail,1,0,1,,,
240,4,,retail,1,0,1,,,
241,215,,retail,1,0,1,,,
241,216,,retail,1,0,1,,,
241,1793,,retail,1,0,1,,,
242,6,,retail,1,0,1,,,
242,610,,convention,1,0,1,,,
243,278,,retail,1,0,1,,,
243,611,,retail,1,0,1,,,
244,181,,retail,1,0,1,,,
245,612,,retail,1,0,1,,,
245,613,,retail,1,0,1,,,
245,614,,retail,1,0,1,,,
245,615,,retail,1,0,1,,,
245,616,7,retail,1,0,1,,,
245,617,7,retail,1,0,1,,,
246,618,,retail,1,0,1,,,
246,472,,retail,1,0,1,,,
246,473,,retail,1,0,1,,,
247,619,,retail,1,0,1,,,
247,620,,retail,1,0,1,,,
247,621,,retail,1,0,2,,,
247,622,,retail,1,0,2,,,
248,623,,retail,1,0,1,,,
248,624,,retail,1,0,1,,,
248,625,,retail,1,0,1,,,
248,626,,retail,1,0,1,,,
248,627,,retail,1,0,1,,,
248,1792,,retail,1,0,1,,,
249,276,,retail,1,0,1,,,
250,628,,retail,1,0,1,,,
250,629,,retail,1,0,1,,,
250,630,,retail,1,0,1,,,
250,631,,retail,1,0,1,,,
251,632,,retail,1,0,1,,,
251,633,,retail,1,0,1,,,
251,634,,retail,1,0,1,,,
251,635,,retail,1,0,1,,,
251,636,,retail,1,0,1,,,
251,637,,retail,1,0,2,,,
252,638,,retail,1,0,1,,,
252,639,,retail,1,0,1,,,
252,640,,retail,1,0,1,,,
252,641,,retail,1,0,1,,,
252,642,,retail,1,0,1,,,
253,643,,retail,1,0,1,,,
253,644,,retail,1,0,1,,,
253,645,,retail,1,0,1,,,
253,118,,retail,1,0,1,,,
253,119,,retail,1,0,1,,,
254,646,,retail,1,0,1,,,
254,647,,retail,1,0,1,,,
254,648,,retail,1,0,1,,,
254,649,,retail,1,0,1,,,
254,650,,retail,1,0,1,,,
254,651,,retail,1,0,1,,,
254,652,,retail,1,0,1,,,
254,653,,retail,1,0,1,,,
255,654,,retail,1,0,1,,,
255,655,,retail,1,0,1,,,
255,656,,retail,1,0,1,,,
255,657,21,retail,1,0,1,,,
255,658,21,retail,1,0,1,,,
255,659,21,retail,1,0,1,,,
255,1793,,retail,1,0,1,,,
256,660,,retail,1,0,1,,,
257,661,,retail,1,0,1,,,
257,1091,,retail,1,0,1,,,
258,662,,retail,1,0,1,,,
258,663,,retail,1,0,2,,,
259,664,,retail,1,0,1,,,
259,665,,retail,1,0,1,,,
259,666,,retail,1,0,1,,,
259,667,,retail,1,0,1,,,
260,668,,retail,1,0,1,,,
260,669,,retail,1,0,1,,,
260,670,,retail,1,0,1,,,
260,666,,retail,1,0,1,,,
260,671,,retail,1,0,1,,,
261,672,,retail,1,0,1,,,
261,673,,retail,1,0,1,,,
261,674,,retail,1,0,1,,,
261,675,,retail,1,0,1,,,
261,676,,retail,1,0,1,,,
261,666,,retail,1,0,1,,,
261,677,,retail,1,0,1,,,
262,678,,retail,1,0,1,,,
262,679,,retail,1,0,1,,,
262,680,,retail,1,0,1,,,
262,681,,retail,1,0,1,,,
262,682,,retail,1,0,2,,,
262,683,,retail,1,0,1,,,
262,684,,retail,1,0,1,,,
262,685,,retail,1,0,1,,,
262,686,,retail,1,0,1,,,
263,687,,retail,1,0,1,,,
263,688,,retail,1,0,1,,,
263,689,,retail,1,0,1,,,
263,690,,retail,1,0,1,,,
263,691,,retail,1,0,1,,,
263,692,,retail,1,0,1,,,
263,693,,retail,1,0,1,,,
263,694,,retail,1,0,1,,,
264,695,,retail,1,0,1,,,
264,696,,retail,1,0,1,,,
264,697,,retail,1,0,1,,,
264,698,,retail,1,0,1,,,
264,699,,retail,1,0,2,,,
264,700,,retail,1,0,1,,,
264,701,,retail,1,0,1,,,
264,702,,retail,1,0,4,,,
264,703,,retail,1,0,3,,,
265,704,,retail,1,0,1,,,
265,705,,retail,1,0,1,,,
265,706,,retail,1,0,1,,,
267,707,,retail,1,0,1,,,
267,708,,retail,1,0,1,,,
266,709,28,retail,1,0,1,,,
266,710,28,retail,1,0,1,,,
266,711,,retail,1,0,1,,,
266,712,,retail,1,0,1,,,
266,713,,retail,1,0,1,,,
266,714,,retail,1,0,1,,,
266,715,,retail,1,0,1,,,
266,716,,retail,1,0,1,,,
268,717,29,retail,1,0,1,,,
268,718,29,retail,1,0,1,,,
268,719,,retail,1,0,1,,,
268,720,,retail,1,0,1,,,
268,721,,retail,1,0,1,,,
268,722,,retail,1,0,1,,,
268,723,,retail,1,0,1,,,
269,724,,retail,1,0,1,,,
269,725,,retail,1,0,1,,,
269,726,,retail,1,0,1,,,
269,666,,retail,1,0,1,,,
269,671,,retail,1,0,1,,,
270,672,,retail,1,0,1,,,
270,673,,retail,1,0,1,,,
270,674,,retail,1,0,1,,,
270,675,,retail,1,0,1,,,
270,1792,,retail,1,0,1,,,
271,731,30,retail,1,0,1,,,
271,732,30,retail,1,0,1,,,
271,733,,retail,1,0,1,,,
271,578,,retail,1,0,1,,,
271,630,,retail,1,0,1,,,
271,640,,retail,1,0,1,,,
272,735,,retail,1,0,1,,,
272,736,,retail,1,0,1,,,
272,737,,retail,1,0,1,,,
272,738,,retail,1,0,2,,,
272,739,,retail,1,0,2,,,
272,1791,,retail,1,0,2,,,
273,339,,retail,1,0,1,,,
273,740,31,retail,1,0,1,,,
273,741,31,retail,1,0,1,,,
273,742,,retail,1,0,1,,,
273,448,,retail,1,0,1,,,
273,743,,retail,1,0,1,,,
273,744,,retail,1,0,1,,,
273,745,,retail,1,0,1,,,
273,746,,retail,1,0,1,,,
274,747,,retail,1,0,1,,,
274,748,,retail,1,0,1,,,
275,749,,retail,1,0,1,,,
275,750,,retail,1,0,1,,,
275,751,,retail,1,0,1,,,
275,752,,retail,1,0,1,,,
275,753,,retail,1,0,2,,,
275,754,,retail,1,0,2,,,
275,755,,retail,1,0,6,,,
275,1791,,retail,1,0,2,,,
276,756,,retail,1,0,1,,,
276,757,,retail,1,0,1,,,
276,758,,retail,1,0,1,,,
276,759,,retail,1,0,1,,,
277,760,,retail,1,0,1,,,
277,761,,retail,1,0,2,,,
278,762,,retail,1,0,1,,,
278,763,,retail,1,0,2,,,
278,764,,retail,1,0,2,,,
278,765,,retail,1,0,1,,,
278,766,,retail,1,0,1,,,
278,1792,,retail,1,0,1,,,
279,767,,retail,1,0,1,,,
279,768,,retail,1,0,1,,,
279,769,,retail,1,0,1,,,
279,770,,retail,1,0,1,,,
279,771,,retail,1,0,1,,,
279,772,,retail,1,0,2,,,
280,773,,retail,1,0,1,,,
280,774,,retail,1,0,1,,,
280,775,,retail,1,0,1,,,
280,776,,retail,1,0,1,,,
280,777,,retail,1,0,1,,,
280,778,,retail,1,0,1,,,
280,1791,,retail,1,0,1,,,
281,779,,retail,1,0,1,,,
281,780,,retail,1,0,1,,,
281,781,,bonus,1,0,1,,,
282,782,,retail,1,0,1,,,
282,783,,retail,1,0,1,,,
282,784,,retail,1,0,1,,,
282,785,,retail,1,0,1,,,
282,1791,,retail,1,0,1,,,
282,1796,,retail,1,0,1,,,
283,786,,retail,1,0,1,,,
283,787,,retail,1,0,1,,,
283,788,,retail,1,0,1,,,
283,789,,retail,1,0,1,,,
284,790,,retail,1,0,1,,,
284,791,,retail,1,0,1,,,
284,792,,retail,1,0,5,,,
284,793,,retail,1,0,1,,,
284,794,,retail,1,0,5,,,
284,795,,retail,1,0,1,,,
285,796,,retail,1,0,1,,,
285,797,,retail,1,0,1,,,
285,798,,retail,1,0,1,,,
285,666,,retail,1,0,1,,,
285,799,,retail,1,0,1,,,
286,800,,retail,1,0,1,,,
286,801,,retail,1,0,1,,,
286,802,,retail,1,0,1,,,
286,666,,retail,1,0,1,,,
286,803,,retail,1,0,1,,,
287,804,,retail,1,0,1,,,
287,805,,retail,1,0,1,,,
287,806,,retail,1,0,1,,,
287,807,,retail,1,0,1,,,
287,808,,retail,1,0,1,,,
287,809,,retail,1,0,1,,,
287,810,,retail,1,0,1,,,
287,1792,,retail,1,0,1,,,
288,811,,retail,1,0,1,,,
288,812,,retail,1,0,1,,,
288,813,,retail,1,0,1,,,
288,814,,retail,1,0,1,,,
288,815,,retail,1,0,1,,,
288,816,,retail,1,0,1,,,
288,817,,retail,1,0,4,,,
288,818,,retail,1,0,2,,,
289,819,,retail,1,0,1,,,
289,820,,retail,1,0,1,,,
289,821,,retail,1,0,1,,,
289,822,,retail,1,0,1,,,
289,823,,retail,1,0,3,,,
290,824,32,retail,1,0,1,,,
290,825,32,retail,1,0,1,,,
290,826,,retail,1,0,1,,,
290,305,,retail,1,0,1,,,
290,827,,retail,1,0,1,,,
290,393,,retail,1,0,1,,,
290,828,,retail,1,0,1,,,
290,829,,retail,1,0,1,,,
291,830,,retail,1,0,1,,,
291,831,,retail,1,0,1,,,
291,832,,retail,1,0,2,,,
291,833,,retail,1,0,1,,,
291,834,,retail,1,0,1,,,
291,835,,retail,1,0,1,,,
291,1791,,retail,1,0,1,,,
292,836,,retail,1,0,1,,,
292,837,,retail,1,0,1,,,
294,838,33,retail,1,0,1,,,
294,839,33,retail,1,0,1,,,
294,840,,retail,1,0,1,,,
294,841,,retail,1,0,1,,,
294,842,,retail,1,0,1,,,
294,843,,retail,1,0,1,,,
294,844,,retail,1,0,1,,,
294,845,,retail,1,0,1,,,
294,846,,retail,1,0,1,,,
295,847,,retail,1,0,1,,,
295,848,,retail,1,0,1,,,
295,849,,retail,1,0,1,,,
295,850,,retail,1,0,1,,,
295,1746,,retail,1,0,1,,,
296,851,,retail,1,0,1,,,
296,852,,retail,1,0,1,,,
296,853,,retail,1,0,1,,,
296,854,,retail,1,0,1,,,
296,855,,retail,1,0,1,,,
296,856,,retail,1,0,2,,,
297,857,,retail,1,0,1,,,
297,858,,retail,1,0,1,,,
297,859,,retail,1,0,1,,,
297,860,,retail,1,0,1,,,
297,861,,retail,1,0,1,,,
297,862,,retail,1,0,1,,,
297,863,,retail,1,0,1,,,
298,864,,retail,1,0,1,,,
298,865,,retail,1,0,1,,,
298,866,,retail,1,0,1,,,
298,867,,retail,1,0,1,,,
298,868,,retail,1,0,1,,,
298,869,,retail,1,0,1,,,
299,870,,retail,1,0,1,,,
299,871,,retail,1,0,1,,,
300,872,,retail,1,0,1,,,
300,873,,retail,1,0,1,,,
300,874,,retail,1,0,1,,,
300,875,,retail,1,0,1,,,
300,876,,retail,1,0,1,,,
300,1746,,retail,1,0,1,,,
301,877,,retail,1,0,1,,,
301,878,,retail,1,0,2,,,
301,879,,retail,1,0,6,,,
301,880,,retail,1,0,1,,,
302,881,,retail,1,0,1,,,
302,882,,retail,1,0,1,,,
302,883,,retail,1,0,1,,,
302,884,,retail,1,0,1,,,
302,885,,retail,1,0,2,,,
302,886,,retail,1,0,1,,,
302,1791,,retail,1,0,1,,,
303,887,,retail,1,0,1,,,
303,888,,retail,1,0,1,,,
303,889,,retail,1,0,1,,,
303,890,,retail,1,0,1,,,
303,891,,retail,1,0,1,,,
304,892,,retail,1,0,1,,,
304,893,,retail,1,0,1,,,
304,894,,retail,1,0,1,,,
304,895,,retail,1,0,1,,,
304,896,,retail,1,0,1,,,
304,897,,retail,1,0,1,,,
305,898,,retail,1,0,1,,,
305,899,,retail,1,0,1,,,
305,900,,retail,1,0,1,,,
305,901,,retail,1,0,1,,,
305,902,,retail,1,0,4,,,
306,903,,retail,1,0,1,,,
306,904,,retail,1,0,1,,,
306,905,,retail,1,0,1,,,
306,906,,retail,1,0,1,,,
306,907,,retail,1,0,1,,,
307,908,,retail,1,0,1,,,
307,909,,retail,1,0,1,,,
307,910,,retail,1,0,1,,,
307,911,,retail,1,0,1,,,
307,912,,retail,1,0,2,,,
307,913,,retail,1,0,2,,,
308,914,,retail,1,0,1,,,
308,915,,retail,1,0,1,,,
308,916,,retail,1,0,1,,,
308,917,,retail,1,0,1,,,
308,918,,retail,1,0,1,,,
308,919,,retail,1,0,2,,,
308,1792,,retail,1,0,1,,,
308,1797,,retail,1,0,1,,,
309,920,,retail,1,0,1,,,
310,252,,retail,1,0,1,,,
310,254,,retail,1,0,1,,,
311,921,,retail,1,0,1,,,
311,922,,retail,1,0,1,,,
311,923,,retail,1,0,1,,,
311,924,,retail,1,0,1,,,
311,925,,retail,1,0,1,,,
311,926,,retail,1,0,1,,,
312,927,,retail,1,0,1,,,
312,928,,retail,1,0,1,,,
312,929,,retail,1,0,1,,,
312,930,,retail,1,0,1,,,
312,931,,retail,1,0,1,,,
312,1746,,retail,1,0,1,,,
313,932,,retail,1,0,1,,,
313,933,,retail,1,0,1,,,
314,934,,retail,1,0,1,,,
314,935,,retail,1,0,1,,,
314,936,,retail,1,0,1,,,
314,937,,retail,1,0,1,,,
314,938,,retail,1,0,1,,,
314,939,,retail,1,0,1,,,
314,940,,retail,1,0,1,,,
314,1746,,retail,1,0,1,,,
315,941,,retail,1,0,1,,,
315,942,,retail,1,0,1,,,
315,943,,retail,1,0,1,,,
315,944,,retail,1,0,1,,,
315,1746,,retail,1,0,1,,,
316,945,,retail,1,0,1,,,
317,946,,retail,1,0,1,,,
317,947,,retail,1,0,1,,,
317,948,,retail,1,0,1,,,
317,949,,retail,1,0,1,,,
317,950,,retail,1,0,1,,,
317,951,,retail,1,0,1,,,
318,952,,retail,1,0,1,,,
318,953,34,retail,1,0,1,,,
318,954,34,retail,1,0,1,,,
318,955,,retail,1,0,1,,,
318,956,,retail,1,0,1,,,
318,957,,retail,1,0,1,,,
318,958,,retail,1,0,1,,,
318,959,,retail,1,0,1,,,
318,960,,retail,1,0,1,,,
318,961,,retail,1,0,1,,,
318,1793,,retail,1,0,1,,,
318,1746,,retail,1,0,1,,,
319,962,,retail,1,0,1,,,
319,963,,retail,1,0,1,,,
319,964,,retail,1,0,1,,,
319,965,,retail,1,0,1,,,
319,966,,retail,1,0,1,,,
319,967,,retail,1,0,1,,,
319,968,,retail,1,0,1,,,
319,969,,retail,1,0,1,,,
319,970,,retail,1,0,1,,,
319,971,,retail,1,0,1,,,
320,972,,retail,1,0,1,,,
320,973,,retail,1,0,1,,,
320,974,,retail,1,0,1,,,
320,975,,retail,1,0,1,,,
320,976,,retail,1,0,1,,,
320,1746,,retail,1,0,1,,,
321,977,,retail,1,0,1,,,
321,978,,retail,1,0,1,,,
321,979,,retail,1,0,1,,,
321,980,,retail,1,0,1,,,
321,981,,retail,1,0,1,,,
322,982,,retail,1,0,1,,,
322,983,,retail,1,0,1,,,
322,984,,retail,1,0,1,,,
322,985,,retail,1,0,1,,,
322,986,,retail,1,0,1,,,
322,1792,,retail,1,0,2,,,
323,987,,retail,1,0,1,,,
324,988,,retail,1,0,1,,,
324,989,,retail,1,0,1,,,
324,990,,retail,1,0,1,,,
325,991,,retail,1,0,1,,,
325,992,,retail,1,0,1,,,
325,993,,retail,1,0,1,,,
325,994,,retail,1,0,1,,,
325,1746,,retail,1,0,1,,,
326,995,,retail,1,0,1,,,
326,996,,retail,1,0,1,,,
326,997,,retail,1,0,1,,,
326,998,,retail,1,0,2,,,
326,1796,,retail,1,0,1,,,
326,1746,,retail,1,0,1,,,
327,999,,retail,1,0,1,,,
327,1000,,retail,1,0,1,,,
327,1001,,retail,1,0,1,,,
327,1002,,retail,1,0,1,,,
327,1003,,retail,1,0,1,,,
327,1004,,retail,1,0,1,,,
327,1792,,retail,1,0,2,,,
328,991,,retail,1,0,1,,,
328,992,,retail,1,0,1,,,
328,1005,,retail,1,0,1,,,
328,1006,,retail,1,0,1,,,
328,1746,,retail,1,0,1,,,
329,1007,,retail,1,0,1,,,
329,1008,,retail,1,0,1,,,
329,1009,,retail,1,0,1,,,
329,1010,,retail,1,0,2,,,
329,1746,,retail,1,0,1,,,
330,1011,,retail,1,0,1,,,
330,1012,,retail,1,0,1,,,
330,1013,,retail,1,0,1,,,
330,1014,,retail,1,0,1,,,
330,1015,,retail,1,0,1,,,
330,1016,,retail,1,0,1,,,
330,1017,,retail,1,0,1,,,
330,1018,,retail,1,0,1,,,
330,1019,,retail,1,0,1,,,
330,1020,,retail,1,0,1,,,
330,1021,,retail,1,0,1,,,
330,1022,,retail,1,0,1,,,
330,1746,,retail,1,0,1,,,
331,1023,,retail,1,0,1,,,
331,1024,,retail,1,0,1,,,
331,630,,retail,1,0,1,,,
332,1025,,retail,1,0,1,,,
332,1026,,retail,1,0,1,,,
333,1027,,retail,1,0,1,,,
333,1028,,retail,1,0,1,,,
333,1029,,retail,1,0,1,,,
333,1030,,retail,1,0,1,,,
333,1746,,retail,1,0,1,,,
334,1031,,retail,1,0,1,,,
334,1032,,retail,1,0,1,,,
334,1033,,retail,1,0,1,,,
334,1034,,retail,1,0,1,,,
334,1035,,retail,1,0,1,,,
334,1746,,retail,1,0,1,,,
335,1036,,retail,1,0,1,,,
335,1037,,retail,1,0,1,,,
335,1038,,retail,1,0,1,,,
335,1039,,retail,1,0,1,,,
335,1040,,retail,1,0,1,,,
335,1746,,retail,1,0,1,,,
336,1041,,retail,1,0,1,,,
336,1042,,retail,1,0,1,,,
336,1043,,retail,1,0,1,,,
336,1044,,retail,1,0,1,,,
336,1045,,retail,1,0,1,,,
336,1046,,retail,1,0,1,,,
336,1746,,retail,1,0,1,,,
337,1047,,retail,1,0,1,,,
337,1048,,retail,1,0,1,,,
337,1049,,retail,1,0,1,,,
337,1050,,retail,1,0,2,,,
337,1746,,retail,1,0,1,,,
338,1051,,retail,1,0,1,,,
338,1052,,retail,1,0,1,,,
338,1053,,retail,1,0,1,,,
338,1054,,retail,1,0,1,,,
338,1055,,retail,1,0,1,,,
338,1796,,retail,1,0,1,,,
338,1746,,retail,1,0,1,,,
339,1056,,retail,1,0,1,,,
339,1057,,retail,1,0,2,,,
339,1058,,retail,1,0,1,,,
339,1059,,retail,1,0,1,,,
339,1746,,retail,1,0,1,,,
340,1060,,retail,1,0,1,,,
340,1061,,retail,1,0,1,,,
340,1062,,retail,1,0,2,,,
340,1746,,retail,1,0,1,,,
341,1063,,retail,1,0,1,,,
341,1064,,retail,1,0,1,,,
341,1746,,retail,1,0,1,,,
342,1065,,retail,1,0,1,,,
342,1066,,retail,1,0,1,,,
342,1067,,retail,1,0,1,,,
342,1796,,retail,1,0,1,,,
342,1746,,retail,1,0,1,,,
343,1068,,retail,1,0,1,,,
343,1069,,retail,1,0,1,,,
343,1070,,retail,1,0,1,,,
343,1071,,retail,1,0,1,,,
343,1072,,retail,1,0,1,,,
343,1073,,retail,1,0,1,,,
343,1074,,retail,1,0,1,,,
343,1746,,retail,1,0,1,,,
344,1075,,retail,1,0,1,,,
344,1076,,retail,1,0,1,,,
344,1077,,retail,1,0,1,,,
344,1078,,retail,1,0,1,,,
344,1079,,retail,1,0,1,,,
344,1080,,retail,1,0,1,,,
344,1081,,retail,1,0,1,,,
344,1746,,retail,1,0,1,,,
345,1082,,retail,1,0,1,,,
345,1083,,retail,1,0,1,,,
345,1084,,retail,1,0,1,,,
345,1085,,retail,1,0,1,,,
345,1746,,retail,1,0,1,,,
346,1086,,retail,1,0,1,,,
346,1087,,retail,1,0,1,,,
346,1088,,retail,1,0,2,,,
346,1746,,retail,1,0,1,,,
347,1089,,retail,1,0,1,,,
347,1090,,retail,1,0,1,,,
347,1091,,retail,1,0,1,,,
347,1092,,retail,1,0,1,,,
347,1093,,retail,1,0,1,,,
347,1094,,retail,1,0,1,,,
347,1797,,retail,1,0,1,,,
347,1746,,retail,1,0,1,,,
348,1095,,retail,1,0,1,,,
348,1096,,retail,1,0,1,,,
348,1097,,retail,1,0,1,,,
348,1098,,retail,1,0,1,,,
348,1746,,retail,1,0,1,,,
349,1099,,retail,1,0,1,,,
349,1100,,retail,1,0,1,,,
349,1101,,retail,1,0,1,,,
349,1102,,retail,1,0,1,,,
349,1103,,retail,1,0,1,,,
349,1746,,retail,1,0,1,,,
350,1104,,retail,1,0,1,,,
350,1105,,retail,1,0,1,,,
350,1106,,retail,1,0,1,,,
350,1107,,retail,1,0,1,,,
350,1746,,retail,1,0,1,,,
351,1108,,retail,1,0,1,,,
351,1109,,retail,1,0,1,,,
351,1110,,retail,1,0,1,,,
351,1746,,retail,1,0,1,,,
352,1111,,retail,1,0,1,,,
353,1112,,retail,1,0,1,,,
353,1113,,retail,1,0,1,,,
353,1114,,retail,1,0,1,,,
353,599,,retail,1,0,1,,,
353,1746,,retail,1,0,1,,,
354,1115,,retail,1,0,2,,,
354,1116,,retail,1,0,2,,,
355,1117,,retail,1,0,1,,,
355,1118,,retail,1,0,1,,,
355,1746,,retail,1,0,1,,,
356,1119,,retail,1,0,1,,,
356,1120,,retail,1,0,1,,,
356,1121,,retail,1,0,1,,,
356,1122,,retail,1,0,1,,,
356,1746,,retail,1,0,1,,,
357,1123,,retail,1,0,1,,,
357,1124,,retail,1,0,1,,,
357,1125,,retail,1,0,1,,,
357,1126,,retail,1,0,1,,,
357,1746,,retail,1,0,1,,,
358,1127,,retail,1,0,1,,,
358,1128,,retail,1,0,1,,,
358,1129,,retail,1,0,1,,,
358,1130,,retail,1,0,1,,,
358,1746,,retail,1,0,1,,,
359,774,,retail,1,0,1,,,
359,776,,retail,1,0,1,,,
360,1131,,retail,1,0,1,,,
360,1132,,retail,1,0,1,,,
360,1746,,retail,1,0,1,,,
361,787,,retail,1,0,1,,,
361,778,,retail,1,0,1,,,
362,1133,,retail,1,0,1,,,
363,1134,,retail,1,0,1,,,
363,1135,,retail,1,0,1,,,
363,1136,,retail,1,0,1,,,
363,1746,,retail,1,0,1,,,
364,1137,,retail,1,0,1,,,
364,1138,,retail,1,0,1,,,
365,1139,,retail,1,0,1,,,
365,1140,,retail,1,0,1,,,
365,1746,,retail,1,0,1,,,
366,1141,,retail,1,0,1,,,
366,1142,,retail,1,0,1,,,
366,1746,,retail,1,0,1,,,
367,1143,,retail,1,0,1,,,
367,1144,,retail,1,0,1,,,
367,1746,,retail,1,0,1,,,
368,730,,retail,1,0,1,,,
368,793,,retail,1,0,1,,,
369,580,,retail,1,0,1,,,
369,581,,retail,1,0,1,,,
369,582,,retail,1,0,1,,,
370,1145,,retail,1,0,1,,,
370,1146,,retail,1,0,1,,,
370,1147,,retail,1,0,2,,,
370,1148,,retail,1,0,1,,,
370,1149,,retail,1,0,3,,,
370,1746,,retail,1,0,1,,,
371,1150,,retail,1,0,1,,,
371,1151,,retail,1,0,1,,,
371,1152,,retail,1,0,1,,,
371,1153,,retail,1,0,1,,,
371,1154,,retail,1,0,1,,,
371,1155,,retail,1,0,1,,,
371,1746,,retail,1,0,1,,,
372,1156,,retail,1,0,1,,,
372,1024,,retail,1,0,1,,,
372,257,,retail,1,0,1,,,
373,1157,,retail,1,0,1,,,
373,526,,retail,1,0,1,,,
373,713,,retail,1,0,1,,,
373,1158,,retail,1,0,1,,,
373,1159,,retail,1,0,1,,,
373,1160,,retail,1,0,2,,,
373,1161,,retail,1,0,1,,,
373,528,,retail,1,0,1,,,
373,1746,,retail,1,0,1,,,
374,1162,,retail,1,0,1,,,
374,1163,,retail,1,0,1,,,
374,1164,,retail,1,0,1,,,
374,1165,,retail,1,0,1,,,
374,1166,,retail,1,0,1,,,
374,1167,,retail,1,0,1,,,
374,1168,,retail,1,0,1,,,
374,1754,,retail,1,0,1,,,
375,1169,,retail,1,0,1,,,
375,1170,,retail,1,0,1,,,
375,1171,,retail,1,0,1,,,
375,1172,,retail,1,0,1,,,
375,1173,,retail,1,0,1,,,
375,1174,,retail,1,0,1,,,
375,1175,,retail,1,0,2,,,
375,1758,,retail,1,0,1,,,
375,1780,,bonus,1,0,1,,,
376,1176,,retail,1,0,1,,,
376,1177,,retail,1,0,1,,,
376,1178,,retail,1,0,1,,,
376,1179,,retail,1,0,1,,,
376,1180,,retail,1,0,1,,,
376,1181,,retail,1,0,1,,,
376,1182,,retail,1,0,2,,,
376,1768,,retail,1,0,1,,,
376,1790,,bonus,1,0,1,,,
377,1183,,retail,1,0,1,,,
377,1184,,retail,1,0,1,,,
377,1185,,retail,1,0,1,,,
377,1186,,retail,1,0,1,,,
377,1187,,retail,1,0,2,,,
377,1746,,retail,1,0,1,,,
377,1769,,bonus,1,0,1,,,
378,1188,,retail,1,0,1,,,
378,1189,,retail,1,0,1,,,
378,1060,,retail,1,0,1,,,
378,1190,,retail,1,0,1,,,
378,631,,retail,1,0,1,,,
378,1191,,retail,1,0,1,,,
378,1192,,retail,1,0,2,,,
378,1193,,retail,1,0,1,,,
378,1796,,retail,1,0,1,,,
378,1746,,retail,1,0,1,,,
378,1769,,bonus,1,0,1,,,
379,1194,,retail,1,0,1,,,
379,1195,,retail,1,0,1,,,
379,1196,,retail,1,0,1,,,
379,1197,,retail,1,0,2,,,
379,1198,,retail,1,0,1,,,
379,1199,,retail,1,0,1,,,
379,1759,,retail,1,0,1,,,
379,1781,,bonus,1,0,1,,,
380,1031,,retail,1,0,1,,,
380,1032,,retail,1,0,1,,,
380,1033,,retail,1,0,1,,,
380,1034,,retail,1,0,1,,,
380,1035,,retail,1,0,1,,,
380,1746,,retail,1,0,1,,,
381,1200,,retail,1,0,1,,,
381,1201,,retail,1,0,1,,,
381,1202,,retail,1,0,1,,,
381,1203,,retail,1,0,1,,,
381,1204,,retail,1,0,2,,,
381,1748,,retail,1,0,1,,,
381,1771,,bonus,1,0,1,,,
382,1205,,retail,1,0,1,,,
382,1206,,retail,1,0,1,,,
382,1207,,retail,1,0,1,,,
382,1208,,retail,1,0,1,,,
382,1209,,retail,1,0,1,,,
382,1210,,retail,1,0,2,,,
382,1768,,retail,1,0,1,,,
382,1790,,bonus,1,0,1,,,
383,722,,retail,1,0,1,,,
383,1746,,retail,1,0,1,,,
384,393,,retail,1,0,1,,,
384,1746,,retail,1,0,1,,,
385,1211,,retail,1,0,1,,,
385,1212,,retail,1,0,1,,,
386,1213,,retail,1,0,1,,,
386,1214,,retail,1,0,1,,,
386,1215,,retail,1,0,1,,,
386,1216,,retail,1,0,1,,,
386,1217,,retail,1,0,2,,,
386,1193,,retail,1,0,1,,,
386,1796,,retail,1,0,1,,,
386,1760,,retail,1,0,1,,,
386,1782,,bonus,1,0,1,,,
388,1218,,retail,1,0,1,,,
388,1219,,retail,1,0,1,,,
388,1220,,retail,1,0,1,,,
388,1221,,retail,1,0,1,,,
388,1222,,retail,1,0,1,,,
388,1223,,retail,1,0,1,,,
388,1224,,retail,1,0,2,,,
388,1225,,bonus,1,0,1,,,
388,1747,,retail,1,0,1,,,
388,1770,,bonus,1,0,1,,,
389,1226,,retail,1,0,1,,,
389,417,,retail,1,0,1,,,
389,1746,,retail,1,0,1,,,
390,1227,,retail,1,0,1,,,
390,1043,,retail,1,0,1,,,
390,1044,,retail,1,0,1,,,
390,1228,,retail,1,0,1,,,
390,1046,,retail,1,0,1,,,
390,1746,,retail,1,0,1,,,
391,1229,,retail,1,0,1,,,
391,1230,,retail,1,0,1,,,
391,1231,,retail,1,0,1,,,
391,1232,,retail,1,0,2,,,
391,1233,,retail,1,0,1,,,
391,1234,,retail,1,0,1,,,
391,1767,,retail,1,0,1,,,
391,1789,,bonus,1,0,1,,,
392,1235,,retail,1,0,1,,,
392,1236,,retail,1,0,1,,,
392,1237,,retail,1,0,1,,,
392,1238,,retail,1,0,1,,,
392,1239,,retail,1,0,2,,,
392,1240,,retail,1,0,1,,,
392,1768,,retail,1,0,1,,,
392,1790,,bonus,1,0,1,,,
394,1241,,retail,1,0,1,,,
394,1242,,retail,1,0,1,,,
394,1243,,retail,1,0,1,,,
394,457,,retail,1,0,1,,,
394,596,,retail,1,0,1,,,
394,1244,,retail,1,0,1,,,
394,1245,,retail,1,0,2,,,
394,1246,,bonus,1,0,1,,,
394,1746,,retail,1,0,1,,,
394,1770,,bonus,1,0,1,,,
395,1247,,retail,1,0,1,,,
395,1248,,retail,1,0,1,,,
395,1249,,retail,1,0,1,,,
395,1250,,retail,1,0,1,,,
395,1251,,retail,1,0,1,,,
395,1252,,retail,1,0,2,,,
395,1762,,retail,1,0,1,,,
395,1784,,bonus,1,0,1,,,
396,1253,,retail,1,0,1,,,
396,1254,,retail,1,0,1,,,
396,1255,,retail,1,0,1,,,
396,1256,,retail,1,0,1,,,
396,1257,,retail,1,0,1,,,
396,1258,,retail,1,0,1,,,
396,1259,,retail,1,0,1,,,
396,1260,,retail,1,0,1,,,
396,1748,,retail,1,0,1,,,
396,1776,,bonus,1,0,1,,,
397,1261,,retail,1,0,1,,,
397,1262,,retail,1,0,1,,,
397,1263,,retail,1,0,1,,,
397,1208,,retail,1,0,1,,,
397,1264,,retail,1,0,1,,,
397,1265,,retail,1,0,1,,,
397,1266,,retail,1,0,2,,,
397,1768,,retail,1,0,1,,,
397,1790,,bonus,1,0,1,,,
398,1267,,retail,1,0,1,,,
398,720,,retail,1,0,1,,,
398,1190,,retail,1,0,1,,,
398,1268,,retail,1,0,1,,,
398,1269,,retail,1,0,1,,,
398,1270,,retail,1,0,2,,,
398,1746,,retail,1,0,1,,,
398,1769,,bonus,1,0,1,,,
399,1271,,retail,1,0,1,,,
399,629,,retail,1,0,1,,,
399,432,,retail,1,0,1,,,
399,692,,retail,1,0,1,,,
399,1272,,retail,1,0,1,,,
399,1273,,retail,1,0,1,,,
399,1274,,retail,1,0,2,,,
399,1746,,retail,1,0,1,,,
399,1769,,bonus,1,0,1,,,
400,1275,,retail,1,0,1,,,
401,1276,,retail,1,0,1,,,
401,1277,,retail,1,0,1,,,
401,1278,,retail,1,0,1,,,
401,1279,,retail,1,0,1,,,
401,1280,,retail,1,0,1,,,
401,1281,,retail,1,0,1,,,
401,1282,,retail,1,0,1,,,
401,1283,,bonus,1,0,1,,,
401,1753,,retail,1,0,1,,,
401,1775,,bonus,1,0,1,,,
402,554,,retail,1,0,1,,,
402,1284,,retail,1,0,1,,,
402,1746,,retail,1,0,1,,,
403,1285,,retail,1,0,1,,,
403,1286,,retail,1,0,1,,,
403,1746,,retail,1,0,1,,,
404,1287,,retail,1,0,1,,,
404,1288,,retail,1,0,1,,,
404,1248,,retail,1,0,1,,,
404,1289,,retail,1,0,1,,,
404,984,,retail,1,0,1,,,
404,1290,,retail,1,0,1,,,
404,1291,,retail,1,0,1,,,
404,1762,,retail,1,0,1,,,
404,1784,,bonus,1,0,1,,,
405,1292,,retail,1,0,1,,,
405,1293,,retail,1,0,1,,,
405,1294,,retail,1,0,1,,,
405,1295,,retail,1,0,1,,,
405,1296,,retail,1,0,2,,,
405,1760,,retail,1,0,1,,,
405,1782,,bonus,1,0,1,,,
406,1176,,retail,1,0,1,,,
406,1177,,retail,1,0,1,,,
406,1178,,retail,1,0,1,,,
406,1179,,retail,1,0,1,,,
406,1180,,retail,1,0,1,,,
406,1297,,retail,1,0,1,,,
406,1298,,retail,1,0,1,,,
406,1182,,retail,1,0,1,,,
406,1768,,retail,1,0,1,,,
406,1790,,bonus,1,0,1,,,
407,1242,,retail,1,0,1,,,
407,1243,,retail,1,0,1,,,
407,457,,retail,1,0,1,,,
407,596,,retail,1,0,1,,,
407,1299,,retail,1,0,1,,,
407,1274,,retail,1,0,2,,,
407,1746,,retail,1,0,1,,,
407,1769,,bonus,1,0,1,,,
408,1300,,retail,1,0,1,,,
408,1301,,retail,1,0,1,,,
408,1302,,retail,1,0,1,,,
408,1303,,retail,1,0,1,,,
408,1304,,retail,1,0,2,,,
408,1761,,retail,1,0,1,,,
408,1783,,bonus,1,0,1,,,
409,1305,,retail,1,0,1,,,
409,1306,,retail,1,0,1,,,
409,1307,,retail,1,0,1,,,
409,1308,,retail,1,0,1,,,
409,1309,,retail,1,0,2,,,
409,1310,,retail,1,0,1,,,
409,1311,,retail,1,0,1,,,
409,1747,,retail,1,0,1,,,
409,1770,,bonus,1,0,1,,,
410,1312,,retail,1,0,1,,,
410,1313,,retail,1,0,1,,,
410,1314,,retail,1,0,1,,,
410,1315,,retail,1,0,1,,,
410,1316,,retail,1,0,1,,,
410,1317,,retail,1,0,2,,,
410,1318,,retail,1,0,2,,,
410,1761,,retail,1,0,1,,,
410,1783,,bonus,1,0,1,,,
411,1082,,retail,1,0,1,,,
411,1319,,retail,1,0,1,,,
411,1084,,retail,1,0,1,,,
411,1085,,retail,1,0,1,,,
411,1746,,retail,1,0,1,,,
412,1320,,retail,1,0,1,,,
412,1321,,retail,1,0,1,,,
412,1322,,retail,1,0,2,,,
412,1746,,retail,1,0,1,,,
413,1323,,retail,1,0,1,,,
413,1324,,retail,1,0,1,,,
413,1325,,retail,1,0,1,,,
413,1326,,retail,1,0,1,,,
413,1327,,retail,1,0,1,,,
413,1328,,retail,1,0,1,,,
413,1329,,retail,1,0,1,,,
413,1768,,retail,1,0,1,,,
413,1789,,bonus,1,0,1,,,
414,1089,,retail,1,0,1,,,
414,1090,,retail,1,0,1,,,
414,1091,,retail,1,0,1,,,
414,1092,,retail,1,0,1,,,
414,1093,,retail,1,0,1,,,
414,1094,,retail,1,0,1,,,
414,1797,,retail,1,0,1,,,
414,1746,,retail,1,0,1,,,
415,1330,,retail,1,0,1,,,
415,1331,,retail,1,0,1,,,
415,1332,,retail,1,0,1,,,
415,1333,,retail,1,0,1,,,
415,1746,,retail,1,0,1,,,
416,1334,,retail,1,0,1,,,
416,1335,,retail,1,0,1,,,
416,1336,,retail,1,0,1,,,
417,1337,,retail,1,0,1,,,
417,1338,,retail,1,0,1,,,
417,1339,,retail,1,0,1,,,
417,1340,,retail,1,0,1,,,
417,1341,,retail,1,0,1,,,
417,1761,,retail,1,0,1,,,
417,1783,,bonus,1,0,1,,,
418,1243,,retail,1,0,1,,,
418,1342,,retail,1,0,1,,,
418,1124,,retail,1,0,1,,,
418,1343,,retail,1,0,1,,,
418,1344,,retail,1,0,1,,,
418,1345,,retail,1,0,2,,,
418,1346,,retail,1,0,1,,,
418,1796,,retail,1,0,1,,,
418,1746,,retail,1,0,1,,,
418,1769,,bonus,1,0,1,,,
420,1099,,retail,1,0,1,,,
420,1100,,retail,1,0,1,,,
420,1101,,retail,1,0,1,,,
420,1102,,retail,1,0,1,,,
420,1103,,retail,1,0,1,,,
420,1746,,retail,1,0,1,,,
421,1347,,retail,1,0,1,,,
421,1348,,retail,1,0,1,,,
421,1242,,retail,1,0,1,,,
421,1243,,retail,1,0,1,,,
421,457,,retail,1,0,1,,,
421,1349,,retail,1,0,1,,,
421,1350,,retail,1,0,1,,,
421,1274,,retail,1,0,2,,,
421,1351,,bonus,1,0,1,,,
421,1746,,retail,1,0,1,,,
421,1769,,bonus,1,0,1,,,
422,1352,,retail,1,0,1,,,
422,1353,,retail,1,0,1,,,
422,1354,,retail,1,0,1,,,
422,1355,,retail,1,0,1,,,
422,1356,,retail,1,0,2,,,
422,1748,,retail,1,0,1,,,
422,1771,,bonus,1,0,1,,,
423,1060,,retail,1,0,1,,,
423,1190,,retail,1,0,1,,,
423,631,,retail,1,0,1,,,
423,1191,,retail,1,0,1,,,
423,1192,,retail,1,0,2,,,
423,1746,,retail,1,0,1,,,
423,1769,,bonus,1,0,1,,,
424,1104,,retail,1,0,1,,,
424,1105,,retail,1,0,1,,,
424,1357,,retail,1,0,1,,,
424,1107,,retail,1,0,1,,,
424,1746,,retail,1,0,1,,,
425,1358,,retail,1,0,1,,,
425,1183,,retail,1,0,1,,,
425,1184,,retail,1,0,1,,,
425,1185,,retail,1,0,1,,,
425,1187,,retail,1,0,1,,,
425,1746,,retail,1,0,1,,,
425,1769,,bonus,1,0,1,,,
426,410,,retail,1,0,1,,,
426,411,,retail,1,0,1,,,
426,1359,,retail,1,0,1,,,
426,1327,,retail,1,0,1,,,
426,1360,,retail,1,0,1,,,
426,1361,,retail,1,0,1,,,
426,1362,,retail,1,0,1,,,
426,1363,,retail,1,0,1,,,
426,1789,,bonus,1,0,1,,,
427,380,,retail,1,0,1,,,
427,1746,,retail,1,0,1,,,
428,336,,retail,1,0,1,,,
428,1364,,retail,1,0,1,,,
429,1220,,retail,1,0,1,,,
429,1221,,retail,1,0,1,,,
429,1222,,retail,1,0,1,,,
429,1365,,retail,1,0,1,,,
429,1224,,retail,1,0,1,,,
429,1747,,retail,1,0,1,,,
429,1770,,bonus,1,0,1,,,
430,1366,,retail,1,0,1,,,
430,1367,,retail,1,0,1,,,
430,641,,retail,1,0,1,,,
430,1368,,retail,1,0,1,,,
430,1369,,retail,1,0,2,,,
430,1746,,retail,1,0,1,,,
430,1769,,bonus,1,0,1,,,
431,1366,,retail,1,0,1,,,
431,1367,,retail,1,0,1,,,
431,641,,retail,1,0,1,,,
431,1368,,retail,1,0,1,,,
431,1369,,retail,1,0,2,,,
431,1746,,retail,1,0,1,,,
431,1769,,bonus,1,0,1,,,
432,1370,,retail,1,0,1,,,
432,1371,,retail,1,0,1,,,
432,1372,,retail,1,0,1,,,
432,1373,,retail,1,0,1,,,
432,1374,,retail,1,0,1,,,
432,1375,,retail,1,0,2,,,
432,1768,,retail,1,0,1,,,
432,1790,,bonus,1,0,1,,,
433,1376,,retail,1,0,1,,,
433,1377,,retail,1,0,1,,,
433,1378,,retail,1,0,1,,,
433,1379,,retail,1,0,1,,,
433,1272,,retail,1,0,1,,,
433,1380,,retail,1,0,1,,,
433,1381,,retail,1,0,1,,,
433,1746,,retail,1,0,1,,,
433,1769,,bonus,1,0,1,,,
434,1382,,retail,1,0,1,,,
434,1383,,retail,1,0,1,,,
434,1384,,retail,1,0,1,,,
434,1385,,retail,1,0,1,,,
434,1386,,retail,1,0,1,,,
434,1387,,retail,1,0,1,,,
434,1388,,retail,1,0,2,,,
434,1761,,retail,1,0,1,,,
434,1783,,bonus,1,0,1,,,
435,921,,retail,1,0,1,,,
435,922,,retail,1,0,1,,,
435,1376,,retail,1,0,1,,,
435,1377,,retail,1,0,1,,,
435,1378,,retail,1,0,1,,,
435,1379,,retail,1,0,1,,,
435,1272,,retail,1,0,1,,,
435,1746,,retail,1,0,1,,,
436,1389,,retail,1,0,1,,,
436,1390,,retail,1,0,1,,,
436,533,,retail,1,0,1,,,
436,1190,,retail,1,0,1,,,
436,1391,,retail,1,0,1,,,
436,1392,,retail,1,0,2,,,
436,1393,,retail,1,0,1,,,
436,1796,,retail,1,0,1,,,
436,1746,,retail,1,0,1,,,
436,1769,,bonus,1,0,1,,,
437,1389,,retail,1,0,1,,,
438,1394,,retail,1,0,1,,,
438,1395,,retail,1,0,1,,,
438,1396,,retail,1,0,1,,,
438,1397,,retail,1,0,1,,,
438,1398,,retail,1,0,1,,,
438,1399,,retail,1,0,1,,,
438,1400,,retail,1,0,2,,,
438,1768,,retail,1,0,1,,,
438,1790,,bonus,1,0,1,,,
439,1401,,retail,1,0,1,,,
439,1402,,retail,1,0,1,,,
439,1746,,retail,1,0,1,,,
440,1403,,retail,1,0,1,,,
440,1404,,retail,1,0,1,,,
440,1405,,retail,1,0,1,,,
440,1406,,retail,1,0,1,,,
440,1407,,retail,1,0,1,,,
440,1408,,retail,1,0,1,,,
440,1409,,retail,1,0,2,,,
440,1410,,bonus,1,0,1,,,
440,1768,,retail,1,0,1,,,
440,1790,,bonus,1,0,1,,,
441,1411,,retail,1,0,1,,,
441,1412,,retail,1,0,1,,,
441,1413,,retail,1,0,1,,,
441,1414,,retail,1,0,1,,,
441,1415,,retail,1,0,1,,,
441,1416,,retail,1,0,2,,,
441,1417,,bonus,1,0,1,,,
441,1754,,retail,1,0,1,,,
441,1776,,bonus,1,0,1,,,
442,1418,,retail,1,0,1,,,
442,1419,,retail,1,0,1,,,
442,1420,,bonus,1,0,1,,,
443,1421,,retail,1,0,1,,,
443,1422,,retail,1,0,1,,,
443,1423,,retail,1,0,1,,,
443,1424,,retail,1,0,1,,,
443,1425,,retail,1,0,1,,,
443,1426,,retail,1,0,1,,,
443,1427,,retail,1,0,2,,,
443,1750,,retail,1,0,1,,,
443,1773,,bonus,1,0,1,,,
444,1112,,retail,1,0,1,,,
444,1108,,retail,1,0,1,,,
444,1428,,retail,1,0,1,,,
444,1110,,retail,1,0,1,,,
444,599,,retail,1,0,1,,,
444,1746,,retail,1,0,1,,,
445,315,,retail,1,0,1,,,
445,1746,,retail,1,0,1,,,
446,1429,,retail,1,0,1,,,
446,1430,,retail,1,0,1,,,
446,1431,,retail,1,0,1,,,
446,1432,,retail,1,0,1,,,
446,1433,,retail,1,0,2,,,
446,1747,,retail,1,0,1,,,
446,1770,,bonus,1,0,1,,,
447,1434,,retail,1,0,1,,,
447,1435,,retail,1,0,1,,,
447,1436,,retail,1,0,1,,,
447,1437,,retail,1,0,1,,,
447,1438,,retail,1,0,2,,,
447,1439,,retail,1,0,1,,,
447,1440,,retail,1,0,1,,,
447,1758,,retail,1,0,1,,,
447,1780,,bonus,1,0,1,,,
448,660,,retail,1,0,1,,,
449,1441,,retail,1,0,1,,,
449,1442,,retail,1,0,1,,,
449,1443,,retail,1,0,1,,,
449,1444,,retail,1,0,1,,,
449,1445,,retail,1,0,2,,,
449,1761,,retail,1,0,1,,,
449,1783,,bonus,1,0,1,,,
450,1441,,retail,1,0,1,,,
450,1442,,retail,1,0,1,,,
450,1443,,retail,1,0,1,,,
450,1444,,retail,1,0,1,,,
450,1445,,retail,1,0,2,,,
450,1761,,retail,1,0,1,,,
450,1783,,bonus,1,0,1,,,
451,1446,,retail,1,0,1,,,
451,1241,,retail,1,0,1,,,
451,1242,,retail,1,0,1,,,
451,1243,,retail,1,0,1,,,
451,457,,retail,1,0,1,,,
451,1447,,retail,1,0,1,,,
451,1245,,retail,1,0,2,,,
451,1746,,retail,1,0,1,,,
451,1769,,bonus,1,0,1,,,
452,1446,,retail,1,0,1,,,
452,1241,,retail,1,0,1,,,
452,1242,,retail,1,0,1,,,
452,1243,,retail,1,0,1,,,
452,457,,retail,1,0,1,,,
452,1447,,retail,1,0,1,,,
452,1245,,retail,1,0,2,,,
452,1746,,retail,1,0,1,,,
452,1769,,bonus,1,0,1,,,
453,1448,,retail,1,0,1,,,
453,1449,,retail,1,0,1,,,
453,1450,,retail,1,0,1,,,
453,1451,,retail,1,0,1,,,
453,1452,,retail,1,0,1,,,
453,1453,,retail,1,0,2,,,
453,1761,,retail,1,0,1,,,
453,1783,,bonus,1,0,1,,,
454,1454,,retail,1,0,1,,,
357,629,,retail,1,0,1,,,
357,432,,retail,1,0,1,,,
357,692,,retail,1,0,1,,,
357,1272,,retail,1,0,1,,,
357,1273,,retail,1,0,1,,,
357,1274,,retail,1,0,2,,,
357,1769,,bonus,1,0,1,,,
455,629,,retail,1,0,1,,,
455,432,,retail,1,0,1,,,
455,692,,retail,1,0,1,,,
455,1272,,retail,1,0,1,,,
455,1273,,retail,1,0,1,,,
455,1274,,retail,1,0,2,,,
455,1746,,retail,1,0,1,,,
455,1769,,bonus,1,0,1,,,
456,1455,,retail,1,0,1,,,
456,1456,,retail,1,0,1,,,
456,1284,,retail,1,0,1,,,
456,1457,,retail,1,0,1,,,
456,1458,,retail,1,0,1,,,
456,1459,,retail,1,0,1,,,
456,1460,,retail,1,0,1,,,
456,1461,,retail,1,0,2,,,
456,1752,,retail,1,0,1,,,
456,1774,,bonus,1,0,1,,,
457,1462,,retail,1,0,1,,,
457,1284,,retail,1,0,1,,,
457,1457,,retail,1,0,1,,,
457,1458,,retail,1,0,1,,,
457,1459,,retail,1,0,1,,,
457,1463,,retail,1,0,1,,,
457,1461,,retail,1,0,2,,,
457,1752,,retail,1,0,1,,,
457,1774,,bonus,1,0,1,,,
458,1464,,retail,1,0,1,,,
458,1465,,retail,1,0,1,,,
458,1466,,retail,1,0,1,,,
458,1467,,retail,1,0,1,,,
458,1468,,retail,1,0,1,,,
458,1370,,retail,1,0,1,,,
458,1469,,retail,1,0,1,,,
458,1470,,retail,1,0,1,,,
458,1471,,retail,1,0,1,,,
458,1472,,retail,1,0,1,,,
458,1473,,retail,1,0,2,,,
458,1474,,retail,1,0,2,,,
458,1768,,retail,1,0,1,,,
458,1760,,retail,1,0,1,,,
458,1790,,bonus,1,0,1,,,
458,1782,,bonus,1,0,1,,,
459,1475,,retail,1,0,1,,,
459,1476,,retail,1,0,1,,,
459,1477,,retail,1,0,1,,,
459,1478,,retail,1,0,2,,,
459,1479,,retail,1,0,1,,,
459,1480,,retail,1,0,1,,,
459,1747,,retail,1,0,1,,,
459,1770,,bonus,1,0,1,,,
461,1481,,retail,1,0,1,,,
461,1482,,retail,1,0,1,,,
461,1483,,retail,1,0,1,,,
461,1484,,retail,1,0,1,,,
461,1485,,retail,1,0,1,,,
461,1486,,retail,1,0,2,,,
461,1760,,retail,1,0,1,,,
461,1782,,bonus,1,0,1,,,
462,1487,,retail,1,0,1,,,
462,1488,,retail,1,0,1,,,
462,1489,,retail,1,0,1,,,
462,1490,,retail,1,0,1,,,
462,1491,,retail,1,0,1,,,
462,1492,,retail,1,0,2,,,
462,1768,,retail,1,0,1,,,
462,1790,,bonus,1,0,1,,,
463,1493,,retail,1,0,1,,,
463,984,,retail,1,0,1,,,
464,1131,,retail,1,0,1,,,
464,1494,,retail,1,0,2,,,
464,1495,,retail,1,0,1,,,
464,1496,,retail,1,0,1,,,
464,1497,,retail,1,0,1,,,
464,1746,,retail,1,0,1,,,
464,1769,,bonus,1,0,1,,,
465,1498,,retail,1,0,1,,,
465,1499,,retail,1,0,1,,,
465,1500,,retail,1,0,1,,,
465,1501,,retail,1,0,1,,,
465,1502,,retail,1,0,1,,,
465,1503,,retail,1,0,2,,,
465,1747,,retail,1,0,1,,,
465,1770,,bonus,1,0,1,,,
466,432,,retail,1,0,1,,,
466,1746,,retail,1,0,1,,,
467,1504,,retail,1,0,1,,,
467,1505,,retail,1,0,1,,,
467,1506,,retail,1,0,1,,,
467,1359,,retail,1,0,1,,,
467,1507,,retail,1,0,1,,,
467,1329,,retail,1,0,2,,,
467,1767,,retail,1,0,1,,,
467,1789,,bonus,1,0,1,,,
468,1504,,retail,1,0,1,,,
468,1505,,retail,1,0,1,,,
468,1506,,retail,1,0,1,,,
468,1359,,retail,1,0,1,,,
468,1507,,retail,1,0,1,,,
468,1329,,retail,1,0,2,,,
468,1767,,retail,1,0,1,,,
468,1789,,bonus,1,0,1,,,
469,433,,retail,1,0,1,,,
469,1746,,retail,1,0,1,,,
470,489,,retail,1,0,1,,,
470,1746,,retail,1,0,1,,,
471,722,,retail,1,0,1,,,
471,1746,,retail,1,0,1,,,
472,1508,,retail,1,0,1,,,
472,1509,,retail,1,0,1,,,
472,1510,,retail,1,0,1,,,
472,1511,,retail,1,0,1,,,
472,1512,,retail,1,0,1,,,
472,1513,,retail,1,0,2,,,
472,1759,,retail,1,0,1,,,
472,1781,,bonus,1,0,1,,,
473,1514,,retail,1,0,1,,,
474,1515,,retail,1,0,1,,,
474,1516,,retail,1,0,1,,,
474,1517,,retail,1,0,1,,,
474,1518,,retail,1,0,2,,,
474,1519,,retail,1,0,1,,,
474,1520,,retail,1,0,1,,,
474,1752,,retail,1,0,1,,,
474,1774,,bonus,1,0,1,,,
475,1521,,retail,1,0,1,,,
475,1522,,retail,1,0,1,,,
475,1523,,retail,1,0,2,,,
475,1524,,retail,1,0,1,,,
475,1149,,retail,1,0,3,,,
475,1746,,retail,1,0,1,,,
476,1150,,retail,1,0,1,,,
476,1151,,retail,1,0,1,,,
476,1152,,retail,1,0,1,,,
476,1153,,retail,1,0,1,,,
476,1154,,retail,1,0,1,,,
476,1155,,retail,1,0,1,,,
476,1746,,retail,1,0,1,,,
477,1525,,retail,1,0,1,,,
477,1526,,retail,1,0,1,,,
477,1527,,retail,1,0,1,,,
477,1528,,retail,1,0,1,,,
477,1529,,retail,1,0,2,,,
477,1530,,retail,1,0,1,,,
477,1796,,retail,1,0,1,,,
477,1758,,retail,1,0,1,,,
477,1780,,bonus,1,0,1,,,
478,1531,,retail,1,0,1,,,
478,1532,,retail,1,0,1,,,
478,1533,,retail,1,0,1,,,
478,1534,,retail,1,0,1,,,
478,1535,,retail,1,0,2,,,
478,1758,,retail,1,0,1,,,
478,1780,,bonus,1,0,1,,,
479,1536,,retail,1,0,1,,,
479,1537,,retail,1,0,1,,,
479,1538,,retail,1,0,1,,,
479,1539,,retail,1,0,1,,,
479,1540,,retail,1,0,1,,,
479,1541,,retail,1,0,1,,,
479,1542,,retail,1,0,1,,,
479,1543,,retail,1,0,1,,,
479,1544,,bonus,1,0,1,,,
480,1545,,retail,1,0,1,,,
480,1546,,retail,1,0,1,,,
480,1547,,retail,1,0,1,,,
480,1548,,retail,1,0,1,,,
480,1549,,retail,1,0,1,,,
480,1550,,retail,1,0,1,,,
480,1551,,retail,1,0,1,,,
480,1552,,bonus,1,0,1,,,
481,1545,,retail,1,0,1,,,
481,1546,,retail,1,0,1,,,
481,1547,,retail,1,0,1,,,
481,1548,,retail,1,0,1,,,
481,1549,,retail,1,0,1,,,
481,1550,,retail,1,0,1,,,
481,1551,,retail,1,0,1,,,
481,1552,,bonus,1,0,1,,,
482,1553,,retail,1,0,1,,,
482,1554,,retail,1,0,1,,,
483,1555,,retail,1,0,1,,,
483,1556,,retail,1,0,1,,,
483,1557,,retail,1,0,1,,,
483,1558,,retail,1,0,1,,,
483,1559,,retail,1,0,1,,,
483,1560,,retail,1,0,1,,,
483,1561,,retail,1,0,2,,,
483,1562,,retail,1,0,1,,,
483,1563,,bonus,1,0,1,,,
483,1564,,bonus,1,0,1,,,
484,1555,,retail,1,0,1,,,
484,1565,,retail,1,0,1,,,
484,1566,,retail,1,0,1,,,
484,1567,,retail,1,0,1,,,
484,1568,,retail,1,0,1,,,
484,1569,,retail,1,0,1,,,
484,1561,,retail,1,0,2,,,
484,1570,,retail,1,0,1,,,
484,1571,,bonus,1,0,1,,,
484,1572,,bonus,1,0,1,,,
485,1573,,retail,1,0,1,,,
485,1574,,retail,1,0,1,,,
485,1575,,retail,1,0,1,,,
485,1538,,retail,1,0,1,,,
485,1576,,retail,1,0,1,,,
485,1577,,retail,1,0,1,,,
485,1578,,retail,1,0,1,,,
485,1579,,retail,1,0,1,,,
485,1580,,retail,1,0,1,,,
485,1581,,retail,1,0,1,,,
485,1582,,retail,1,0,1,,,
485,1583,,bonus,1,0,1,,,
485,1584,,bonus,1,0,1,,,
485,1585,,retail,1,0,1,,,
485,1586,,retail,1,0,1,,,
485,1587,,retail,1,0,1,,,
485,1588,,retail,1,0,1,,,
485,1589,,retail,1,0,1,,,
485,1590,,retail,1,0,1,,,
485,1591,,retail,1,0,1,,,
485,1592,,retail,1,0,1,,,
485,1593,,retail,1,0,1,,,
485,1594,,bonus,1,0,1,,,
485,1595,,bonus,1,0,1,,,
486,1596,,retail,1,0,1,,,
486,1597,,retail,1,0,1,,,
486,1598,,retail,1,0,1,,,
486,1599,,retail,1,0,1,,,
486,1600,,retail,1,0,2,,,
486,1601,,retail,1,0,1,,,
486,1758,,retail,1,0,1,,,
486,1780,,bonus,1,0,1,,,
487,1205,,retail,1,0,1,,,
487,1206,,retail,1,0,1,,,
487,1207,,retail,1,0,1,,,
487,1208,,retail,1,0,1,,,
487,1209,,retail,1,0,1,,,
487,1210,,retail,1,0,1,,,
487,1768,,retail,1,0,1,,,
487,1790,,bonus,1,0,1,,,
488,1602,,retail,1,0,1,,,
488,1603,,retail,1,0,1,,,
488,1604,,retail,1,0,1,,,
488,1160,,retail,1,0,2,,,
488,1746,,retail,1,0,1,,,
489,1605,,retail,1,0,1,,,
489,1606,,retail,1,0,1,,,
489,1607,,retail,1,0,1,,,
489,1608,,retail,1,0,2,,,
489,1609,,retail,1,0,1,,,
489,1610,,retail,1,0,1,,,
489,1763,,retail,1,0,1,,,
489,1785,,bonus,1,0,1,,,
490,1611,,retail,1,0,1,,,
490,1612,,retail,1,0,1,,,
490,1613,,retail,1,0,1,,,
490,1614,,retail,1,0,1,,,
490,1615,,retail,1,0,1,,,
490,1754,,retail,1,0,1,,,
490,1776,,bonus,1,0,1,,,
491,1616,,retail,1,0,1,,,
491,1617,,retail,1,0,1,,,
491,1618,,retail,1,0,1,,,
491,1619,,retail,1,0,1,,,
491,1620,,retail,1,0,1,,,
492,1621,,retail,1,0,1,,,
492,1183,,retail,1,0,1,,,
492,1184,,retail,1,0,1,,,
492,1185,,retail,1,0,1,,,
492,1622,,retail,1,0,1,,,
492,1187,,retail,1,0,1,,,
492,1746,,retail,1,0,1,,,
492,1769,,bonus,1,0,1,,,
493,1623,,retail,1,0,1,,,
493,1624,,retail,1,0,1,,,
493,1625,,retail,1,0,1,,,
493,1626,,retail,1,0,1,,,
493,1627,,retail,1,0,1,,,
493,1628,,retail,1,0,1,,,
493,1629,,retail,1,0,1,,,
493,1768,,retail,1,0,1,,,
493,1790,,bonus,1,0,1,,,
494,1630,,retail,1,0,1,,,
494,1631,,retail,1,0,1,,,
494,734,,retail,1,0,1,,,
494,1632,,retail,1,0,1,,,
494,1274,,retail,1,0,2,,,
495,1633,,retail,1,0,1,,,
495,1634,,retail,1,0,1,,,
495,1635,,retail,1,0,1,,,
495,1636,,retail,1,0,1,,,
495,1637,,retail,1,0,1,,,
495,1638,,retail,1,0,1,,,
495,1797,,retail,1,0,1,,,
496,1639,,retail,1,0,1,,,
496,1640,,retail,1,0,1,,,
496,1641,,retail,1,0,1,,,
496,1642,,retail,1,0,1,,,
496,1643,,retail,1,0,1,,,
497,1644,,retail,1,0,1,,,
497,432,,retail,1,0,1,,,
497,680,,retail,1,0,1,,,
497,852,,retail,1,0,1,,,
497,1645,,retail,1,0,1,,,
497,1274,,retail,1,0,2,,,
497,1746,,retail,1,0,1,,,
497,1769,,bonus,1,0,1,,,
498,1100,,retail,1,0,1,,,
499,1647,,retail,1,0,1,,,
500,1647,,retail,1,0,1,,,
500,1648,,retail,1,0,1,,,
500,1649,,retail,1,0,1,,,
500,1650,,retail,1,0,1,,,
500,1651,,retail,1,0,1,,,
500,1652,,retail,1,0,2,,,
500,1753,,retail,1,0,1,,,
500,1775,,bonus,1,0,1,,,
501,1653,,retail,1,0,1,,,
501,1654,,retail,1,0,1,,,
501,1655,,retail,1,0,1,,,
501,1656,,retail,1,0,1,,,
501,1657,,retail,1,0,1,,,
501,1658,,retail,1,0,1,,,
501,1659,,retail,1,0,1,,,
501,1768,,retail,1,0,1,,,
501,1790,,bonus,1,0,1,,,
502,1176,,retail,1,0,1,,,
502,1177,,retail,1,0,1,,,
502,1178,,retail,1,0,1,,,
502,1179,,retail,1,0,1,,,
502,1180,,retail,1,0,1,,,
502,1768,,retail,1,0,1,,,
502,1790,,bonus,1,0,1,,,
503,1660,,retail,1,0,1,,,
503,1314,,retail,1,0,1,,,
503,1661,,retail,1,0,1,,,
503,1662,,retail,1,0,1,,,
503,1663,,retail,1,0,2,,,
503,1761,,retail,1,0,1,,,
503,1783,,bonus,1,0,1,,,
504,1664,,retail,1,0,1,,,
504,1665,,retail,1,0,1,,,
504,1666,,retail,1,0,1,,,
504,1667,,retail,1,0,1,,,
504,1668,,retail,1,0,2,,,
504,1760,,retail,1,0,1,,,
504,1782,,bonus,1,0,1,,,
505,1669,,retail,1,0,1,,,
505,1670,,retail,1,0,1,,,
505,1671,,retail,1,0,1,,,
505,1672,,retail,1,0,1,,,
505,1673,,retail,1,0,2,,,
505,1763,,retail,1,0,1,,,
505,1785,,bonus,1,0,1,,,
506,1674,,retail,1,0,1,,,
506,1675,,retail,1,0,1,,,
506,1676,,retail,1,0,1,,,
506,1677,,retail,1,0,1,,,
506,1678,,retail,1,0,2,,,
506,1679,,retail,1,0,1,,,
506,1160,,retail,1,0,2,,,
506,1752,,retail,1,0,1,,,
506,1774,,bonus,1,0,1,,,
507,1680,,retail,1,0,1,,,
507,1681,,retail,1,0,1,,,
507,1682,,retail,1,0,1,,,
507,1683,,retail,1,0,1,,,
507,1684,,retail,1,0,2,,,
507,1766,,retail,1,0,1,,,
507,1788,,bonus,1,0,1,,,
508,1685,,retail,1,0,1,,,
508,1686,,retail,1,0,1,,,
508,1687,,retail,1,0,1,,,
508,1688,,retail,1,0,1,,,
508,1689,,retail,1,0,1,,,
508,1690,,retail,1,0,1,,,
508,1691,,retail,1,0,2,,,
508,1762,,retail,1,0,1,,,
508,1784,,bonus,1,0,1,,,
509,1692,,retail,1,0,1,,,
509,1693,,retail,1,0,1,,,
509,1694,,retail,1,0,1,,,
509,1695,,retail,1,0,1,,,
509,1696,,retail,1,0,1,,,
509,1697,,retail,1,0,1,,,
509,1698,,retail,1,0,1,,,
509,1699,,retail,1,0,1,,,
509,1299,,retail,1,0,1,,,
509,1700,,retail,1,0,2,,,
509,1701,,retail,1,0,2,,,
509,1753,,retail,1,0,1,,,
509,1758,,retail,1,0,1,,,
509,1775,,bonus,1,0,1,,,
509,1780,,bonus,1,0,1,,,
510,1692,,retail,1,0,1,,,
510,1694,,retail,1,0,1,,,
510,1696,,retail,1,0,1,,,
510,1698,,retail,1,0,1,,,
510,1299,,retail,1,0,1,,,
510,1700,,retail,1,0,1,,,
510,1753,,retail,1,0,1,,,
510,1775,,bonus,1,0,1,,,
511,629,,retail,1,0,1,,,
511,734,,retail,1,0,1,,,
511,665,,retail,1,0,1,,,
511,393,,retail,1,0,1,,,
511,1272,,retail,1,0,1,,,
511,596,,retail,1,0,1,,,
511,1746,,retail,1,0,1,,,
511,1769,,bonus,1,0,1,,,
512,1702,,retail,1,0,1,,,
512,1703,,retail,1,0,1,,,
512,1284,,retail,1,0,1,,,
512,1457,,retail,1,0,1,,,
512,1458,,retail,1,0,1,,,
512,1459,,retail,1,0,1,,,
512,1704,,retail,1,0,1,,,
512,1461,,retail,1,0,1,,,
512,1752,,retail,1,0,1,,,
512,1774,,bonus,1,0,1,,,
513,1705,,retail,1,0,1,,,
513,1706,,retail,1,0,1,,,
513,1707,,retail,1,0,1,,,
513,1708,,retail,1,0,1,,,
513,1709,,retail,1,0,1,,,
513,1710,,retail,1,0,1,,,
513,1274,,retail,1,0,2,,,
513,1796,,retail,1,0,1,,,
514,1711,,retail,1,0,1,,,
514,629,,retail,1,0,1,,,
514,432,,retail,1,0,1,,,
514,692,,retail,1,0,1,,,
514,1272,,retail,1,0,1,,,
514,1712,,retail,1,0,1,,,
514,1274,,retail,1,0,2,,,
514,1713,,retail,1,0,2,,,
514,1746,,retail,1,0,1,,,
514,1769,,bonus,1,0,1,,,
515,1714,,retail,1,0,1,,,
515,1715,,retail,1,0,1,,,
515,1716,,retail,1,0,1,,,
515,1717,,retail,1,0,2,,,
515,1718,,retail,1,0,1,,,
515,1763,,retail,1,0,1,,,
515,1785,,bonus,1,0,1,,,
516,1719,,retail,1,0,1,,,
516,1720,,retail,1,0,1,,,
516,1721,,retail,1,0,1,,,
516,1722,,retail,1,0,1,,,
516,1723,,retail,1,0,1,,,
516,1724,,retail,1,0,2,,,
516,1764,,retail,1,0,1,,,
516,1786,,bonus,1,0,1,,,
517,1725,,retail,1,0,1,,,
517,1726,,retail,1,0,1,,,
517,1727,,retail,1,0,1,,,
517,1728,,retail,1,0,1,,,
517,1729,,retail,1,0,1,,,
517,1730,,retail,1,0,2,,,
517,1749,,retail,1,0,1,,,
517,1772,,bonus,1,0,1,,,
518,1731,,retail,1,0,1,,,
518,1732,,retail,1,0,1,,,
518,1733,,retail,1,0,1,,,
519,1242,,retail,1,0,1,,,
519,1243,,retail,1,0,1,,,
519,457,,retail,1,0,1,,,
519,596,,retail,1,0,1,,,
519,1734,,retail,1,0,1,,,
519,1274,,retail,1,0,2,,,
519,1746,,retail,1,0,1,,,
519,1769,,bonus,1,0,1,,,
520,1735,,retail,1,0,1,,,
520,1736,,retail,1,0,1,,,
520,1737,,retail,1,0,1,,,
520,1738,,retail,1,0,1,,,
520,1739,,retail,1,0,1,,,
520,1740,,retail,1,0,2,,,
520,1763,,retail,1,0,1,,,
520,1785,,bonus,1,0,1,,,
522,1741,,retail,1,0,1,,,
522,1742,,retail,1,0,1,,,
522,1743,,retail,1,0,1,,,
522,1744,,retail,1,0,1,,,
522,1159,,retail,1,0,1,,,
522,1745,,retail,1,0,1,,,
522,1761,,retail,1,0,1,,,
522,1783,,bonus,1,0,1,,,
523,662,,retail,1,0,1,,,
139,692,,convention,1,0,1,,,
139,807,,convention,1,0,1,,,
142,758,,convention,1,0,1,,,
142,759,,convention,1,0,1,,,
152,647,,convention,1,0,1,,,
152,652,,convention,1,0,1,,,
240,626,,convention,1,0,1,,,
240,614,,convention,1,0,1,,,
241,552,,convention,1,0,2,,,
241,778,,convention,1,0,1,,,
81,633,,retail,1,0,1,,,
81,556,,retail,1,0,1,,,
115,787,,convention,1,0,1,,,
115,793,,convention,1,0,1,,,
89,701,,convention,1,0,1,,,
89,702,,convention,1,0,1,,,
42,533,,retail,1,0,1,,,
42,534,,retail,1,0,1,,,
202,784,,retail,1,0,1,,,
202,785,,retail,1,0,1,,,
127,822,,convention,1,0,1,,,
127,759,,convention,1,0,1,,,
158,614,,retail,1,0,1,,,
158,615,,retail,1,0,1,,,
524,188,,retail,1,0,1,,,
524,190,,retail,1,0,1,,,
524,192,,retail,1,0,1,,,
64,120,,retail,1,0,1,,,
64,121,,retail,1,0,1,,,
64,122,,retail,1,0,1,,,
64,123,,retail,1,0,1,,,
64,124,,retail,1,0,1,,,
152,1804,,convention,1,0,1,,,
525,692,,retail,1,0,1,,,
525,807,,retail,1,0,1,,,
